#
# There is insufficient memory for the Java Runtime Environment to continue.
# Native memory allocation (mmap) failed to map 239075328 bytes for Failed to commit area from 0x00000000b8c00000 to 0x00000000c7000000 of length 239075328.
# Possible reasons:
#   The system is out of physical RAM or swap space
#   The process is running with CompressedOops enabled, and the Java Heap may be blocking the growth of the native heap
# Possible solutions:
#   Reduce memory load on the system
#   Increase physical memory or swap space
#   Check if swap backing store is full
#   Decrease Java heap size (-Xmx/-Xms)
#   Decrease number of Java threads
#   Decrease Java thread stack sizes (-Xss)
#   Set larger code cache with -XX:ReservedCodeCacheSize=
#   JVM is running with Unscaled Compressed Oops mode in which the Java heap is
#     placed in the first 4GB address space. The Java Heap base address is the
#     maximum limit for the native heap growth. Please use -XX:HeapBaseMinAddress
#     to set the Java Heap base and to place the Java Heap above 4GB virtual address.
# This output file may be truncated or incomplete.
#
#  Out of Memory Error (os_windows.cpp:3408), pid=33960, tid=0x000000000000a2a4
#
# JRE version: Java(TM) SE Runtime Environment (8.0_411) (build 1.8.0_411-b09)
# Java VM: Java HotSpot(TM) 64-Bit Server VM (25.411-b09 mixed mode windows-amd64 compressed oops)
# Failed to write core dump. Minidumps are not enabled by default on client versions of Windows
#

---------------  T H R E A D  ---------------

Current thread (0x000000001e954000):  VMThread [stack: 0x000000001f8f0000,0x000000001f9f0000] [id=41636]

Stack: [0x000000001f8f0000,0x000000001f9f0000]
[error occurred during error reporting (printing stack bounds), id 0xc0000005]

Native frames: (J=compiled Java code, j=interpreted, Vv=VM code, C=native code)
V  [jvm.dll+0x3540d9]
V  [jvm.dll+0x291062]
V  [jvm.dll+0x291c2d]
V  [jvm.dll+0x2afbd6]
V  [jvm.dll+0x2b08c0]
V  [jvm.dll+0x353d38]
C  [ntdll.dll+0x1663df]
C  [ntdll.dll+0x19497]
C  [ntdll.dll+0x165d1e]
C  0x0000000004070b4a

VM_Operation (0x000000002811e6e0): G1IncCollectionPause, mode: safepoint, requested by thread 0x000000001eb50800


---------------  P R O C E S S  ---------------

Java Threads: ( => current thread )
  0x000000002adb2800 JavaThread "Worker-36" [_thread_blocked, id=41944, stack(0x0000000038680000,0x0000000038780000)]
  0x000000002adb1800 JavaThread "Worker-35: Load https://raw.githubusercontent.com/eclipse-jdt/eclipse.jdt.ui/master/org.eclipse.jdt.ui.setup/JdtUIConfiguration.setup" [_thread_blocked, id=37580, stack(0x00000000387b0000,0x00000000388b0000)]
  0x000000002adaf800 JavaThread "Worker-34" [_thread_blocked, id=32640, stack(0x0000000038580000,0x0000000038680000)]
  0x000000002adae000 JavaThread "Worker-33" [_thread_blocked, id=15540, stack(0x0000000038480000,0x0000000038580000)]
  0x000000002adb1000 JavaThread "Worker-32" [_thread_blocked, id=41024, stack(0x0000000038250000,0x0000000038350000)]
  0x000000002adae800 JavaThread "Worker-31" [_thread_blocked, id=34152, stack(0x0000000038380000,0x0000000038480000)]
  0x000000002adab000 JavaThread "Worker-30" [_thread_blocked, id=41880, stack(0x0000000038150000,0x0000000038250000)]
  0x000000002adad000 JavaThread "Worker-29" [_thread_blocked, id=40740, stack(0x0000000038050000,0x0000000038150000)]
  0x000000002adab800 JavaThread "Worker-28" [_thread_blocked, id=41936, stack(0x0000000037e30000,0x0000000037f30000)]
  0x000000002adac800 JavaThread "Worker-27" [_thread_blocked, id=41972, stack(0x0000000037f50000,0x0000000038050000)]
  0x000000002ada7000 JavaThread "Worker-26" [_thread_blocked, id=12736, stack(0x0000000037d30000,0x0000000037e30000)]
  0x000000002ada8000 JavaThread "Worker-25" [_thread_blocked, id=11584, stack(0x0000000037c30000,0x0000000037d30000)]
  0x000000002adaa000 JavaThread "Worker-24" [_thread_blocked, id=40124, stack(0x0000000037780000,0x0000000037880000)]
  0x000000002ada9800 JavaThread "Worker-23" [_thread_blocked, id=13120, stack(0x0000000037890000,0x0000000037990000)]
  0x000000002a535000 JavaThread "Worker-22" [_thread_blocked, id=20584, stack(0x0000000037680000,0x0000000037780000)]
  0x000000002902f800 JavaThread "Worker-21" [_thread_blocked, id=30572, stack(0x0000000037580000,0x0000000037680000)]
  0x000000002902b000 JavaThread "Worker-20" [_thread_blocked, id=30236, stack(0x0000000037480000,0x0000000037580000)]
  0x000000002902d800 JavaThread "Worker-19" [_thread_blocked, id=41888, stack(0x0000000037380000,0x0000000037480000)]
  0x000000002972d000 JavaThread "Worker-18" [_thread_blocked, id=38348, stack(0x0000000037280000,0x0000000037380000)]
  0x000000002972e800 JavaThread "Worker-17" [_thread_blocked, id=41868, stack(0x0000000037180000,0x0000000037280000)]
  0x000000002972c800 JavaThread "Worker-16" [_thread_blocked, id=12344, stack(0x0000000037080000,0x0000000037180000)]
  0x0000000029728800 JavaThread "Worker-15" [_thread_blocked, id=39948, stack(0x0000000036d20000,0x0000000036e20000)]
  0x000000002bd36800 JavaThread "Worker-14" [_thread_blocked, id=41852, stack(0x0000000036e80000,0x0000000036f80000)]
  0x000000002bd34000 JavaThread "Worker-13" [_thread_blocked, id=15116, stack(0x00000000369c0000,0x0000000036ac0000)]
  0x000000002bd2c800 JavaThread "Worker-12" [_thread_blocked, id=13856, stack(0x00000000368c0000,0x00000000369c0000)]
  0x0000000029727000 JavaThread "FileStoreAttributeReader-1" daemon [_thread_blocked, id=11328, stack(0x0000000034c90000,0x0000000034d90000)]
  0x0000000029725800 JavaThread "pool-4-thread-1" [_thread_blocked, id=28004, stack(0x00000000340a0000,0x00000000341a0000)]
  0x0000000029725000 JavaThread "pool-3-thread-1" [_thread_blocked, id=35936, stack(0x0000000033d30000,0x0000000033e30000)]
  0x000000002a530800 JavaThread "Worker-11" [_thread_blocked, id=30048, stack(0x0000000033830000,0x0000000033930000)]
  0x000000002a532000 JavaThread "Worker-10" [_thread_blocked, id=31940, stack(0x0000000033730000,0x0000000033830000)]
  0x000000002a533800 JavaThread "Worker-9" [_thread_blocked, id=23344, stack(0x0000000033630000,0x0000000033730000)]
  0x000000002a532800 JavaThread "Worker-8" [_thread_blocked, id=28952, stack(0x0000000033530000,0x0000000033630000)]
  0x000000002a52f800 JavaThread "Worker-7" [_thread_blocked, id=40648, stack(0x0000000033430000,0x0000000033530000)]
  0x000000002a52e000 JavaThread "Worker-6" [_thread_blocked, id=29676, stack(0x0000000033330000,0x0000000033430000)]
  0x000000002a531000 JavaThread "Timer-1" [_thread_blocked, id=15072, stack(0x0000000033230000,0x0000000033330000)]
  0x000000002a52d800 JavaThread "Worker-5" [_thread_blocked, id=41276, stack(0x0000000033130000,0x0000000033230000)]
  0x000000002a52f000 JavaThread "Worker-4" [_thread_blocked, id=31980, stack(0x0000000033030000,0x0000000033130000)]
  0x000000002a52c800 JavaThread "Worker-3" [_thread_blocked, id=10012, stack(0x0000000032f30000,0x0000000033030000)]
  0x000000002a529000 JavaThread "Worker-2: Load https://raw.githubusercontent.com/eclipse-cdt/cdt/main/releng/CDTConfiguration.setup" [_thread_blocked, id=40240, stack(0x0000000032e30000,0x0000000032f30000)]
  0x000000002a52b000 JavaThread "Worker-1: Setup check" [_thread_blocked, id=40604, stack(0x0000000032d30000,0x0000000032e30000)]
  0x000000002a52a800 JavaThread "EventAdmin Async Event Dispatcher Thread" daemon [_thread_blocked, id=33324, stack(0x0000000032c30000,0x0000000032d30000)]
  0x000000002a52c000 JavaThread "Java indexing" daemon [_thread_blocked, id=39728, stack(0x000000002e7a0000,0x000000002e8a0000)]
  0x000000002a527800 JavaThread "Git Repository Closer" daemon [_thread_blocked, id=34292, stack(0x000000002a960000,0x000000002aa60000)]
  0x000000001eb51000 JavaThread "Bundle File Closer" daemon [_thread_blocked, id=41452, stack(0x0000000024ef0000,0x0000000024ff0000)]
  0x000000001eb50800 JavaThread "Worker-0: Load https://raw.githubusercontent.com/EclipseNebula/nebula/master/configuration.setup" [_thread_blocked, id=40920, stack(0x0000000028020000,0x0000000028120000)]
  0x000000001eb53800 JavaThread "Gogo shell" [_thread_blocked, id=40452, stack(0x0000000024ff0000,0x00000000250f0000)]
  0x0000000022281000 JavaThread "EMF Reference Cleaner" daemon [_thread_blocked, id=20608, stack(0x0000000024bf0000,0x0000000024cf0000)]
  0x0000000022849000 JavaThread "Worker-JM" [_thread_blocked, id=41008, stack(0x0000000024af0000,0x0000000024bf0000)]
  0x0000000022839000 JavaThread "SCR Component Actor" daemon [_thread_blocked, id=41808, stack(0x0000000024400000,0x0000000024500000)]
  0x00000000224b4800 JavaThread "Start Level: Equinox Container: 8a9a896c-8b45-4228-9e24-e4c05f35b66e" daemon [_thread_blocked, id=41896, stack(0x0000000023130000,0x0000000023230000)]
  0x0000000020fe5800 JavaThread "Framework Event Dispatcher: Equinox Container: 8a9a896c-8b45-4228-9e24-e4c05f35b66e" daemon [_thread_blocked, id=41740, stack(0x0000000023030000,0x0000000023130000)]
  0x0000000021f0f000 JavaThread "Active Thread: Equinox Container: 8a9a896c-8b45-4228-9e24-e4c05f35b66e" [_thread_blocked, id=37280, stack(0x0000000022f30000,0x0000000023030000)]
  0x000000001edc7800 JavaThread "Service Thread" daemon [_thread_blocked, id=40776, stack(0x0000000021b60000,0x0000000021c60000)]
  0x000000001eb4d800 JavaThread "C1 CompilerThread11" daemon [_thread_blocked, id=40772, stack(0x0000000020a90000,0x0000000020b90000)]
  0x000000001eb4c800 JavaThread "C1 CompilerThread10" daemon [_thread_blocked, id=41104, stack(0x0000000020990000,0x0000000020a90000)]
  0x000000001eb4f800 JavaThread "C1 CompilerThread9" daemon [_thread_blocked, id=40928, stack(0x0000000020890000,0x0000000020990000)]
  0x000000001eb4f000 JavaThread "C1 CompilerThread8" daemon [_thread_blocked, id=40476, stack(0x0000000020790000,0x0000000020890000)]
  0x000000001eb4e000 JavaThread "C2 CompilerThread7" daemon [_thread_blocked, id=41120, stack(0x0000000020690000,0x0000000020790000)]
  0x000000001eb38000 JavaThread "C2 CompilerThread6" daemon [_thread_blocked, id=33768, stack(0x0000000020590000,0x0000000020690000)]
  0x000000001eb25000 JavaThread "C2 CompilerThread5" daemon [_thread_blocked, id=39964, stack(0x0000000020490000,0x0000000020590000)]
  0x000000001eb24000 JavaThread "C2 CompilerThread4" daemon [_thread_blocked, id=40332, stack(0x0000000020390000,0x0000000020490000)]
  0x000000001eacb800 JavaThread "C2 CompilerThread3" daemon [_thread_blocked, id=2328, stack(0x0000000020290000,0x0000000020390000)]
  0x000000001eacb000 JavaThread "C2 CompilerThread2" daemon [_thread_blocked, id=41728, stack(0x0000000020190000,0x0000000020290000)]
  0x000000001eaca000 JavaThread "C2 CompilerThread1" daemon [_thread_blocked, id=41784, stack(0x0000000020090000,0x0000000020190000)]
  0x000000001eac4800 JavaThread "C2 CompilerThread0" daemon [_thread_blocked, id=30728, stack(0x000000001ff90000,0x0000000020090000)]
  0x000000001e9fd000 JavaThread "Attach Listener" daemon [_thread_blocked, id=37388, stack(0x000000001fe90000,0x000000001ff90000)]
  0x000000001e9fc000 JavaThread "Signal Dispatcher" daemon [_thread_blocked, id=15140, stack(0x000000001fd90000,0x000000001fe90000)]
  0x000000001e9fb800 JavaThread "Surrogate Locker Thread (Concurrent GC)" daemon [_thread_blocked, id=34916, stack(0x000000001fc90000,0x000000001fd90000)]
  0x000000001e97e000 JavaThread "Finalizer" daemon [_thread_blocked, id=40804, stack(0x000000001faf0000,0x000000001fbf0000)]
  0x000000001e978000 JavaThread "Reference Handler" daemon [_thread_blocked, id=28912, stack(0x000000001f9f0000,0x000000001faf0000)]
  0x000000000141b800 JavaThread "main" [_thread_blocked, id=28000, stack(0x0000000000ef0000,0x0000000000ff0000)]

Other Threads:
=>0x000000001e954000 VMThread [stack: 0x000000001f8f0000,0x000000001f9f0000] [id=41636]
  0x0000000020c34800 WatcherThread [stack: 0x0000000021c60000,0x0000000021d60000] [id=40144]

VM state:at safepoint (normal execution)

VM Mutex/Monitor currently owned by a thread:  ([mutex/lock_event])
[0x0000000001419100] Threads_lock - owner thread: 0x000000001e954000
[0x0000000001419a80] Heap_lock - owner thread: 0x000000001eb50800

heap address: 0x0000000080000000, size: 2048 MB, Compressed Oops mode: 32-bit
Narrow klass base: 0x0000000000000000, Narrow klass shift: 3
Compressed class space size: 1073741824 Address: 0x0000000100000000

Heap:
 garbage-first heap   total 1163264K, used 183245K [0x0000000080000000, 0x0000000080102380, 0x0000000100000000)
  region size 1024K, 9 young (9216K), 9 survivors (9216K)
 Metaspace       used 104851K, capacity 116638K, committed 116816K, reserved 1148928K
  class space    used 13476K, capacity 16890K, committed 16980K, reserved 1048576K

Heap Regions: (E=young(eden), S=young(survivor), O=old, HS=humongous(starts), HC=humongous(continues), CS=collection set, F=free, TS=gc time stamp, PTAMS=previous top-at-mark-start, NTAMS=next top-at-mark-start)
AC   0  O    TS     0 PTAMS 0x0000000080100000 NTAMS 0x0000000080100000 space 1024K, 100% used [0x0000000080000000, 0x0000000080100000)
AC   0  O    TS     0 PTAMS 0x0000000080200000 NTAMS 0x0000000080200000 space 1024K, 100% used [0x0000000080100000, 0x0000000080200000)
AC   0  O    TS     0 PTAMS 0x0000000080300000 NTAMS 0x0000000080300000 space 1024K, 100% used [0x0000000080200000, 0x0000000080300000)
AC   0  O    TS     0 PTAMS 0x0000000080400000 NTAMS 0x0000000080400000 space 1024K, 100% used [0x0000000080300000, 0x0000000080400000)
AC   0  O    TS     0 PTAMS 0x0000000080500000 NTAMS 0x0000000080500000 space 1024K, 100% used [0x0000000080400000, 0x0000000080500000)
AC   0  O    TS     0 PTAMS 0x0000000080600000 NTAMS 0x0000000080600000 space 1024K, 100% used [0x0000000080500000, 0x0000000080600000)
AC   0  O    TS     0 PTAMS 0x0000000080700000 NTAMS 0x0000000080700000 space 1024K, 100% used [0x0000000080600000, 0x0000000080700000)
AC   0  O    TS     0 PTAMS 0x0000000080800000 NTAMS 0x0000000080800000 space 1024K, 100% used [0x0000000080700000, 0x0000000080800000)
AC   0  O    TS     0 PTAMS 0x0000000080900000 NTAMS 0x0000000080900000 space 1024K, 100% used [0x0000000080800000, 0x0000000080900000)
AC   0  O    TS     0 PTAMS 0x0000000080a00000 NTAMS 0x0000000080a00000 space 1024K, 100% used [0x0000000080900000, 0x0000000080a00000)
AC   0  O    TS     0 PTAMS 0x0000000080b00000 NTAMS 0x0000000080b00000 space 1024K, 100% used [0x0000000080a00000, 0x0000000080b00000)
AC   0  O    TS     0 PTAMS 0x0000000080c00000 NTAMS 0x0000000080c00000 space 1024K, 100% used [0x0000000080b00000, 0x0000000080c00000)
AC   0  O    TS     0 PTAMS 0x0000000080d00000 NTAMS 0x0000000080d00000 space 1024K, 100% used [0x0000000080c00000, 0x0000000080d00000)
AC   0  O    TS     0 PTAMS 0x0000000080e00000 NTAMS 0x0000000080e00000 space 1024K, 100% used [0x0000000080d00000, 0x0000000080e00000)
AC   0  O    TS     0 PTAMS 0x0000000080f00000 NTAMS 0x0000000080f00000 space 1024K, 100% used [0x0000000080e00000, 0x0000000080f00000)
AC   0  O    TS     0 PTAMS 0x0000000081000000 NTAMS 0x0000000081000000 space 1024K, 100% used [0x0000000080f00000, 0x0000000081000000)
AC   0  O    TS     0 PTAMS 0x0000000081100000 NTAMS 0x0000000081100000 space 1024K, 100% used [0x0000000081000000, 0x0000000081100000)
AC   0  O    TS     0 PTAMS 0x0000000081200000 NTAMS 0x0000000081200000 space 1024K, 100% used [0x0000000081100000, 0x0000000081200000)
AC   0  O    TS     0 PTAMS 0x0000000081300000 NTAMS 0x0000000081300000 space 1024K, 100% used [0x0000000081200000, 0x0000000081300000)
AC   0  O    TS     0 PTAMS 0x0000000081400000 NTAMS 0x0000000081400000 space 1024K, 100% used [0x0000000081300000, 0x0000000081400000)
AC   0  O    TS     0 PTAMS 0x0000000081500000 NTAMS 0x0000000081500000 space 1024K, 100% used [0x0000000081400000, 0x0000000081500000)
AC   0  O    TS     0 PTAMS 0x0000000081600000 NTAMS 0x0000000081600000 space 1024K, 100% used [0x0000000081500000, 0x0000000081600000)
AC   0  O    TS     0 PTAMS 0x0000000081700000 NTAMS 0x0000000081700000 space 1024K, 100% used [0x0000000081600000, 0x0000000081700000)
AC   0  O    TS     0 PTAMS 0x0000000081800000 NTAMS 0x0000000081800000 space 1024K, 100% used [0x0000000081700000, 0x0000000081800000)
AC   0  O    TS     0 PTAMS 0x0000000081900000 NTAMS 0x0000000081900000 space 1024K, 100% used [0x0000000081800000, 0x0000000081900000)
AC   0  O    TS     0 PTAMS 0x0000000081a00000 NTAMS 0x0000000081a00000 space 1024K, 100% used [0x0000000081900000, 0x0000000081a00000)
AC   0  O    TS     0 PTAMS 0x0000000081b00000 NTAMS 0x0000000081b00000 space 1024K, 100% used [0x0000000081a00000, 0x0000000081b00000)
AC   0  O    TS     0 PTAMS 0x0000000081c00000 NTAMS 0x0000000081c00000 space 1024K, 100% used [0x0000000081b00000, 0x0000000081c00000)
AC   0  O    TS     0 PTAMS 0x0000000081d00000 NTAMS 0x0000000081d00000 space 1024K, 100% used [0x0000000081c00000, 0x0000000081d00000)
AC   0  O    TS     0 PTAMS 0x0000000081e00000 NTAMS 0x0000000081e00000 space 1024K, 100% used [0x0000000081d00000, 0x0000000081e00000)
AC   0  O    TS     0 PTAMS 0x0000000081f00000 NTAMS 0x0000000081f00000 space 1024K, 100% used [0x0000000081e00000, 0x0000000081f00000)
AC   0  O    TS     0 PTAMS 0x0000000082000000 NTAMS 0x0000000082000000 space 1024K, 100% used [0x0000000081f00000, 0x0000000082000000)
AC   0  O    TS     0 PTAMS 0x0000000082100000 NTAMS 0x0000000082100000 space 1024K, 100% used [0x0000000082000000, 0x0000000082100000)
AC   0  O    TS     0 PTAMS 0x0000000082200000 NTAMS 0x0000000082200000 space 1024K, 100% used [0x0000000082100000, 0x0000000082200000)
AC   0  O    TS     0 PTAMS 0x0000000082300000 NTAMS 0x0000000082300000 space 1024K, 100% used [0x0000000082200000, 0x0000000082300000)
AC   0  O    TS     0 PTAMS 0x0000000082400000 NTAMS 0x0000000082400000 space 1024K, 100% used [0x0000000082300000, 0x0000000082400000)
AC   0  O    TS     0 PTAMS 0x0000000082500000 NTAMS 0x0000000082500000 space 1024K, 100% used [0x0000000082400000, 0x0000000082500000)
AC   0  O    TS     0 PTAMS 0x0000000082600000 NTAMS 0x0000000082600000 space 1024K, 100% used [0x0000000082500000, 0x0000000082600000)
AC   0  O    TS     0 PTAMS 0x0000000082700000 NTAMS 0x0000000082700000 space 1024K, 100% used [0x0000000082600000, 0x0000000082700000)
AC   0  O    TS     0 PTAMS 0x0000000082800000 NTAMS 0x0000000082800000 space 1024K, 100% used [0x0000000082700000, 0x0000000082800000)
AC   0  O    TS     0 PTAMS 0x0000000082900000 NTAMS 0x0000000082900000 space 1024K, 100% used [0x0000000082800000, 0x0000000082900000)
AC   0  O    TS     0 PTAMS 0x0000000082a00000 NTAMS 0x0000000082a00000 space 1024K, 100% used [0x0000000082900000, 0x0000000082a00000)
AC   0  O    TS     0 PTAMS 0x0000000082b00000 NTAMS 0x0000000082b00000 space 1024K, 100% used [0x0000000082a00000, 0x0000000082b00000)
AC   0  O    TS     0 PTAMS 0x0000000082c00000 NTAMS 0x0000000082c00000 space 1024K, 100% used [0x0000000082b00000, 0x0000000082c00000)
AC   0  O    TS     0 PTAMS 0x0000000082d00000 NTAMS 0x0000000082d00000 space 1024K, 100% used [0x0000000082c00000, 0x0000000082d00000)
AC   0  O    TS     0 PTAMS 0x0000000082e00000 NTAMS 0x0000000082e00000 space 1024K, 100% used [0x0000000082d00000, 0x0000000082e00000)
AC   0  O    TS     0 PTAMS 0x0000000082f00000 NTAMS 0x0000000082f00000 space 1024K, 100% used [0x0000000082e00000, 0x0000000082f00000)
AC   0  O    TS     0 PTAMS 0x0000000083000000 NTAMS 0x0000000083000000 space 1024K, 100% used [0x0000000082f00000, 0x0000000083000000)
AC   0  O    TS     0 PTAMS 0x0000000083100000 NTAMS 0x0000000083100000 space 1024K, 100% used [0x0000000083000000, 0x0000000083100000)
AC   0  O    TS     0 PTAMS 0x0000000083200000 NTAMS 0x0000000083200000 space 1024K, 100% used [0x0000000083100000, 0x0000000083200000)
AC   0  F    TS     0 PTAMS 0x0000000083200000 NTAMS 0x0000000083200000 space 1024K,   0% used [0x0000000083200000, 0x0000000083300000)
AC   0  O    TS     0 PTAMS 0x0000000083400000 NTAMS 0x0000000083400000 space 1024K, 100% used [0x0000000083300000, 0x0000000083400000)
AC   0  O    TS     0 PTAMS 0x0000000083500000 NTAMS 0x0000000083500000 space 1024K, 100% used [0x0000000083400000, 0x0000000083500000)
AC   0  O    TS     0 PTAMS 0x0000000083600000 NTAMS 0x0000000083600000 space 1024K, 100% used [0x0000000083500000, 0x0000000083600000)
AC   0  O    TS     0 PTAMS 0x0000000083700000 NTAMS 0x0000000083700000 space 1024K, 100% used [0x0000000083600000, 0x0000000083700000)
AC   0  O    TS     0 PTAMS 0x0000000083800000 NTAMS 0x0000000083800000 space 1024K, 100% used [0x0000000083700000, 0x0000000083800000)
AC   0  O    TS     0 PTAMS 0x0000000083900000 NTAMS 0x0000000083900000 space 1024K, 100% used [0x0000000083800000, 0x0000000083900000)
AC   0  O    TS     0 PTAMS 0x0000000083a00000 NTAMS 0x0000000083a00000 space 1024K, 100% used [0x0000000083900000, 0x0000000083a00000)
AC   0  F    TS     0 PTAMS 0x0000000083a00000 NTAMS 0x0000000083a00000 space 1024K,   0% used [0x0000000083a00000, 0x0000000083b00000)
AC   0  O    TS     0 PTAMS 0x0000000083c00000 NTAMS 0x0000000083c00000 space 1024K, 100% used [0x0000000083b00000, 0x0000000083c00000)
AC   0  F    TS     0 PTAMS 0x0000000083c00000 NTAMS 0x0000000083c00000 space 1024K,   0% used [0x0000000083c00000, 0x0000000083d00000)
AC   0  O    TS     0 PTAMS 0x0000000083e00000 NTAMS 0x0000000083e00000 space 1024K, 100% used [0x0000000083d00000, 0x0000000083e00000)
AC   0  O    TS     0 PTAMS 0x0000000083f00000 NTAMS 0x0000000083f00000 space 1024K, 100% used [0x0000000083e00000, 0x0000000083f00000)
AC   0  O    TS     0 PTAMS 0x0000000084000000 NTAMS 0x0000000084000000 space 1024K, 100% used [0x0000000083f00000, 0x0000000084000000)
AC   0  O    TS     0 PTAMS 0x0000000084100000 NTAMS 0x0000000084100000 space 1024K, 100% used [0x0000000084000000, 0x0000000084100000)
AC   0  O    TS     0 PTAMS 0x0000000084200000 NTAMS 0x0000000084200000 space 1024K, 100% used [0x0000000084100000, 0x0000000084200000)
AC   0  O    TS     0 PTAMS 0x0000000084300000 NTAMS 0x0000000084300000 space 1024K, 100% used [0x0000000084200000, 0x0000000084300000)
AC   0  O    TS     0 PTAMS 0x0000000084400000 NTAMS 0x0000000084400000 space 1024K, 100% used [0x0000000084300000, 0x0000000084400000)
AC   0  O    TS     0 PTAMS 0x0000000084500000 NTAMS 0x0000000084500000 space 1024K, 100% used [0x0000000084400000, 0x0000000084500000)
AC   0  O    TS     0 PTAMS 0x0000000084600000 NTAMS 0x0000000084600000 space 1024K, 100% used [0x0000000084500000, 0x0000000084600000)
AC   0  O    TS     0 PTAMS 0x0000000084700000 NTAMS 0x0000000084700000 space 1024K, 100% used [0x0000000084600000, 0x0000000084700000)
AC   0  O    TS     0 PTAMS 0x0000000084800000 NTAMS 0x0000000084800000 space 1024K, 100% used [0x0000000084700000, 0x0000000084800000)
AC   0  O    TS     0 PTAMS 0x0000000084900000 NTAMS 0x0000000084900000 space 1024K, 100% used [0x0000000084800000, 0x0000000084900000)
AC   0  O    TS     0 PTAMS 0x0000000084a00000 NTAMS 0x0000000084a00000 space 1024K, 100% used [0x0000000084900000, 0x0000000084a00000)
AC   0  O    TS     0 PTAMS 0x0000000084b00000 NTAMS 0x0000000084b00000 space 1024K, 100% used [0x0000000084a00000, 0x0000000084b00000)
AC   0  O    TS     0 PTAMS 0x0000000084c00000 NTAMS 0x0000000084c00000 space 1024K, 100% used [0x0000000084b00000, 0x0000000084c00000)
AC   0  O    TS     0 PTAMS 0x0000000084d00000 NTAMS 0x0000000084d00000 space 1024K, 100% used [0x0000000084c00000, 0x0000000084d00000)
AC   0  O    TS     0 PTAMS 0x0000000084e00000 NTAMS 0x0000000084e00000 space 1024K, 100% used [0x0000000084d00000, 0x0000000084e00000)
AC   0  O    TS     0 PTAMS 0x0000000084f00000 NTAMS 0x0000000084f00000 space 1024K, 100% used [0x0000000084e00000, 0x0000000084f00000)
AC   0  O    TS     0 PTAMS 0x0000000085000000 NTAMS 0x0000000085000000 space 1024K, 100% used [0x0000000084f00000, 0x0000000085000000)
AC   0  F    TS     0 PTAMS 0x0000000085000000 NTAMS 0x0000000085000000 space 1024K,   0% used [0x0000000085000000, 0x0000000085100000)
AC   0  O    TS     0 PTAMS 0x0000000085200000 NTAMS 0x0000000085200000 space 1024K, 100% used [0x0000000085100000, 0x0000000085200000)
AC   0  O    TS     0 PTAMS 0x0000000085300000 NTAMS 0x0000000085300000 space 1024K, 100% used [0x0000000085200000, 0x0000000085300000)
AC   0  O    TS     0 PTAMS 0x0000000085400000 NTAMS 0x0000000085400000 space 1024K, 100% used [0x0000000085300000, 0x0000000085400000)
AC   0  O    TS     0 PTAMS 0x0000000085500000 NTAMS 0x0000000085500000 space 1024K, 100% used [0x0000000085400000, 0x0000000085500000)
AC   0  O    TS     0 PTAMS 0x0000000085600000 NTAMS 0x0000000085600000 space 1024K, 100% used [0x0000000085500000, 0x0000000085600000)
AC   0  O    TS     0 PTAMS 0x0000000085700000 NTAMS 0x0000000085700000 space 1024K, 100% used [0x0000000085600000, 0x0000000085700000)
AC   0  F    TS     0 PTAMS 0x0000000085700000 NTAMS 0x0000000085700000 space 1024K,   0% used [0x0000000085700000, 0x0000000085800000)
AC   0  O    TS     0 PTAMS 0x0000000085900000 NTAMS 0x0000000085900000 space 1024K, 100% used [0x0000000085800000, 0x0000000085900000)
AC   0  O    TS     0 PTAMS 0x0000000085a00000 NTAMS 0x0000000085a00000 space 1024K, 100% used [0x0000000085900000, 0x0000000085a00000)
AC   0 HS    TS     0 PTAMS 0x0000000085b22088 NTAMS 0x0000000085b22088 space 2048K,  56% used [0x0000000085a00000, 0x0000000085c00000)
AC   0 HC    TS     0 PTAMS 0x0000000085b00000 NTAMS 0x0000000085b00000 space 1024K,  13% used [0x0000000085b00000, 0x0000000085c00000)
AC   0  F    TS     0 PTAMS 0x0000000085c00000 NTAMS 0x0000000085c00000 space 1024K,   0% used [0x0000000085c00000, 0x0000000085d00000)
AC   0  O    TS     0 PTAMS 0x0000000085e00000 NTAMS 0x0000000085e00000 space 1024K, 100% used [0x0000000085d00000, 0x0000000085e00000)
AC   0  O    TS     0 PTAMS 0x0000000085f00000 NTAMS 0x0000000085f00000 space 1024K, 100% used [0x0000000085e00000, 0x0000000085f00000)
AC   0  O    TS     0 PTAMS 0x0000000086000000 NTAMS 0x0000000086000000 space 1024K, 100% used [0x0000000085f00000, 0x0000000086000000)
AC   0  O    TS     0 PTAMS 0x0000000086100000 NTAMS 0x0000000086100000 space 1024K, 100% used [0x0000000086000000, 0x0000000086100000)
AC   0  O    TS     0 PTAMS 0x0000000086200000 NTAMS 0x0000000086200000 space 1024K, 100% used [0x0000000086100000, 0x0000000086200000)
AC   0  O    TS     0 PTAMS 0x0000000086300000 NTAMS 0x0000000086300000 space 1024K, 100% used [0x0000000086200000, 0x0000000086300000)
AC   0  O    TS     0 PTAMS 0x0000000086400000 NTAMS 0x0000000086400000 space 1024K, 100% used [0x0000000086300000, 0x0000000086400000)
AC   0  O    TS     0 PTAMS 0x0000000086500000 NTAMS 0x0000000086500000 space 1024K, 100% used [0x0000000086400000, 0x0000000086500000)
AC   0 HS    TS     0 PTAMS 0x0000000086655660 NTAMS 0x0000000086655660 space 2048K,  66% used [0x0000000086500000, 0x0000000086700000)
AC   0 HC    TS     0 PTAMS 0x0000000086600000 NTAMS 0x0000000086600000 space 1024K,  33% used [0x0000000086600000, 0x0000000086700000)
AC   0  O    TS     0 PTAMS 0x0000000086800000 NTAMS 0x0000000086800000 space 1024K, 100% used [0x0000000086700000, 0x0000000086800000)
AC   0  O    TS     0 PTAMS 0x0000000086900000 NTAMS 0x0000000086900000 space 1024K, 100% used [0x0000000086800000, 0x0000000086900000)
AC   0  O    TS     0 PTAMS 0x0000000086a00000 NTAMS 0x0000000086a00000 space 1024K, 100% used [0x0000000086900000, 0x0000000086a00000)
AC   0  O    TS     0 PTAMS 0x0000000086b00000 NTAMS 0x0000000086b00000 space 1024K, 100% used [0x0000000086a00000, 0x0000000086b00000)
AC   0  O    TS     0 PTAMS 0x0000000086c00000 NTAMS 0x0000000086c00000 space 1024K, 100% used [0x0000000086b00000, 0x0000000086c00000)
AC   0  O    TS     0 PTAMS 0x0000000086d00000 NTAMS 0x0000000086d00000 space 1024K, 100% used [0x0000000086c00000, 0x0000000086d00000)
AC   0  O    TS     0 PTAMS 0x0000000086e00000 NTAMS 0x0000000086e00000 space 1024K, 100% used [0x0000000086d00000, 0x0000000086e00000)
AC   0  O    TS     0 PTAMS 0x0000000086f00000 NTAMS 0x0000000086f00000 space 1024K, 100% used [0x0000000086e00000, 0x0000000086f00000)
AC   0  O    TS     0 PTAMS 0x0000000087000000 NTAMS 0x0000000087000000 space 1024K, 100% used [0x0000000086f00000, 0x0000000087000000)
AC   0  O    TS     0 PTAMS 0x0000000087100000 NTAMS 0x0000000087100000 space 1024K, 100% used [0x0000000087000000, 0x0000000087100000)
AC   0  O    TS     0 PTAMS 0x0000000087200000 NTAMS 0x0000000087200000 space 1024K, 100% used [0x0000000087100000, 0x0000000087200000)
AC   0  O    TS     0 PTAMS 0x0000000087300000 NTAMS 0x0000000087300000 space 1024K, 100% used [0x0000000087200000, 0x0000000087300000)
AC   0  F    TS     0 PTAMS 0x0000000087300000 NTAMS 0x0000000087300000 space 1024K,   0% used [0x0000000087300000, 0x0000000087400000)
AC   0  O    TS     0 PTAMS 0x0000000087500000 NTAMS 0x0000000087500000 space 1024K, 100% used [0x0000000087400000, 0x0000000087500000)
AC   0  O    TS     0 PTAMS 0x0000000087600000 NTAMS 0x0000000087600000 space 1024K, 100% used [0x0000000087500000, 0x0000000087600000)
AC   0  O    TS     0 PTAMS 0x0000000087700000 NTAMS 0x0000000087700000 space 1024K, 100% used [0x0000000087600000, 0x0000000087700000)
AC   0  O    TS     0 PTAMS 0x0000000087800000 NTAMS 0x0000000087800000 space 1024K, 100% used [0x0000000087700000, 0x0000000087800000)
AC   0  O    TS     0 PTAMS 0x0000000087900000 NTAMS 0x0000000087900000 space 1024K, 100% used [0x0000000087800000, 0x0000000087900000)
AC   0  F    TS     0 PTAMS 0x0000000087900000 NTAMS 0x0000000087900000 space 1024K,   0% used [0x0000000087900000, 0x0000000087a00000)
AC   0  O    TS     0 PTAMS 0x0000000087b00000 NTAMS 0x0000000087b00000 space 1024K, 100% used [0x0000000087a00000, 0x0000000087b00000)
AC   0  O    TS     0 PTAMS 0x0000000087c00000 NTAMS 0x0000000087c00000 space 1024K, 100% used [0x0000000087b00000, 0x0000000087c00000)
AC   0  O    TS     0 PTAMS 0x0000000087d00000 NTAMS 0x0000000087d00000 space 1024K, 100% used [0x0000000087c00000, 0x0000000087d00000)
AC   0  O    TS     0 PTAMS 0x0000000087e00000 NTAMS 0x0000000087e00000 space 1024K, 100% used [0x0000000087d00000, 0x0000000087e00000)
AC   0  O    TS     0 PTAMS 0x0000000087f00000 NTAMS 0x0000000087f00000 space 1024K, 100% used [0x0000000087e00000, 0x0000000087f00000)
AC   0  O    TS     0 PTAMS 0x0000000088000000 NTAMS 0x0000000088000000 space 1024K, 100% used [0x0000000087f00000, 0x0000000088000000)
AC   0  O    TS     0 PTAMS 0x0000000088100000 NTAMS 0x0000000088100000 space 1024K, 100% used [0x0000000088000000, 0x0000000088100000)
AC   0  O    TS     0 PTAMS 0x0000000088200000 NTAMS 0x0000000088200000 space 1024K, 100% used [0x0000000088100000, 0x0000000088200000)
AC   0  O    TS     0 PTAMS 0x0000000088300000 NTAMS 0x0000000088300000 space 1024K, 100% used [0x0000000088200000, 0x0000000088300000)
AC   0  O    TS     0 PTAMS 0x0000000088400000 NTAMS 0x0000000088400000 space 1024K, 100% used [0x0000000088300000, 0x0000000088400000)
AC   0  O    TS     0 PTAMS 0x0000000088500000 NTAMS 0x0000000088500000 space 1024K, 100% used [0x0000000088400000, 0x0000000088500000)
AC   0  O    TS     0 PTAMS 0x0000000088600000 NTAMS 0x0000000088600000 space 1024K, 100% used [0x0000000088500000, 0x0000000088600000)
AC   0  O    TS     0 PTAMS 0x0000000088700000 NTAMS 0x0000000088700000 space 1024K, 100% used [0x0000000088600000, 0x0000000088700000)
AC   0  O    TS     0 PTAMS 0x0000000088800000 NTAMS 0x0000000088800000 space 1024K, 100% used [0x0000000088700000, 0x0000000088800000)
AC   0  O    TS     0 PTAMS 0x0000000088900000 NTAMS 0x0000000088900000 space 1024K, 100% used [0x0000000088800000, 0x0000000088900000)
AC   0  O    TS     0 PTAMS 0x0000000088a00000 NTAMS 0x0000000088a00000 space 1024K, 100% used [0x0000000088900000, 0x0000000088a00000)
AC   0  O    TS     0 PTAMS 0x0000000088b00000 NTAMS 0x0000000088b00000 space 1024K, 100% used [0x0000000088a00000, 0x0000000088b00000)
AC   0  O    TS     0 PTAMS 0x0000000088c00000 NTAMS 0x0000000088c00000 space 1024K, 100% used [0x0000000088b00000, 0x0000000088c00000)
AC   0  O    TS     0 PTAMS 0x0000000088d00000 NTAMS 0x0000000088d00000 space 1024K, 100% used [0x0000000088c00000, 0x0000000088d00000)
AC   0  O    TS     0 PTAMS 0x0000000088e00000 NTAMS 0x0000000088e00000 space 1024K, 100% used [0x0000000088d00000, 0x0000000088e00000)
AC   0  O    TS     0 PTAMS 0x0000000088f00000 NTAMS 0x0000000088f00000 space 1024K, 100% used [0x0000000088e00000, 0x0000000088f00000)
AC   0  O    TS     0 PTAMS 0x0000000089000000 NTAMS 0x0000000089000000 space 1024K, 100% used [0x0000000088f00000, 0x0000000089000000)
AC   0  O    TS     0 PTAMS 0x0000000089100000 NTAMS 0x0000000089100000 space 1024K, 100% used [0x0000000089000000, 0x0000000089100000)
AC   0  O    TS     0 PTAMS 0x0000000089200000 NTAMS 0x0000000089200000 space 1024K, 100% used [0x0000000089100000, 0x0000000089200000)
AC   0  O    TS     0 PTAMS 0x0000000089300000 NTAMS 0x0000000089300000 space 1024K, 100% used [0x0000000089200000, 0x0000000089300000)
AC   0  O    TS     0 PTAMS 0x0000000089400000 NTAMS 0x0000000089400000 space 1024K, 100% used [0x0000000089300000, 0x0000000089400000)
AC   0  O    TS     0 PTAMS 0x0000000089500000 NTAMS 0x0000000089500000 space 1024K, 100% used [0x0000000089400000, 0x0000000089500000)
AC   0  O    TS     0 PTAMS 0x0000000089600000 NTAMS 0x0000000089600000 space 1024K, 100% used [0x0000000089500000, 0x0000000089600000)
AC   0  O    TS     0 PTAMS 0x0000000089700000 NTAMS 0x0000000089700000 space 1024K, 100% used [0x0000000089600000, 0x0000000089700000)
AC   0  O    TS     0 PTAMS 0x0000000089800000 NTAMS 0x0000000089800000 space 1024K, 100% used [0x0000000089700000, 0x0000000089800000)
AC   0  O    TS     0 PTAMS 0x0000000089900000 NTAMS 0x0000000089900000 space 1024K, 100% used [0x0000000089800000, 0x0000000089900000)
AC   0  O    TS     0 PTAMS 0x0000000089a00000 NTAMS 0x0000000089a00000 space 1024K, 100% used [0x0000000089900000, 0x0000000089a00000)
AC   0  O    TS     0 PTAMS 0x0000000089b00000 NTAMS 0x0000000089b00000 space 1024K, 100% used [0x0000000089a00000, 0x0000000089b00000)
AC   0  O    TS     0 PTAMS 0x0000000089c00000 NTAMS 0x0000000089c00000 space 1024K, 100% used [0x0000000089b00000, 0x0000000089c00000)
AC   0  O    TS     0 PTAMS 0x0000000089d00000 NTAMS 0x0000000089d00000 space 1024K, 100% used [0x0000000089c00000, 0x0000000089d00000)
AC   0  O    TS     0 PTAMS 0x0000000089e00000 NTAMS 0x0000000089e00000 space 1024K, 100% used [0x0000000089d00000, 0x0000000089e00000)
AC   0  O    TS     0 PTAMS 0x0000000089f00000 NTAMS 0x0000000089f00000 space 1024K, 100% used [0x0000000089e00000, 0x0000000089f00000)
AC   0  O    TS     3 PTAMS 0x0000000089ff4200 NTAMS 0x0000000089ff4200 space 1024K,  95% used [0x0000000089f00000, 0x000000008a000000)
AC   0  F    TS     0 PTAMS 0x000000008a000000 NTAMS 0x000000008a000000 space 1024K,   0% used [0x000000008a000000, 0x000000008a100000)
AC   0  F    TS     0 PTAMS 0x000000008a100000 NTAMS 0x000000008a100000 space 1024K,   0% used [0x000000008a100000, 0x000000008a200000)
AC   0  O    TS     0 PTAMS 0x000000008a300000 NTAMS 0x000000008a300000 space 1024K, 100% used [0x000000008a200000, 0x000000008a300000)
AC   0  O    TS     0 PTAMS 0x000000008a400000 NTAMS 0x000000008a400000 space 1024K, 100% used [0x000000008a300000, 0x000000008a400000)
AC   0  F    TS     0 PTAMS 0x000000008a400000 NTAMS 0x000000008a400000 space 1024K,   0% used [0x000000008a400000, 0x000000008a500000)
AC   0  F    TS     0 PTAMS 0x000000008a500000 NTAMS 0x000000008a500000 space 1024K,   0% used [0x000000008a500000, 0x000000008a600000)
AC   0  F    TS     0 PTAMS 0x000000008a600000 NTAMS 0x000000008a600000 space 1024K,   0% used [0x000000008a600000, 0x000000008a700000)
AC   0  F    TS     0 PTAMS 0x000000008a700000 NTAMS 0x000000008a700000 space 1024K,   0% used [0x000000008a700000, 0x000000008a800000)
AC   0  F    TS     0 PTAMS 0x000000008a800000 NTAMS 0x000000008a800000 space 1024K,   0% used [0x000000008a800000, 0x000000008a900000)
AC   0  F    TS     0 PTAMS 0x000000008a900000 NTAMS 0x000000008a900000 space 1024K,   0% used [0x000000008a900000, 0x000000008aa00000)
AC   0  F    TS     0 PTAMS 0x000000008aa00000 NTAMS 0x000000008aa00000 space 1024K,   0% used [0x000000008aa00000, 0x000000008ab00000)
AC   0  F    TS     0 PTAMS 0x000000008ab00000 NTAMS 0x000000008ab00000 space 1024K,   0% used [0x000000008ab00000, 0x000000008ac00000)
AC   0  F    TS     0 PTAMS 0x000000008ac00000 NTAMS 0x000000008ac00000 space 1024K,   0% used [0x000000008ac00000, 0x000000008ad00000)
AC   0  F    TS     0 PTAMS 0x000000008ad00000 NTAMS 0x000000008ad00000 space 1024K,   0% used [0x000000008ad00000, 0x000000008ae00000)
AC   0  F    TS     0 PTAMS 0x000000008ae00000 NTAMS 0x000000008ae00000 space 1024K,   0% used [0x000000008ae00000, 0x000000008af00000)
AC   0  F    TS     0 PTAMS 0x000000008af00000 NTAMS 0x000000008af00000 space 1024K,   0% used [0x000000008af00000, 0x000000008b000000)
AC   0  F    TS     0 PTAMS 0x000000008b000000 NTAMS 0x000000008b000000 space 1024K,   0% used [0x000000008b000000, 0x000000008b100000)
AC   0  F    TS     0 PTAMS 0x000000008b100000 NTAMS 0x000000008b100000 space 1024K,   0% used [0x000000008b100000, 0x000000008b200000)
AC   0  F    TS     0 PTAMS 0x000000008b200000 NTAMS 0x000000008b200000 space 1024K,   0% used [0x000000008b200000, 0x000000008b300000)
AC   0  F    TS     0 PTAMS 0x000000008b300000 NTAMS 0x000000008b300000 space 1024K,   0% used [0x000000008b300000, 0x000000008b400000)
AC   0  F    TS     0 PTAMS 0x000000008b400000 NTAMS 0x000000008b400000 space 1024K,   0% used [0x000000008b400000, 0x000000008b500000)
AC   0  F    TS     0 PTAMS 0x000000008b500000 NTAMS 0x000000008b500000 space 1024K,   0% used [0x000000008b500000, 0x000000008b600000)
AC   0  F    TS     0 PTAMS 0x000000008b600000 NTAMS 0x000000008b600000 space 1024K,   0% used [0x000000008b600000, 0x000000008b700000)
AC   0  F    TS     0 PTAMS 0x000000008b700000 NTAMS 0x000000008b700000 space 1024K,   0% used [0x000000008b700000, 0x000000008b800000)
AC   0  F    TS     0 PTAMS 0x000000008b800000 NTAMS 0x000000008b800000 space 1024K,   0% used [0x000000008b800000, 0x000000008b900000)
AC   0  F    TS     0 PTAMS 0x000000008b900000 NTAMS 0x000000008b900000 space 1024K,   0% used [0x000000008b900000, 0x000000008ba00000)
AC   0  F    TS     0 PTAMS 0x000000008ba00000 NTAMS 0x000000008ba00000 space 1024K,   0% used [0x000000008ba00000, 0x000000008bb00000)
AC   0  F    TS     0 PTAMS 0x000000008bb00000 NTAMS 0x000000008bb00000 space 1024K,   0% used [0x000000008bb00000, 0x000000008bc00000)
AC   0  F    TS     0 PTAMS 0x000000008bc00000 NTAMS 0x000000008bc00000 space 1024K,   0% used [0x000000008bc00000, 0x000000008bd00000)
AC   0  F    TS     0 PTAMS 0x000000008bd00000 NTAMS 0x000000008bd00000 space 1024K,   0% used [0x000000008bd00000, 0x000000008be00000)
AC   0  F    TS     0 PTAMS 0x000000008be00000 NTAMS 0x000000008be00000 space 1024K,   0% used [0x000000008be00000, 0x000000008bf00000)
AC   0  O    TS     0 PTAMS 0x000000008c000000 NTAMS 0x000000008c000000 space 1024K, 100% used [0x000000008bf00000, 0x000000008c000000)
AC   0  O    TS     0 PTAMS 0x000000008c100000 NTAMS 0x000000008c100000 space 1024K, 100% used [0x000000008c000000, 0x000000008c100000)
AC   0  F    TS     0 PTAMS 0x000000008c100000 NTAMS 0x000000008c100000 space 1024K,   0% used [0x000000008c100000, 0x000000008c200000)
AC   0  O    TS     0 PTAMS 0x000000008c300000 NTAMS 0x000000008c300000 space 1024K, 100% used [0x000000008c200000, 0x000000008c300000)
AC   0  F    TS     0 PTAMS 0x000000008c300000 NTAMS 0x000000008c300000 space 1024K,   0% used [0x000000008c300000, 0x000000008c400000)
AC   0  F    TS     0 PTAMS 0x000000008c400000 NTAMS 0x000000008c400000 space 1024K,   0% used [0x000000008c400000, 0x000000008c500000)
AC   0  F    TS     0 PTAMS 0x000000008c500000 NTAMS 0x000000008c500000 space 1024K,   0% used [0x000000008c500000, 0x000000008c600000)
AC   0 HS    TS     0 PTAMS 0x000000008c81fd00 NTAMS 0x000000008c81fd00 space 3072K,  70% used [0x000000008c600000, 0x000000008c900000)
AC   0 HC    TS     0 PTAMS 0x000000008c700000 NTAMS 0x000000008c700000 space 1024K, 100% used [0x000000008c700000, 0x000000008c800000)
AC   0 HC    TS     0 PTAMS 0x000000008c800000 NTAMS 0x000000008c800000 space 1024K,  12% used [0x000000008c800000, 0x000000008c900000)
AC   0  F    TS     0 PTAMS 0x000000008c900000 NTAMS 0x000000008c900000 space 1024K,   0% used [0x000000008c900000, 0x000000008ca00000)
AC   0  F    TS     0 PTAMS 0x000000008ca00000 NTAMS 0x000000008ca00000 space 1024K,   0% used [0x000000008ca00000, 0x000000008cb00000)
AC   0  F    TS     0 PTAMS 0x000000008cb00000 NTAMS 0x000000008cb00000 space 1024K,   0% used [0x000000008cb00000, 0x000000008cc00000)
AC   0  F    TS     0 PTAMS 0x000000008cc00000 NTAMS 0x000000008cc00000 space 1024K,   0% used [0x000000008cc00000, 0x000000008cd00000)
AC   0  F    TS     0 PTAMS 0x000000008cd00000 NTAMS 0x000000008cd00000 space 1024K,   0% used [0x000000008cd00000, 0x000000008ce00000)
AC   0  F    TS     0 PTAMS 0x000000008ce00000 NTAMS 0x000000008ce00000 space 1024K,   0% used [0x000000008ce00000, 0x000000008cf00000)
AC   0  F    TS     0 PTAMS 0x000000008cf00000 NTAMS 0x000000008cf00000 space 1024K,   0% used [0x000000008cf00000, 0x000000008d000000)
AC   0  F    TS     0 PTAMS 0x000000008d000000 NTAMS 0x000000008d000000 space 1024K,   0% used [0x000000008d000000, 0x000000008d100000)
AC   0  F    TS     0 PTAMS 0x000000008d100000 NTAMS 0x000000008d100000 space 1024K,   0% used [0x000000008d100000, 0x000000008d200000)
AC   0  F    TS     0 PTAMS 0x000000008d200000 NTAMS 0x000000008d200000 space 1024K,   0% used [0x000000008d200000, 0x000000008d300000)
AC   0  F    TS     0 PTAMS 0x000000008d300000 NTAMS 0x000000008d300000 space 1024K,   0% used [0x000000008d300000, 0x000000008d400000)
AC   0  F    TS     0 PTAMS 0x000000008d400000 NTAMS 0x000000008d400000 space 1024K,   0% used [0x000000008d400000, 0x000000008d500000)
AC   0  F    TS     0 PTAMS 0x000000008d500000 NTAMS 0x000000008d500000 space 1024K,   0% used [0x000000008d500000, 0x000000008d600000)
AC   0  F    TS     0 PTAMS 0x000000008d600000 NTAMS 0x000000008d600000 space 1024K,   0% used [0x000000008d600000, 0x000000008d700000)
AC   0  F    TS     0 PTAMS 0x000000008d700000 NTAMS 0x000000008d700000 space 1024K,   0% used [0x000000008d700000, 0x000000008d800000)
AC   0  F    TS     0 PTAMS 0x000000008d800000 NTAMS 0x000000008d800000 space 1024K,   0% used [0x000000008d800000, 0x000000008d900000)
AC   0  F    TS     0 PTAMS 0x000000008d900000 NTAMS 0x000000008d900000 space 1024K,   0% used [0x000000008d900000, 0x000000008da00000)
AC   0  F    TS     0 PTAMS 0x000000008da00000 NTAMS 0x000000008da00000 space 1024K,   0% used [0x000000008da00000, 0x000000008db00000)
AC   0  F    TS     0 PTAMS 0x000000008db00000 NTAMS 0x000000008db00000 space 1024K,   0% used [0x000000008db00000, 0x000000008dc00000)
AC   0  F    TS     0 PTAMS 0x000000008dc00000 NTAMS 0x000000008dc00000 space 1024K,   0% used [0x000000008dc00000, 0x000000008dd00000)
AC   0  F    TS     0 PTAMS 0x000000008dd00000 NTAMS 0x000000008dd00000 space 1024K,   0% used [0x000000008dd00000, 0x000000008de00000)
AC   0  F    TS     0 PTAMS 0x000000008de00000 NTAMS 0x000000008de00000 space 1024K,   0% used [0x000000008de00000, 0x000000008df00000)
AC   0  F    TS     0 PTAMS 0x000000008df00000 NTAMS 0x000000008df00000 space 1024K,   0% used [0x000000008df00000, 0x000000008e000000)
AC   0  F    TS     0 PTAMS 0x000000008e000000 NTAMS 0x000000008e000000 space 1024K,   0% used [0x000000008e000000, 0x000000008e100000)
AC   0  F    TS     0 PTAMS 0x000000008e100000 NTAMS 0x000000008e100000 space 1024K,   0% used [0x000000008e100000, 0x000000008e200000)
AC   0  F    TS     0 PTAMS 0x000000008e200000 NTAMS 0x000000008e200000 space 1024K,   0% used [0x000000008e200000, 0x000000008e300000)
AC   0  F    TS     0 PTAMS 0x000000008e300000 NTAMS 0x000000008e300000 space 1024K,   0% used [0x000000008e300000, 0x000000008e400000)
AC   0  F    TS     0 PTAMS 0x000000008e400000 NTAMS 0x000000008e400000 space 1024K,   0% used [0x000000008e400000, 0x000000008e500000)
AC   0  F    TS     0 PTAMS 0x000000008e500000 NTAMS 0x000000008e500000 space 1024K,   0% used [0x000000008e500000, 0x000000008e600000)
AC   0  F    TS     0 PTAMS 0x000000008e600000 NTAMS 0x000000008e600000 space 1024K,   0% used [0x000000008e600000, 0x000000008e700000)
AC   0  F    TS     0 PTAMS 0x000000008e700000 NTAMS 0x000000008e700000 space 1024K,   0% used [0x000000008e700000, 0x000000008e800000)
AC   0  F    TS     0 PTAMS 0x000000008e800000 NTAMS 0x000000008e800000 space 1024K,   0% used [0x000000008e800000, 0x000000008e900000)
AC   0  F    TS     0 PTAMS 0x000000008e900000 NTAMS 0x000000008e900000 space 1024K,   0% used [0x000000008e900000, 0x000000008ea00000)
AC   0  F    TS     0 PTAMS 0x000000008ea00000 NTAMS 0x000000008ea00000 space 1024K,   0% used [0x000000008ea00000, 0x000000008eb00000)
AC   0  F    TS     0 PTAMS 0x000000008eb00000 NTAMS 0x000000008eb00000 space 1024K,   0% used [0x000000008eb00000, 0x000000008ec00000)
AC   0  F    TS     0 PTAMS 0x000000008ec00000 NTAMS 0x000000008ec00000 space 1024K,   0% used [0x000000008ec00000, 0x000000008ed00000)
AC   0  F    TS     0 PTAMS 0x000000008ed00000 NTAMS 0x000000008ed00000 space 1024K,   0% used [0x000000008ed00000, 0x000000008ee00000)
AC   0  F    TS     0 PTAMS 0x000000008ee00000 NTAMS 0x000000008ee00000 space 1024K,   0% used [0x000000008ee00000, 0x000000008ef00000)
AC   0  F    TS     0 PTAMS 0x000000008ef00000 NTAMS 0x000000008ef00000 space 1024K,   0% used [0x000000008ef00000, 0x000000008f000000)
AC   0  F    TS     0 PTAMS 0x000000008f000000 NTAMS 0x000000008f000000 space 1024K,   0% used [0x000000008f000000, 0x000000008f100000)
AC   0  F    TS     0 PTAMS 0x000000008f100000 NTAMS 0x000000008f100000 space 1024K,   0% used [0x000000008f100000, 0x000000008f200000)
AC   0  F    TS     0 PTAMS 0x000000008f200000 NTAMS 0x000000008f200000 space 1024K,   0% used [0x000000008f200000, 0x000000008f300000)
AC   0  F    TS     0 PTAMS 0x000000008f300000 NTAMS 0x000000008f300000 space 1024K,   0% used [0x000000008f300000, 0x000000008f400000)
AC   0  F    TS     0 PTAMS 0x000000008f400000 NTAMS 0x000000008f400000 space 1024K,   0% used [0x000000008f400000, 0x000000008f500000)
AC   0  F    TS     0 PTAMS 0x000000008f500000 NTAMS 0x000000008f500000 space 1024K,   0% used [0x000000008f500000, 0x000000008f600000)
AC   0  F    TS     0 PTAMS 0x000000008f600000 NTAMS 0x000000008f600000 space 1024K,   0% used [0x000000008f600000, 0x000000008f700000)
AC   0  F    TS     0 PTAMS 0x000000008f700000 NTAMS 0x000000008f700000 space 1024K,   0% used [0x000000008f700000, 0x000000008f800000)
AC   0  F    TS     0 PTAMS 0x000000008f800000 NTAMS 0x000000008f800000 space 1024K,   0% used [0x000000008f800000, 0x000000008f900000)
AC   0  F    TS     0 PTAMS 0x000000008f900000 NTAMS 0x000000008f900000 space 1024K,   0% used [0x000000008f900000, 0x000000008fa00000)
AC   0  F    TS     0 PTAMS 0x000000008fa00000 NTAMS 0x000000008fa00000 space 1024K,   0% used [0x000000008fa00000, 0x000000008fb00000)
AC   0  F    TS     0 PTAMS 0x000000008fb00000 NTAMS 0x000000008fb00000 space 1024K,   0% used [0x000000008fb00000, 0x000000008fc00000)
AC   0  F    TS     0 PTAMS 0x000000008fc00000 NTAMS 0x000000008fc00000 space 1024K,   0% used [0x000000008fc00000, 0x000000008fd00000)
AC   0  F    TS     0 PTAMS 0x000000008fd00000 NTAMS 0x000000008fd00000 space 1024K,   0% used [0x000000008fd00000, 0x000000008fe00000)
AC   0  F    TS     0 PTAMS 0x000000008fe00000 NTAMS 0x000000008fe00000 space 1024K,   0% used [0x000000008fe00000, 0x000000008ff00000)
AC   0  F    TS     0 PTAMS 0x000000008ff00000 NTAMS 0x000000008ff00000 space 1024K,   0% used [0x000000008ff00000, 0x0000000090000000)
AC   0  F    TS     0 PTAMS 0x0000000090000000 NTAMS 0x0000000090000000 space 1024K,   0% used [0x0000000090000000, 0x0000000090100000)
AC   0  F    TS     0 PTAMS 0x0000000090100000 NTAMS 0x0000000090100000 space 1024K,   0% used [0x0000000090100000, 0x0000000090200000)
AC   0  F    TS     0 PTAMS 0x0000000090200000 NTAMS 0x0000000090200000 space 1024K,   0% used [0x0000000090200000, 0x0000000090300000)
AC   0  F    TS     0 PTAMS 0x0000000090300000 NTAMS 0x0000000090300000 space 1024K,   0% used [0x0000000090300000, 0x0000000090400000)
AC   0  F    TS     0 PTAMS 0x0000000090400000 NTAMS 0x0000000090400000 space 1024K,   0% used [0x0000000090400000, 0x0000000090500000)
AC   0  F    TS     0 PTAMS 0x0000000090500000 NTAMS 0x0000000090500000 space 1024K,   0% used [0x0000000090500000, 0x0000000090600000)
AC   0  F    TS     0 PTAMS 0x0000000090600000 NTAMS 0x0000000090600000 space 1024K,   0% used [0x0000000090600000, 0x0000000090700000)
AC   0  F    TS     0 PTAMS 0x0000000090700000 NTAMS 0x0000000090700000 space 1024K,   0% used [0x0000000090700000, 0x0000000090800000)
AC   0  F    TS     0 PTAMS 0x0000000090800000 NTAMS 0x0000000090800000 space 1024K,   0% used [0x0000000090800000, 0x0000000090900000)
AC   0  F    TS     0 PTAMS 0x0000000090900000 NTAMS 0x0000000090900000 space 1024K,   0% used [0x0000000090900000, 0x0000000090a00000)
AC   0  F    TS     0 PTAMS 0x0000000090a00000 NTAMS 0x0000000090a00000 space 1024K,   0% used [0x0000000090a00000, 0x0000000090b00000)
AC   0  F    TS     0 PTAMS 0x0000000090b00000 NTAMS 0x0000000090b00000 space 1024K,   0% used [0x0000000090b00000, 0x0000000090c00000)
AC   0  F    TS     0 PTAMS 0x0000000090c00000 NTAMS 0x0000000090c00000 space 1024K,   0% used [0x0000000090c00000, 0x0000000090d00000)
AC   0  F    TS     0 PTAMS 0x0000000090d00000 NTAMS 0x0000000090d00000 space 1024K,   0% used [0x0000000090d00000, 0x0000000090e00000)
AC   0  F    TS     0 PTAMS 0x0000000090e00000 NTAMS 0x0000000090e00000 space 1024K,   0% used [0x0000000090e00000, 0x0000000090f00000)
AC   0  F    TS     0 PTAMS 0x0000000090f00000 NTAMS 0x0000000090f00000 space 1024K,   0% used [0x0000000090f00000, 0x0000000091000000)
AC   0  F    TS     0 PTAMS 0x0000000091000000 NTAMS 0x0000000091000000 space 1024K,   0% used [0x0000000091000000, 0x0000000091100000)
AC   0  F    TS     0 PTAMS 0x0000000091100000 NTAMS 0x0000000091100000 space 1024K,   0% used [0x0000000091100000, 0x0000000091200000)
AC   0  F    TS     0 PTAMS 0x0000000091200000 NTAMS 0x0000000091200000 space 1024K,   0% used [0x0000000091200000, 0x0000000091300000)
AC   0  F    TS     0 PTAMS 0x0000000091300000 NTAMS 0x0000000091300000 space 1024K,   0% used [0x0000000091300000, 0x0000000091400000)
AC   0  F    TS     0 PTAMS 0x0000000091400000 NTAMS 0x0000000091400000 space 1024K,   0% used [0x0000000091400000, 0x0000000091500000)
AC   0  F    TS     0 PTAMS 0x0000000091500000 NTAMS 0x0000000091500000 space 1024K,   0% used [0x0000000091500000, 0x0000000091600000)
AC   0  F    TS     0 PTAMS 0x0000000091600000 NTAMS 0x0000000091600000 space 1024K,   0% used [0x0000000091600000, 0x0000000091700000)
AC   0  F    TS     0 PTAMS 0x0000000091700000 NTAMS 0x0000000091700000 space 1024K,   0% used [0x0000000091700000, 0x0000000091800000)
AC   0  F    TS     0 PTAMS 0x0000000091800000 NTAMS 0x0000000091800000 space 1024K,   0% used [0x0000000091800000, 0x0000000091900000)
AC   0  F    TS     0 PTAMS 0x0000000091900000 NTAMS 0x0000000091900000 space 1024K,   0% used [0x0000000091900000, 0x0000000091a00000)
AC   0  F    TS     0 PTAMS 0x0000000091a00000 NTAMS 0x0000000091a00000 space 1024K,   0% used [0x0000000091a00000, 0x0000000091b00000)
AC   0  F    TS     0 PTAMS 0x0000000091b00000 NTAMS 0x0000000091b00000 space 1024K,   0% used [0x0000000091b00000, 0x0000000091c00000)
AC   0  F    TS     0 PTAMS 0x0000000091c00000 NTAMS 0x0000000091c00000 space 1024K,   0% used [0x0000000091c00000, 0x0000000091d00000)
AC   0  F    TS     0 PTAMS 0x0000000091d00000 NTAMS 0x0000000091d00000 space 1024K,   0% used [0x0000000091d00000, 0x0000000091e00000)
AC   0  F    TS     0 PTAMS 0x0000000091e00000 NTAMS 0x0000000091e00000 space 1024K,   0% used [0x0000000091e00000, 0x0000000091f00000)
AC   0  F    TS     0 PTAMS 0x0000000091f00000 NTAMS 0x0000000091f00000 space 1024K,   0% used [0x0000000091f00000, 0x0000000092000000)
AC   0  F    TS     0 PTAMS 0x0000000092000000 NTAMS 0x0000000092000000 space 1024K,   0% used [0x0000000092000000, 0x0000000092100000)
AC   0  F    TS     0 PTAMS 0x0000000092100000 NTAMS 0x0000000092100000 space 1024K,   0% used [0x0000000092100000, 0x0000000092200000)
AC   0  O    TS     0 PTAMS 0x0000000092300000 NTAMS 0x0000000092300000 space 1024K, 100% used [0x0000000092200000, 0x0000000092300000)
AC   0  O    TS     0 PTAMS 0x0000000092400000 NTAMS 0x0000000092400000 space 1024K, 100% used [0x0000000092300000, 0x0000000092400000)
AC   0  F    TS     0 PTAMS 0x0000000092400000 NTAMS 0x0000000092400000 space 1024K,   0% used [0x0000000092400000, 0x0000000092500000)
AC   0  F    TS     0 PTAMS 0x0000000092500000 NTAMS 0x0000000092500000 space 1024K,   0% used [0x0000000092500000, 0x0000000092600000)
AC   0  F    TS     0 PTAMS 0x0000000092600000 NTAMS 0x0000000092600000 space 1024K,   0% used [0x0000000092600000, 0x0000000092700000)
AC   0  F    TS     0 PTAMS 0x0000000092700000 NTAMS 0x0000000092700000 space 1024K,   0% used [0x0000000092700000, 0x0000000092800000)
AC   0  F    TS     0 PTAMS 0x0000000092800000 NTAMS 0x0000000092800000 space 1024K,   0% used [0x0000000092800000, 0x0000000092900000)
AC   0  F    TS     0 PTAMS 0x0000000092900000 NTAMS 0x0000000092900000 space 1024K,   0% used [0x0000000092900000, 0x0000000092a00000)
AC   0  F    TS     0 PTAMS 0x0000000092a00000 NTAMS 0x0000000092a00000 space 1024K,   0% used [0x0000000092a00000, 0x0000000092b00000)
AC   0  F    TS     0 PTAMS 0x0000000092b00000 NTAMS 0x0000000092b00000 space 1024K,   0% used [0x0000000092b00000, 0x0000000092c00000)
AC   0  F    TS     0 PTAMS 0x0000000092c00000 NTAMS 0x0000000092c00000 space 1024K,   0% used [0x0000000092c00000, 0x0000000092d00000)
AC   0  F    TS     0 PTAMS 0x0000000092d00000 NTAMS 0x0000000092d00000 space 1024K,   0% used [0x0000000092d00000, 0x0000000092e00000)
AC   0  F    TS     0 PTAMS 0x0000000092e00000 NTAMS 0x0000000092e00000 space 1024K,   0% used [0x0000000092e00000, 0x0000000092f00000)
AC   0  F    TS     0 PTAMS 0x0000000092f00000 NTAMS 0x0000000092f00000 space 1024K,   0% used [0x0000000092f00000, 0x0000000093000000)
AC   0  F    TS     0 PTAMS 0x0000000093000000 NTAMS 0x0000000093000000 space 1024K,   0% used [0x0000000093000000, 0x0000000093100000)
AC   0  F    TS     0 PTAMS 0x0000000093100000 NTAMS 0x0000000093100000 space 1024K,   0% used [0x0000000093100000, 0x0000000093200000)
AC   0  F    TS     0 PTAMS 0x0000000093200000 NTAMS 0x0000000093200000 space 1024K,   0% used [0x0000000093200000, 0x0000000093300000)
AC   0  F    TS     0 PTAMS 0x0000000093300000 NTAMS 0x0000000093300000 space 1024K,   0% used [0x0000000093300000, 0x0000000093400000)
AC   0  F    TS     0 PTAMS 0x0000000093400000 NTAMS 0x0000000093400000 space 1024K,   0% used [0x0000000093400000, 0x0000000093500000)
AC   0  F    TS     0 PTAMS 0x0000000093500000 NTAMS 0x0000000093500000 space 1024K,   0% used [0x0000000093500000, 0x0000000093600000)
AC   0  F    TS     0 PTAMS 0x0000000093600000 NTAMS 0x0000000093600000 space 1024K,   0% used [0x0000000093600000, 0x0000000093700000)
AC   0  F    TS     0 PTAMS 0x0000000093700000 NTAMS 0x0000000093700000 space 1024K,   0% used [0x0000000093700000, 0x0000000093800000)
AC   0  F    TS     0 PTAMS 0x0000000093800000 NTAMS 0x0000000093800000 space 1024K,   0% used [0x0000000093800000, 0x0000000093900000)
AC   0  F    TS     0 PTAMS 0x0000000093900000 NTAMS 0x0000000093900000 space 1024K,   0% used [0x0000000093900000, 0x0000000093a00000)
AC   0  F    TS     0 PTAMS 0x0000000093a00000 NTAMS 0x0000000093a00000 space 1024K,   0% used [0x0000000093a00000, 0x0000000093b00000)
AC   0  F    TS     0 PTAMS 0x0000000093b00000 NTAMS 0x0000000093b00000 space 1024K,   0% used [0x0000000093b00000, 0x0000000093c00000)
AC   0  F    TS     0 PTAMS 0x0000000093c00000 NTAMS 0x0000000093c00000 space 1024K,   0% used [0x0000000093c00000, 0x0000000093d00000)
AC   0  F    TS     0 PTAMS 0x0000000093d00000 NTAMS 0x0000000093d00000 space 1024K,   0% used [0x0000000093d00000, 0x0000000093e00000)
AC   0  F    TS     0 PTAMS 0x0000000093e00000 NTAMS 0x0000000093e00000 space 1024K,   0% used [0x0000000093e00000, 0x0000000093f00000)
AC   0  F    TS     0 PTAMS 0x0000000093f00000 NTAMS 0x0000000093f00000 space 1024K,   0% used [0x0000000093f00000, 0x0000000094000000)
AC   0  F    TS     0 PTAMS 0x0000000094000000 NTAMS 0x0000000094000000 space 1024K,   0% used [0x0000000094000000, 0x0000000094100000)
AC   0  F    TS     0 PTAMS 0x0000000094100000 NTAMS 0x0000000094100000 space 1024K,   0% used [0x0000000094100000, 0x0000000094200000)
AC   0  F    TS     0 PTAMS 0x0000000094200000 NTAMS 0x0000000094200000 space 1024K,   0% used [0x0000000094200000, 0x0000000094300000)
AC   0  F    TS     0 PTAMS 0x0000000094300000 NTAMS 0x0000000094300000 space 1024K,   0% used [0x0000000094300000, 0x0000000094400000)
AC   0  F    TS     0 PTAMS 0x0000000094400000 NTAMS 0x0000000094400000 space 1024K,   0% used [0x0000000094400000, 0x0000000094500000)
AC   0  F    TS     0 PTAMS 0x0000000094500000 NTAMS 0x0000000094500000 space 1024K,   0% used [0x0000000094500000, 0x0000000094600000)
AC   0  F    TS     0 PTAMS 0x0000000094600000 NTAMS 0x0000000094600000 space 1024K,   0% used [0x0000000094600000, 0x0000000094700000)
AC   0  F    TS     0 PTAMS 0x0000000094700000 NTAMS 0x0000000094700000 space 1024K,   0% used [0x0000000094700000, 0x0000000094800000)
AC   0  F    TS     0 PTAMS 0x0000000094800000 NTAMS 0x0000000094800000 space 1024K,   0% used [0x0000000094800000, 0x0000000094900000)
AC   0  F    TS     0 PTAMS 0x0000000094900000 NTAMS 0x0000000094900000 space 1024K,   0% used [0x0000000094900000, 0x0000000094a00000)
AC   0  F    TS     0 PTAMS 0x0000000094a00000 NTAMS 0x0000000094a00000 space 1024K,   0% used [0x0000000094a00000, 0x0000000094b00000)
AC   0  F    TS     0 PTAMS 0x0000000094b00000 NTAMS 0x0000000094b00000 space 1024K,   0% used [0x0000000094b00000, 0x0000000094c00000)
AC   0  F    TS     0 PTAMS 0x0000000094c00000 NTAMS 0x0000000094c00000 space 1024K,   0% used [0x0000000094c00000, 0x0000000094d00000)
AC   0  F    TS     0 PTAMS 0x0000000094d00000 NTAMS 0x0000000094d00000 space 1024K,   0% used [0x0000000094d00000, 0x0000000094e00000)
AC   0  F    TS     0 PTAMS 0x0000000094e00000 NTAMS 0x0000000094e00000 space 1024K,   0% used [0x0000000094e00000, 0x0000000094f00000)
AC   0  F    TS     0 PTAMS 0x0000000094f00000 NTAMS 0x0000000094f00000 space 1024K,   0% used [0x0000000094f00000, 0x0000000095000000)
AC   0  F    TS     0 PTAMS 0x0000000095000000 NTAMS 0x0000000095000000 space 1024K,   0% used [0x0000000095000000, 0x0000000095100000)
AC   0  F    TS     0 PTAMS 0x0000000095100000 NTAMS 0x0000000095100000 space 1024K,   0% used [0x0000000095100000, 0x0000000095200000)
AC   0  F    TS     0 PTAMS 0x0000000095200000 NTAMS 0x0000000095200000 space 1024K,   0% used [0x0000000095200000, 0x0000000095300000)
AC   0  F    TS     0 PTAMS 0x0000000095300000 NTAMS 0x0000000095300000 space 1024K,   0% used [0x0000000095300000, 0x0000000095400000)
AC   0  F    TS     0 PTAMS 0x0000000095400000 NTAMS 0x0000000095400000 space 1024K,   0% used [0x0000000095400000, 0x0000000095500000)
AC   0  F    TS     0 PTAMS 0x0000000095500000 NTAMS 0x0000000095500000 space 1024K,   0% used [0x0000000095500000, 0x0000000095600000)
AC   0  F    TS     0 PTAMS 0x0000000095600000 NTAMS 0x0000000095600000 space 1024K,   0% used [0x0000000095600000, 0x0000000095700000)
AC   0  F    TS     0 PTAMS 0x0000000095700000 NTAMS 0x0000000095700000 space 1024K,   0% used [0x0000000095700000, 0x0000000095800000)
AC   0  F    TS     0 PTAMS 0x0000000095800000 NTAMS 0x0000000095800000 space 1024K,   0% used [0x0000000095800000, 0x0000000095900000)
AC   0  F    TS     0 PTAMS 0x0000000095900000 NTAMS 0x0000000095900000 space 1024K,   0% used [0x0000000095900000, 0x0000000095a00000)
AC   0  F    TS     0 PTAMS 0x0000000095a00000 NTAMS 0x0000000095a00000 space 1024K,   0% used [0x0000000095a00000, 0x0000000095b00000)
AC   0  F    TS     0 PTAMS 0x0000000095b00000 NTAMS 0x0000000095b00000 space 1024K,   0% used [0x0000000095b00000, 0x0000000095c00000)
AC   0  F    TS     0 PTAMS 0x0000000095c00000 NTAMS 0x0000000095c00000 space 1024K,   0% used [0x0000000095c00000, 0x0000000095d00000)
AC   0  F    TS     0 PTAMS 0x0000000095d00000 NTAMS 0x0000000095d00000 space 1024K,   0% used [0x0000000095d00000, 0x0000000095e00000)
AC   0  F    TS     0 PTAMS 0x0000000095e00000 NTAMS 0x0000000095e00000 space 1024K,   0% used [0x0000000095e00000, 0x0000000095f00000)
AC   0  F    TS     0 PTAMS 0x0000000095f00000 NTAMS 0x0000000095f00000 space 1024K,   0% used [0x0000000095f00000, 0x0000000096000000)
AC   0  F    TS     0 PTAMS 0x0000000096000000 NTAMS 0x0000000096000000 space 1024K,   0% used [0x0000000096000000, 0x0000000096100000)
AC   0  F    TS     0 PTAMS 0x0000000096100000 NTAMS 0x0000000096100000 space 1024K,   0% used [0x0000000096100000, 0x0000000096200000)
AC   0  F    TS     0 PTAMS 0x0000000096200000 NTAMS 0x0000000096200000 space 1024K,   0% used [0x0000000096200000, 0x0000000096300000)
AC   0  F    TS     0 PTAMS 0x0000000096300000 NTAMS 0x0000000096300000 space 1024K,   0% used [0x0000000096300000, 0x0000000096400000)
AC   0  F    TS     0 PTAMS 0x0000000096400000 NTAMS 0x0000000096400000 space 1024K,   0% used [0x0000000096400000, 0x0000000096500000)
AC   0  F    TS     0 PTAMS 0x0000000096500000 NTAMS 0x0000000096500000 space 1024K,   0% used [0x0000000096500000, 0x0000000096600000)
AC   0  F    TS     0 PTAMS 0x0000000096600000 NTAMS 0x0000000096600000 space 1024K,   0% used [0x0000000096600000, 0x0000000096700000)
AC   0  F    TS     0 PTAMS 0x0000000096700000 NTAMS 0x0000000096700000 space 1024K,   0% used [0x0000000096700000, 0x0000000096800000)
AC   0  F    TS     0 PTAMS 0x0000000096800000 NTAMS 0x0000000096800000 space 1024K,   0% used [0x0000000096800000, 0x0000000096900000)
AC   0  F    TS     0 PTAMS 0x0000000096900000 NTAMS 0x0000000096900000 space 1024K,   0% used [0x0000000096900000, 0x0000000096a00000)
AC   0  F    TS     0 PTAMS 0x0000000096a00000 NTAMS 0x0000000096a00000 space 1024K,   0% used [0x0000000096a00000, 0x0000000096b00000)
AC   0  F    TS     0 PTAMS 0x0000000096b00000 NTAMS 0x0000000096b00000 space 1024K,   0% used [0x0000000096b00000, 0x0000000096c00000)
AC   0  F    TS     0 PTAMS 0x0000000096c00000 NTAMS 0x0000000096c00000 space 1024K,   0% used [0x0000000096c00000, 0x0000000096d00000)
AC   0  F    TS     0 PTAMS 0x0000000096d00000 NTAMS 0x0000000096d00000 space 1024K,   0% used [0x0000000096d00000, 0x0000000096e00000)
AC   0  F    TS     0 PTAMS 0x0000000096e00000 NTAMS 0x0000000096e00000 space 1024K,   0% used [0x0000000096e00000, 0x0000000096f00000)
AC   0  F    TS     0 PTAMS 0x0000000096f00000 NTAMS 0x0000000096f00000 space 1024K,   0% used [0x0000000096f00000, 0x0000000097000000)
AC   0  F    TS     0 PTAMS 0x0000000097000000 NTAMS 0x0000000097000000 space 1024K,   0% used [0x0000000097000000, 0x0000000097100000)
AC   0  F    TS     0 PTAMS 0x0000000097100000 NTAMS 0x0000000097100000 space 1024K,   0% used [0x0000000097100000, 0x0000000097200000)
AC   0  F    TS     0 PTAMS 0x0000000097200000 NTAMS 0x0000000097200000 space 1024K,   0% used [0x0000000097200000, 0x0000000097300000)
AC   0  F    TS     0 PTAMS 0x0000000097300000 NTAMS 0x0000000097300000 space 1024K,   0% used [0x0000000097300000, 0x0000000097400000)
AC   0 HS    TS     0 PTAMS 0x0000000097400000 NTAMS 0x000000009761fd00 space 3072K,  70% used [0x0000000097400000, 0x0000000097700000)
AC   0 HC    TS     0 PTAMS 0x0000000097500000 NTAMS 0x0000000097500000 space 1024K, 100% used [0x0000000097500000, 0x0000000097600000)
AC   0 HC    TS     0 PTAMS 0x0000000097600000 NTAMS 0x0000000097600000 space 1024K,  12% used [0x0000000097600000, 0x0000000097700000)
AC   0  F    TS     0 PTAMS 0x0000000097700000 NTAMS 0x0000000097700000 space 1024K,   0% used [0x0000000097700000, 0x0000000097800000)
AC   0  F    TS     0 PTAMS 0x0000000097800000 NTAMS 0x0000000097800000 space 1024K,   0% used [0x0000000097800000, 0x0000000097900000)
AC   0  F    TS     0 PTAMS 0x0000000097900000 NTAMS 0x0000000097900000 space 1024K,   0% used [0x0000000097900000, 0x0000000097a00000)
AC   0  F    TS     0 PTAMS 0x0000000097a00000 NTAMS 0x0000000097a00000 space 1024K,   0% used [0x0000000097a00000, 0x0000000097b00000)
AC   0  F    TS     0 PTAMS 0x0000000097b00000 NTAMS 0x0000000097b00000 space 1024K,   0% used [0x0000000097b00000, 0x0000000097c00000)
AC   0  F    TS     0 PTAMS 0x0000000097c00000 NTAMS 0x0000000097c00000 space 1024K,   0% used [0x0000000097c00000, 0x0000000097d00000)
AC   0  F    TS     0 PTAMS 0x0000000097d00000 NTAMS 0x0000000097d00000 space 1024K,   0% used [0x0000000097d00000, 0x0000000097e00000)
AC   0  F    TS     0 PTAMS 0x0000000097e00000 NTAMS 0x0000000097e00000 space 1024K,   0% used [0x0000000097e00000, 0x0000000097f00000)
AC   0  F    TS     0 PTAMS 0x0000000097f00000 NTAMS 0x0000000097f00000 space 1024K,   0% used [0x0000000097f00000, 0x0000000098000000)
AC   0  F    TS     0 PTAMS 0x0000000098000000 NTAMS 0x0000000098000000 space 1024K,   0% used [0x0000000098000000, 0x0000000098100000)
AC   0  F    TS     0 PTAMS 0x0000000098100000 NTAMS 0x0000000098100000 space 1024K,   0% used [0x0000000098100000, 0x0000000098200000)
AC   0  F    TS     0 PTAMS 0x0000000098200000 NTAMS 0x0000000098200000 space 1024K,   0% used [0x0000000098200000, 0x0000000098300000)
AC   0  F    TS     0 PTAMS 0x0000000098300000 NTAMS 0x0000000098300000 space 1024K,   0% used [0x0000000098300000, 0x0000000098400000)
AC   0  F    TS     0 PTAMS 0x0000000098400000 NTAMS 0x0000000098400000 space 1024K,   0% used [0x0000000098400000, 0x0000000098500000)
AC   0  F    TS     0 PTAMS 0x0000000098500000 NTAMS 0x0000000098500000 space 1024K,   0% used [0x0000000098500000, 0x0000000098600000)
AC   0 HS    TS     0 PTAMS 0x0000000098600000 NTAMS 0x000000009881fd00 space 3072K,  70% used [0x0000000098600000, 0x0000000098900000)
AC   0 HC    TS     0 PTAMS 0x0000000098700000 NTAMS 0x0000000098700000 space 1024K, 100% used [0x0000000098700000, 0x0000000098800000)
AC   0 HC    TS     0 PTAMS 0x0000000098800000 NTAMS 0x0000000098800000 space 1024K,  12% used [0x0000000098800000, 0x0000000098900000)
AC   0  F    TS     0 PTAMS 0x0000000098900000 NTAMS 0x0000000098900000 space 1024K,   0% used [0x0000000098900000, 0x0000000098a00000)
AC   0  F    TS     0 PTAMS 0x0000000098a00000 NTAMS 0x0000000098a00000 space 1024K,   0% used [0x0000000098a00000, 0x0000000098b00000)
AC   0  F    TS     0 PTAMS 0x0000000098b00000 NTAMS 0x0000000098b00000 space 1024K,   0% used [0x0000000098b00000, 0x0000000098c00000)
AC   0  F    TS     0 PTAMS 0x0000000098c00000 NTAMS 0x0000000098c00000 space 1024K,   0% used [0x0000000098c00000, 0x0000000098d00000)
AC   0  F    TS     0 PTAMS 0x0000000098d00000 NTAMS 0x0000000098d00000 space 1024K,   0% used [0x0000000098d00000, 0x0000000098e00000)
AC   0  F    TS     0 PTAMS 0x0000000098e00000 NTAMS 0x0000000098e00000 space 1024K,   0% used [0x0000000098e00000, 0x0000000098f00000)
AC   0  F    TS     0 PTAMS 0x0000000098f00000 NTAMS 0x0000000098f00000 space 1024K,   0% used [0x0000000098f00000, 0x0000000099000000)
AC   0 HS    TS     0 PTAMS 0x0000000099000000 NTAMS 0x000000009915ab90 space 2048K,  67% used [0x0000000099000000, 0x0000000099200000)
AC   0 HC    TS     0 PTAMS 0x0000000099100000 NTAMS 0x0000000099100000 space 1024K,  35% used [0x0000000099100000, 0x0000000099200000)
AC   0 HS    TS     0 PTAMS 0x0000000099200000 NTAMS 0x00000000994b5710 space 3072K,  90% used [0x0000000099200000, 0x0000000099500000)
AC   0 HC    TS     0 PTAMS 0x0000000099300000 NTAMS 0x0000000099300000 space 1024K, 100% used [0x0000000099300000, 0x0000000099400000)
AC   0 HC    TS     0 PTAMS 0x0000000099400000 NTAMS 0x0000000099400000 space 1024K,  70% used [0x0000000099400000, 0x0000000099500000)
AC   0 HS    TS     0 PTAMS 0x0000000099500000 NTAMS 0x00000000997b5710 space 3072K,  90% used [0x0000000099500000, 0x0000000099800000)
AC   0 HC    TS     0 PTAMS 0x0000000099600000 NTAMS 0x0000000099600000 space 1024K, 100% used [0x0000000099600000, 0x0000000099700000)
AC   0 HC    TS     0 PTAMS 0x0000000099700000 NTAMS 0x0000000099700000 space 1024K,  70% used [0x0000000099700000, 0x0000000099800000)
AC   0  F    TS     0 PTAMS 0x0000000099800000 NTAMS 0x0000000099800000 space 1024K,   0% used [0x0000000099800000, 0x0000000099900000)
AC   0  F    TS     0 PTAMS 0x0000000099900000 NTAMS 0x0000000099900000 space 1024K,   0% used [0x0000000099900000, 0x0000000099a00000)
AC   0  F    TS     0 PTAMS 0x0000000099a00000 NTAMS 0x0000000099a00000 space 1024K,   0% used [0x0000000099a00000, 0x0000000099b00000)
AC   0  F    TS     0 PTAMS 0x0000000099b00000 NTAMS 0x0000000099b00000 space 1024K,   0% used [0x0000000099b00000, 0x0000000099c00000)
AC   0  F    TS     0 PTAMS 0x0000000099c00000 NTAMS 0x0000000099c00000 space 1024K,   0% used [0x0000000099c00000, 0x0000000099d00000)
AC   0  F    TS     0 PTAMS 0x0000000099d00000 NTAMS 0x0000000099d00000 space 1024K,   0% used [0x0000000099d00000, 0x0000000099e00000)
AC   0  F    TS     0 PTAMS 0x0000000099e00000 NTAMS 0x0000000099e00000 space 1024K,   0% used [0x0000000099e00000, 0x0000000099f00000)
AC   0  F    TS     0 PTAMS 0x0000000099f00000 NTAMS 0x0000000099f00000 space 1024K,   0% used [0x0000000099f00000, 0x000000009a000000)
AC   0  F    TS     0 PTAMS 0x000000009a000000 NTAMS 0x000000009a000000 space 1024K,   0% used [0x000000009a000000, 0x000000009a100000)
AC   0  F    TS     0 PTAMS 0x000000009a100000 NTAMS 0x000000009a100000 space 1024K,   0% used [0x000000009a100000, 0x000000009a200000)
AC   0  F    TS     0 PTAMS 0x000000009a200000 NTAMS 0x000000009a200000 space 1024K,   0% used [0x000000009a200000, 0x000000009a300000)
AC   0  F    TS     0 PTAMS 0x000000009a300000 NTAMS 0x000000009a300000 space 1024K,   0% used [0x000000009a300000, 0x000000009a400000)
AC   0  F    TS     0 PTAMS 0x000000009a400000 NTAMS 0x000000009a400000 space 1024K,   0% used [0x000000009a400000, 0x000000009a500000)
AC   0  F    TS     0 PTAMS 0x000000009a500000 NTAMS 0x000000009a500000 space 1024K,   0% used [0x000000009a500000, 0x000000009a600000)
AC   0  F    TS     0 PTAMS 0x000000009a600000 NTAMS 0x000000009a600000 space 1024K,   0% used [0x000000009a600000, 0x000000009a700000)
AC   0  F    TS     0 PTAMS 0x000000009a700000 NTAMS 0x000000009a700000 space 1024K,   0% used [0x000000009a700000, 0x000000009a800000)
AC   0  F    TS     0 PTAMS 0x000000009a800000 NTAMS 0x000000009a800000 space 1024K,   0% used [0x000000009a800000, 0x000000009a900000)
AC   0  F    TS     0 PTAMS 0x000000009a900000 NTAMS 0x000000009a900000 space 1024K,   0% used [0x000000009a900000, 0x000000009aa00000)
AC   0  F    TS     0 PTAMS 0x000000009aa00000 NTAMS 0x000000009aa00000 space 1024K,   0% used [0x000000009aa00000, 0x000000009ab00000)
AC   0  F    TS     0 PTAMS 0x000000009ab00000 NTAMS 0x000000009ab00000 space 1024K,   0% used [0x000000009ab00000, 0x000000009ac00000)
AC   0  F    TS     0 PTAMS 0x000000009ac00000 NTAMS 0x000000009ac00000 space 1024K,   0% used [0x000000009ac00000, 0x000000009ad00000)
AC   0  F    TS     0 PTAMS 0x000000009ad00000 NTAMS 0x000000009ad00000 space 1024K,   0% used [0x000000009ad00000, 0x000000009ae00000)
AC   0  F    TS     0 PTAMS 0x000000009ae00000 NTAMS 0x000000009ae00000 space 1024K,   0% used [0x000000009ae00000, 0x000000009af00000)
AC   0  F    TS     0 PTAMS 0x000000009af00000 NTAMS 0x000000009af00000 space 1024K,   0% used [0x000000009af00000, 0x000000009b000000)
AC   0  F    TS     0 PTAMS 0x000000009b000000 NTAMS 0x000000009b000000 space 1024K,   0% used [0x000000009b000000, 0x000000009b100000)
AC   0  F    TS     0 PTAMS 0x000000009b100000 NTAMS 0x000000009b100000 space 1024K,   0% used [0x000000009b100000, 0x000000009b200000)
AC   0  F    TS     0 PTAMS 0x000000009b200000 NTAMS 0x000000009b200000 space 1024K,   0% used [0x000000009b200000, 0x000000009b300000)
AC   0  F    TS     0 PTAMS 0x000000009b300000 NTAMS 0x000000009b300000 space 1024K,   0% used [0x000000009b300000, 0x000000009b400000)
AC   0  F    TS     0 PTAMS 0x000000009b400000 NTAMS 0x000000009b400000 space 1024K,   0% used [0x000000009b400000, 0x000000009b500000)
AC   0  F    TS     0 PTAMS 0x000000009b500000 NTAMS 0x000000009b500000 space 1024K,   0% used [0x000000009b500000, 0x000000009b600000)
AC   0  F    TS     0 PTAMS 0x000000009b600000 NTAMS 0x000000009b600000 space 1024K,   0% used [0x000000009b600000, 0x000000009b700000)
AC   0  F    TS     0 PTAMS 0x000000009b700000 NTAMS 0x000000009b700000 space 1024K,   0% used [0x000000009b700000, 0x000000009b800000)
AC   0  F    TS     0 PTAMS 0x000000009b800000 NTAMS 0x000000009b800000 space 1024K,   0% used [0x000000009b800000, 0x000000009b900000)
AC   0  F    TS     0 PTAMS 0x000000009b900000 NTAMS 0x000000009b900000 space 1024K,   0% used [0x000000009b900000, 0x000000009ba00000)
AC   0  F    TS     0 PTAMS 0x000000009ba00000 NTAMS 0x000000009ba00000 space 1024K,   0% used [0x000000009ba00000, 0x000000009bb00000)
AC   0  F    TS     0 PTAMS 0x000000009bb00000 NTAMS 0x000000009bb00000 space 1024K,   0% used [0x000000009bb00000, 0x000000009bc00000)
AC   0  F    TS     0 PTAMS 0x000000009bc00000 NTAMS 0x000000009bc00000 space 1024K,   0% used [0x000000009bc00000, 0x000000009bd00000)
AC   0  F    TS     0 PTAMS 0x000000009bd00000 NTAMS 0x000000009bd00000 space 1024K,   0% used [0x000000009bd00000, 0x000000009be00000)
AC   0  F    TS     0 PTAMS 0x000000009be00000 NTAMS 0x000000009be00000 space 1024K,   0% used [0x000000009be00000, 0x000000009bf00000)
AC   0  F    TS     0 PTAMS 0x000000009bf00000 NTAMS 0x000000009bf00000 space 1024K,   0% used [0x000000009bf00000, 0x000000009c000000)
AC   0  F    TS     0 PTAMS 0x000000009c000000 NTAMS 0x000000009c000000 space 1024K,   0% used [0x000000009c000000, 0x000000009c100000)
AC   0  F    TS     0 PTAMS 0x000000009c100000 NTAMS 0x000000009c100000 space 1024K,   0% used [0x000000009c100000, 0x000000009c200000)
AC   0  F    TS     0 PTAMS 0x000000009c200000 NTAMS 0x000000009c200000 space 1024K,   0% used [0x000000009c200000, 0x000000009c300000)
AC   0  F    TS     0 PTAMS 0x000000009c300000 NTAMS 0x000000009c300000 space 1024K,   0% used [0x000000009c300000, 0x000000009c400000)
AC   0  F    TS     0 PTAMS 0x000000009c400000 NTAMS 0x000000009c400000 space 1024K,   0% used [0x000000009c400000, 0x000000009c500000)
AC   0  F    TS     0 PTAMS 0x000000009c500000 NTAMS 0x000000009c500000 space 1024K,   0% used [0x000000009c500000, 0x000000009c600000)
AC   0  F    TS     0 PTAMS 0x000000009c600000 NTAMS 0x000000009c600000 space 1024K,   0% used [0x000000009c600000, 0x000000009c700000)
AC   0  F    TS     0 PTAMS 0x000000009c700000 NTAMS 0x000000009c700000 space 1024K,   0% used [0x000000009c700000, 0x000000009c800000)
AC   0  F    TS     0 PTAMS 0x000000009c800000 NTAMS 0x000000009c800000 space 1024K,   0% used [0x000000009c800000, 0x000000009c900000)
AC   0  F    TS     0 PTAMS 0x000000009c900000 NTAMS 0x000000009c900000 space 1024K,   0% used [0x000000009c900000, 0x000000009ca00000)
AC   0  F    TS     0 PTAMS 0x000000009ca00000 NTAMS 0x000000009ca00000 space 1024K,   0% used [0x000000009ca00000, 0x000000009cb00000)
AC   0  F    TS     0 PTAMS 0x000000009cb00000 NTAMS 0x000000009cb00000 space 1024K,   0% used [0x000000009cb00000, 0x000000009cc00000)
AC   0  F    TS     0 PTAMS 0x000000009cc00000 NTAMS 0x000000009cc00000 space 1024K,   0% used [0x000000009cc00000, 0x000000009cd00000)
AC   0  F    TS     0 PTAMS 0x000000009cd00000 NTAMS 0x000000009cd00000 space 1024K,   0% used [0x000000009cd00000, 0x000000009ce00000)
AC   0  F    TS     0 PTAMS 0x000000009ce00000 NTAMS 0x000000009ce00000 space 1024K,   0% used [0x000000009ce00000, 0x000000009cf00000)
AC   0  F    TS     0 PTAMS 0x000000009cf00000 NTAMS 0x000000009cf00000 space 1024K,   0% used [0x000000009cf00000, 0x000000009d000000)
AC   0  F    TS     0 PTAMS 0x000000009d000000 NTAMS 0x000000009d000000 space 1024K,   0% used [0x000000009d000000, 0x000000009d100000)
AC   0  F    TS     0 PTAMS 0x000000009d100000 NTAMS 0x000000009d100000 space 1024K,   0% used [0x000000009d100000, 0x000000009d200000)
AC   0  F    TS     0 PTAMS 0x000000009d200000 NTAMS 0x000000009d200000 space 1024K,   0% used [0x000000009d200000, 0x000000009d300000)
AC   0  F    TS     0 PTAMS 0x000000009d300000 NTAMS 0x000000009d300000 space 1024K,   0% used [0x000000009d300000, 0x000000009d400000)
AC   0  F    TS     0 PTAMS 0x000000009d400000 NTAMS 0x000000009d400000 space 1024K,   0% used [0x000000009d400000, 0x000000009d500000)
AC   0  F    TS     0 PTAMS 0x000000009d500000 NTAMS 0x000000009d500000 space 1024K,   0% used [0x000000009d500000, 0x000000009d600000)
AC   0  F    TS     0 PTAMS 0x000000009d600000 NTAMS 0x000000009d600000 space 1024K,   0% used [0x000000009d600000, 0x000000009d700000)
AC   0  F    TS     0 PTAMS 0x000000009d700000 NTAMS 0x000000009d700000 space 1024K,   0% used [0x000000009d700000, 0x000000009d800000)
AC   0  F    TS     0 PTAMS 0x000000009d800000 NTAMS 0x000000009d800000 space 1024K,   0% used [0x000000009d800000, 0x000000009d900000)
AC   0  F    TS     0 PTAMS 0x000000009d900000 NTAMS 0x000000009d900000 space 1024K,   0% used [0x000000009d900000, 0x000000009da00000)
AC   0  F    TS     0 PTAMS 0x000000009da00000 NTAMS 0x000000009da00000 space 1024K,   0% used [0x000000009da00000, 0x000000009db00000)
AC   0  F    TS     0 PTAMS 0x000000009db00000 NTAMS 0x000000009db00000 space 1024K,   0% used [0x000000009db00000, 0x000000009dc00000)
AC   0  F    TS     0 PTAMS 0x000000009dc00000 NTAMS 0x000000009dc00000 space 1024K,   0% used [0x000000009dc00000, 0x000000009dd00000)
AC   0  F    TS     0 PTAMS 0x000000009dd00000 NTAMS 0x000000009dd00000 space 1024K,   0% used [0x000000009dd00000, 0x000000009de00000)
AC   0  F    TS     0 PTAMS 0x000000009de00000 NTAMS 0x000000009de00000 space 1024K,   0% used [0x000000009de00000, 0x000000009df00000)
AC   0  F    TS     0 PTAMS 0x000000009df00000 NTAMS 0x000000009df00000 space 1024K,   0% used [0x000000009df00000, 0x000000009e000000)
AC   0  F    TS     0 PTAMS 0x000000009e000000 NTAMS 0x000000009e000000 space 1024K,   0% used [0x000000009e000000, 0x000000009e100000)
AC   0  F    TS     0 PTAMS 0x000000009e100000 NTAMS 0x000000009e100000 space 1024K,   0% used [0x000000009e100000, 0x000000009e200000)
AC   0  F    TS     0 PTAMS 0x000000009e200000 NTAMS 0x000000009e200000 space 1024K,   0% used [0x000000009e200000, 0x000000009e300000)
AC   0  F    TS     0 PTAMS 0x000000009e300000 NTAMS 0x000000009e300000 space 1024K,   0% used [0x000000009e300000, 0x000000009e400000)
AC   0  F    TS     0 PTAMS 0x000000009e400000 NTAMS 0x000000009e400000 space 1024K,   0% used [0x000000009e400000, 0x000000009e500000)
AC   0  F    TS     0 PTAMS 0x000000009e500000 NTAMS 0x000000009e500000 space 1024K,   0% used [0x000000009e500000, 0x000000009e600000)
AC   0  F    TS     0 PTAMS 0x000000009e600000 NTAMS 0x000000009e600000 space 1024K,   0% used [0x000000009e600000, 0x000000009e700000)
AC   0  F    TS     0 PTAMS 0x000000009e700000 NTAMS 0x000000009e700000 space 1024K,   0% used [0x000000009e700000, 0x000000009e800000)
AC   0  F    TS     0 PTAMS 0x000000009e800000 NTAMS 0x000000009e800000 space 1024K,   0% used [0x000000009e800000, 0x000000009e900000)
AC   0  F    TS     0 PTAMS 0x000000009e900000 NTAMS 0x000000009e900000 space 1024K,   0% used [0x000000009e900000, 0x000000009ea00000)
AC   0  F    TS     0 PTAMS 0x000000009ea00000 NTAMS 0x000000009ea00000 space 1024K,   0% used [0x000000009ea00000, 0x000000009eb00000)
AC   0  F    TS     0 PTAMS 0x000000009eb00000 NTAMS 0x000000009eb00000 space 1024K,   0% used [0x000000009eb00000, 0x000000009ec00000)
AC   0  F    TS     0 PTAMS 0x000000009ec00000 NTAMS 0x000000009ec00000 space 1024K,   0% used [0x000000009ec00000, 0x000000009ed00000)
AC   0  F    TS     0 PTAMS 0x000000009ed00000 NTAMS 0x000000009ed00000 space 1024K,   0% used [0x000000009ed00000, 0x000000009ee00000)
AC   0  F    TS     0 PTAMS 0x000000009ee00000 NTAMS 0x000000009ee00000 space 1024K,   0% used [0x000000009ee00000, 0x000000009ef00000)
AC   0  F    TS     0 PTAMS 0x000000009ef00000 NTAMS 0x000000009ef00000 space 1024K,   0% used [0x000000009ef00000, 0x000000009f000000)
AC   0  F    TS     0 PTAMS 0x000000009f000000 NTAMS 0x000000009f000000 space 1024K,   0% used [0x000000009f000000, 0x000000009f100000)
AC   0  F    TS     0 PTAMS 0x000000009f100000 NTAMS 0x000000009f100000 space 1024K,   0% used [0x000000009f100000, 0x000000009f200000)
AC   0  F    TS     0 PTAMS 0x000000009f200000 NTAMS 0x000000009f200000 space 1024K,   0% used [0x000000009f200000, 0x000000009f300000)
AC   0  F    TS     0 PTAMS 0x000000009f300000 NTAMS 0x000000009f300000 space 1024K,   0% used [0x000000009f300000, 0x000000009f400000)
AC   0  F    TS     0 PTAMS 0x000000009f400000 NTAMS 0x000000009f400000 space 1024K,   0% used [0x000000009f400000, 0x000000009f500000)
AC   0  F    TS     0 PTAMS 0x000000009f500000 NTAMS 0x000000009f500000 space 1024K,   0% used [0x000000009f500000, 0x000000009f600000)
AC   0  F    TS     0 PTAMS 0x000000009f600000 NTAMS 0x000000009f600000 space 1024K,   0% used [0x000000009f600000, 0x000000009f700000)
AC   0  F    TS     0 PTAMS 0x000000009f700000 NTAMS 0x000000009f700000 space 1024K,   0% used [0x000000009f700000, 0x000000009f800000)
AC   0  F    TS     0 PTAMS 0x000000009f800000 NTAMS 0x000000009f800000 space 1024K,   0% used [0x000000009f800000, 0x000000009f900000)
AC   0  F    TS     0 PTAMS 0x000000009f900000 NTAMS 0x000000009f900000 space 1024K,   0% used [0x000000009f900000, 0x000000009fa00000)
AC   0  F    TS     0 PTAMS 0x000000009fa00000 NTAMS 0x000000009fa00000 space 1024K,   0% used [0x000000009fa00000, 0x000000009fb00000)
AC   0  F    TS     0 PTAMS 0x000000009fb00000 NTAMS 0x000000009fb00000 space 1024K,   0% used [0x000000009fb00000, 0x000000009fc00000)
AC   0  F    TS     0 PTAMS 0x000000009fc00000 NTAMS 0x000000009fc00000 space 1024K,   0% used [0x000000009fc00000, 0x000000009fd00000)
AC   0  F    TS     0 PTAMS 0x000000009fd00000 NTAMS 0x000000009fd00000 space 1024K,   0% used [0x000000009fd00000, 0x000000009fe00000)
AC   0  F    TS     0 PTAMS 0x000000009fe00000 NTAMS 0x000000009fe00000 space 1024K,   0% used [0x000000009fe00000, 0x000000009ff00000)
AC   0  F    TS     0 PTAMS 0x000000009ff00000 NTAMS 0x000000009ff00000 space 1024K,   0% used [0x000000009ff00000, 0x00000000a0000000)
AC   0  F    TS     0 PTAMS 0x00000000a0000000 NTAMS 0x00000000a0000000 space 1024K,   0% used [0x00000000a0000000, 0x00000000a0100000)
AC   0  F    TS     0 PTAMS 0x00000000a0100000 NTAMS 0x00000000a0100000 space 1024K,   0% used [0x00000000a0100000, 0x00000000a0200000)
AC   0  F    TS     0 PTAMS 0x00000000a0200000 NTAMS 0x00000000a0200000 space 1024K,   0% used [0x00000000a0200000, 0x00000000a0300000)
AC   0  F    TS     0 PTAMS 0x00000000a0300000 NTAMS 0x00000000a0300000 space 1024K,   0% used [0x00000000a0300000, 0x00000000a0400000)
AC   0  F    TS     0 PTAMS 0x00000000a0400000 NTAMS 0x00000000a0400000 space 1024K,   0% used [0x00000000a0400000, 0x00000000a0500000)
AC   0  F    TS     0 PTAMS 0x00000000a0500000 NTAMS 0x00000000a0500000 space 1024K,   0% used [0x00000000a0500000, 0x00000000a0600000)
AC   0  F    TS     0 PTAMS 0x00000000a0600000 NTAMS 0x00000000a0600000 space 1024K,   0% used [0x00000000a0600000, 0x00000000a0700000)
AC   0  F    TS     0 PTAMS 0x00000000a0700000 NTAMS 0x00000000a0700000 space 1024K,   0% used [0x00000000a0700000, 0x00000000a0800000)
AC   0  F    TS     0 PTAMS 0x00000000a0800000 NTAMS 0x00000000a0800000 space 1024K,   0% used [0x00000000a0800000, 0x00000000a0900000)
AC   0  F    TS     0 PTAMS 0x00000000a0900000 NTAMS 0x00000000a0900000 space 1024K,   0% used [0x00000000a0900000, 0x00000000a0a00000)
AC   0  F    TS     0 PTAMS 0x00000000a0a00000 NTAMS 0x00000000a0a00000 space 1024K,   0% used [0x00000000a0a00000, 0x00000000a0b00000)
AC   0  F    TS     0 PTAMS 0x00000000a0b00000 NTAMS 0x00000000a0b00000 space 1024K,   0% used [0x00000000a0b00000, 0x00000000a0c00000)
AC   0  F    TS     0 PTAMS 0x00000000a0c00000 NTAMS 0x00000000a0c00000 space 1024K,   0% used [0x00000000a0c00000, 0x00000000a0d00000)
AC   0  F    TS     0 PTAMS 0x00000000a0d00000 NTAMS 0x00000000a0d00000 space 1024K,   0% used [0x00000000a0d00000, 0x00000000a0e00000)
AC   0  F    TS     0 PTAMS 0x00000000a0e00000 NTAMS 0x00000000a0e00000 space 1024K,   0% used [0x00000000a0e00000, 0x00000000a0f00000)
AC   0  F    TS     0 PTAMS 0x00000000a0f00000 NTAMS 0x00000000a0f00000 space 1024K,   0% used [0x00000000a0f00000, 0x00000000a1000000)
AC   0  F    TS     0 PTAMS 0x00000000a1000000 NTAMS 0x00000000a1000000 space 1024K,   0% used [0x00000000a1000000, 0x00000000a1100000)
AC   0  F    TS     0 PTAMS 0x00000000a1100000 NTAMS 0x00000000a1100000 space 1024K,   0% used [0x00000000a1100000, 0x00000000a1200000)
AC   0  F    TS     0 PTAMS 0x00000000a1200000 NTAMS 0x00000000a1200000 space 1024K,   0% used [0x00000000a1200000, 0x00000000a1300000)
AC   0  F    TS     0 PTAMS 0x00000000a1300000 NTAMS 0x00000000a1300000 space 1024K,   0% used [0x00000000a1300000, 0x00000000a1400000)
AC   0  F    TS     0 PTAMS 0x00000000a1400000 NTAMS 0x00000000a1400000 space 1024K,   0% used [0x00000000a1400000, 0x00000000a1500000)
AC   0  F    TS     0 PTAMS 0x00000000a1500000 NTAMS 0x00000000a1500000 space 1024K,   0% used [0x00000000a1500000, 0x00000000a1600000)
AC   0  F    TS     0 PTAMS 0x00000000a1600000 NTAMS 0x00000000a1600000 space 1024K,   0% used [0x00000000a1600000, 0x00000000a1700000)
AC   0  F    TS     0 PTAMS 0x00000000a1700000 NTAMS 0x00000000a1700000 space 1024K,   0% used [0x00000000a1700000, 0x00000000a1800000)
AC   0  F    TS     0 PTAMS 0x00000000a1800000 NTAMS 0x00000000a1800000 space 1024K,   0% used [0x00000000a1800000, 0x00000000a1900000)
AC   0  F    TS     0 PTAMS 0x00000000a1900000 NTAMS 0x00000000a1900000 space 1024K,   0% used [0x00000000a1900000, 0x00000000a1a00000)
AC   0  F    TS     0 PTAMS 0x00000000a1a00000 NTAMS 0x00000000a1a00000 space 1024K,   0% used [0x00000000a1a00000, 0x00000000a1b00000)
AC   0  F    TS     0 PTAMS 0x00000000a1b00000 NTAMS 0x00000000a1b00000 space 1024K,   0% used [0x00000000a1b00000, 0x00000000a1c00000)
AC   0  F    TS     0 PTAMS 0x00000000a1c00000 NTAMS 0x00000000a1c00000 space 1024K,   0% used [0x00000000a1c00000, 0x00000000a1d00000)
AC   0  F    TS     0 PTAMS 0x00000000a1d00000 NTAMS 0x00000000a1d00000 space 1024K,   0% used [0x00000000a1d00000, 0x00000000a1e00000)
AC   0  F    TS     0 PTAMS 0x00000000a1e00000 NTAMS 0x00000000a1e00000 space 1024K,   0% used [0x00000000a1e00000, 0x00000000a1f00000)
AC   0  F    TS     0 PTAMS 0x00000000a1f00000 NTAMS 0x00000000a1f00000 space 1024K,   0% used [0x00000000a1f00000, 0x00000000a2000000)
AC   0  F    TS     0 PTAMS 0x00000000a2000000 NTAMS 0x00000000a2000000 space 1024K,   0% used [0x00000000a2000000, 0x00000000a2100000)
AC   0  F    TS     0 PTAMS 0x00000000a2100000 NTAMS 0x00000000a2100000 space 1024K,   0% used [0x00000000a2100000, 0x00000000a2200000)
AC   0  F    TS     0 PTAMS 0x00000000a2200000 NTAMS 0x00000000a2200000 space 1024K,   0% used [0x00000000a2200000, 0x00000000a2300000)
AC   0  F    TS     0 PTAMS 0x00000000a2300000 NTAMS 0x00000000a2300000 space 1024K,   0% used [0x00000000a2300000, 0x00000000a2400000)
AC   0  F    TS     0 PTAMS 0x00000000a2400000 NTAMS 0x00000000a2400000 space 1024K,   0% used [0x00000000a2400000, 0x00000000a2500000)
AC   0  F    TS     0 PTAMS 0x00000000a2500000 NTAMS 0x00000000a2500000 space 1024K,   0% used [0x00000000a2500000, 0x00000000a2600000)
AC   0  F    TS     0 PTAMS 0x00000000a2600000 NTAMS 0x00000000a2600000 space 1024K,   0% used [0x00000000a2600000, 0x00000000a2700000)
AC   0  F    TS     0 PTAMS 0x00000000a2700000 NTAMS 0x00000000a2700000 space 1024K,   0% used [0x00000000a2700000, 0x00000000a2800000)
AC   0  F    TS     0 PTAMS 0x00000000a2800000 NTAMS 0x00000000a2800000 space 1024K,   0% used [0x00000000a2800000, 0x00000000a2900000)
AC   0  F    TS     0 PTAMS 0x00000000a2900000 NTAMS 0x00000000a2900000 space 1024K,   0% used [0x00000000a2900000, 0x00000000a2a00000)
AC   0  F    TS     0 PTAMS 0x00000000a2a00000 NTAMS 0x00000000a2a00000 space 1024K,   0% used [0x00000000a2a00000, 0x00000000a2b00000)
AC   0  F    TS     0 PTAMS 0x00000000a2b00000 NTAMS 0x00000000a2b00000 space 1024K,   0% used [0x00000000a2b00000, 0x00000000a2c00000)
AC   0  F    TS     0 PTAMS 0x00000000a2c00000 NTAMS 0x00000000a2c00000 space 1024K,   0% used [0x00000000a2c00000, 0x00000000a2d00000)
AC   0  F    TS     0 PTAMS 0x00000000a2d00000 NTAMS 0x00000000a2d00000 space 1024K,   0% used [0x00000000a2d00000, 0x00000000a2e00000)
AC   0  F    TS     0 PTAMS 0x00000000a2e00000 NTAMS 0x00000000a2e00000 space 1024K,   0% used [0x00000000a2e00000, 0x00000000a2f00000)
AC   0  F    TS     0 PTAMS 0x00000000a2f00000 NTAMS 0x00000000a2f00000 space 1024K,   0% used [0x00000000a2f00000, 0x00000000a3000000)
AC   0  F    TS     0 PTAMS 0x00000000a3000000 NTAMS 0x00000000a3000000 space 1024K,   0% used [0x00000000a3000000, 0x00000000a3100000)
AC   0  F    TS     0 PTAMS 0x00000000a3100000 NTAMS 0x00000000a3100000 space 1024K,   0% used [0x00000000a3100000, 0x00000000a3200000)
AC   0  F    TS     0 PTAMS 0x00000000a3200000 NTAMS 0x00000000a3200000 space 1024K,   0% used [0x00000000a3200000, 0x00000000a3300000)
AC   0  F    TS     0 PTAMS 0x00000000a3300000 NTAMS 0x00000000a3300000 space 1024K,   0% used [0x00000000a3300000, 0x00000000a3400000)
AC   0  F    TS     0 PTAMS 0x00000000a3400000 NTAMS 0x00000000a3400000 space 1024K,   0% used [0x00000000a3400000, 0x00000000a3500000)
AC   0  F    TS     0 PTAMS 0x00000000a3500000 NTAMS 0x00000000a3500000 space 1024K,   0% used [0x00000000a3500000, 0x00000000a3600000)
AC   0  F    TS     0 PTAMS 0x00000000a3600000 NTAMS 0x00000000a3600000 space 1024K,   0% used [0x00000000a3600000, 0x00000000a3700000)
AC   0  F    TS     0 PTAMS 0x00000000a3700000 NTAMS 0x00000000a3700000 space 1024K,   0% used [0x00000000a3700000, 0x00000000a3800000)
AC   0  F    TS     0 PTAMS 0x00000000a3800000 NTAMS 0x00000000a3800000 space 1024K,   0% used [0x00000000a3800000, 0x00000000a3900000)
AC   0  F    TS     0 PTAMS 0x00000000a3900000 NTAMS 0x00000000a3900000 space 1024K,   0% used [0x00000000a3900000, 0x00000000a3a00000)
AC   0  F    TS     0 PTAMS 0x00000000a3a00000 NTAMS 0x00000000a3a00000 space 1024K,   0% used [0x00000000a3a00000, 0x00000000a3b00000)
AC   0  F    TS     0 PTAMS 0x00000000a3b00000 NTAMS 0x00000000a3b00000 space 1024K,   0% used [0x00000000a3b00000, 0x00000000a3c00000)
AC   0  F    TS     0 PTAMS 0x00000000a3c00000 NTAMS 0x00000000a3c00000 space 1024K,   0% used [0x00000000a3c00000, 0x00000000a3d00000)
AC   0  F    TS     0 PTAMS 0x00000000a3d00000 NTAMS 0x00000000a3d00000 space 1024K,   0% used [0x00000000a3d00000, 0x00000000a3e00000)
AC   0  F    TS     0 PTAMS 0x00000000a3e00000 NTAMS 0x00000000a3e00000 space 1024K,   0% used [0x00000000a3e00000, 0x00000000a3f00000)
AC   0  F    TS     0 PTAMS 0x00000000a3f00000 NTAMS 0x00000000a3f00000 space 1024K,   0% used [0x00000000a3f00000, 0x00000000a4000000)
AC   0  F    TS     0 PTAMS 0x00000000a4000000 NTAMS 0x00000000a4000000 space 1024K,   0% used [0x00000000a4000000, 0x00000000a4100000)
AC   0  F    TS     0 PTAMS 0x00000000a4100000 NTAMS 0x00000000a4100000 space 1024K,   0% used [0x00000000a4100000, 0x00000000a4200000)
AC   0  F    TS     0 PTAMS 0x00000000a4200000 NTAMS 0x00000000a4200000 space 1024K,   0% used [0x00000000a4200000, 0x00000000a4300000)
AC   0  F    TS     0 PTAMS 0x00000000a4300000 NTAMS 0x00000000a4300000 space 1024K,   0% used [0x00000000a4300000, 0x00000000a4400000)
AC   0  F    TS     0 PTAMS 0x00000000a4400000 NTAMS 0x00000000a4400000 space 1024K,   0% used [0x00000000a4400000, 0x00000000a4500000)
AC   0  F    TS     0 PTAMS 0x00000000a4500000 NTAMS 0x00000000a4500000 space 1024K,   0% used [0x00000000a4500000, 0x00000000a4600000)
AC   0  F    TS     0 PTAMS 0x00000000a4600000 NTAMS 0x00000000a4600000 space 1024K,   0% used [0x00000000a4600000, 0x00000000a4700000)
AC   0  F    TS     0 PTAMS 0x00000000a4700000 NTAMS 0x00000000a4700000 space 1024K,   0% used [0x00000000a4700000, 0x00000000a4800000)
AC   0  F    TS     0 PTAMS 0x00000000a4800000 NTAMS 0x00000000a4800000 space 1024K,   0% used [0x00000000a4800000, 0x00000000a4900000)
AC   0  F    TS     0 PTAMS 0x00000000a4900000 NTAMS 0x00000000a4900000 space 1024K,   0% used [0x00000000a4900000, 0x00000000a4a00000)
AC   0  F    TS     0 PTAMS 0x00000000a4a00000 NTAMS 0x00000000a4a00000 space 1024K,   0% used [0x00000000a4a00000, 0x00000000a4b00000)
AC   0  F    TS     0 PTAMS 0x00000000a4b00000 NTAMS 0x00000000a4b00000 space 1024K,   0% used [0x00000000a4b00000, 0x00000000a4c00000)
AC   0  F    TS     0 PTAMS 0x00000000a4c00000 NTAMS 0x00000000a4c00000 space 1024K,   0% used [0x00000000a4c00000, 0x00000000a4d00000)
AC   0  F    TS     0 PTAMS 0x00000000a4d00000 NTAMS 0x00000000a4d00000 space 1024K,   0% used [0x00000000a4d00000, 0x00000000a4e00000)
AC   0  F    TS     0 PTAMS 0x00000000a4e00000 NTAMS 0x00000000a4e00000 space 1024K,   0% used [0x00000000a4e00000, 0x00000000a4f00000)
AC   0  F    TS     0 PTAMS 0x00000000a4f00000 NTAMS 0x00000000a4f00000 space 1024K,   0% used [0x00000000a4f00000, 0x00000000a5000000)
AC   0  F    TS     0 PTAMS 0x00000000a5000000 NTAMS 0x00000000a5000000 space 1024K,   0% used [0x00000000a5000000, 0x00000000a5100000)
AC   0  F    TS     0 PTAMS 0x00000000a5100000 NTAMS 0x00000000a5100000 space 1024K,   0% used [0x00000000a5100000, 0x00000000a5200000)
AC   0  F    TS     0 PTAMS 0x00000000a5200000 NTAMS 0x00000000a5200000 space 1024K,   0% used [0x00000000a5200000, 0x00000000a5300000)
AC   0  F    TS     0 PTAMS 0x00000000a5300000 NTAMS 0x00000000a5300000 space 1024K,   0% used [0x00000000a5300000, 0x00000000a5400000)
AC   0  F    TS     0 PTAMS 0x00000000a5400000 NTAMS 0x00000000a5400000 space 1024K,   0% used [0x00000000a5400000, 0x00000000a5500000)
AC   0  F    TS     0 PTAMS 0x00000000a5500000 NTAMS 0x00000000a5500000 space 1024K,   0% used [0x00000000a5500000, 0x00000000a5600000)
AC   0  F    TS     0 PTAMS 0x00000000a5600000 NTAMS 0x00000000a5600000 space 1024K,   0% used [0x00000000a5600000, 0x00000000a5700000)
AC   0  F    TS     0 PTAMS 0x00000000a5700000 NTAMS 0x00000000a5700000 space 1024K,   0% used [0x00000000a5700000, 0x00000000a5800000)
AC   0  F    TS     0 PTAMS 0x00000000a5800000 NTAMS 0x00000000a5800000 space 1024K,   0% used [0x00000000a5800000, 0x00000000a5900000)
AC   0  F    TS     0 PTAMS 0x00000000a5900000 NTAMS 0x00000000a5900000 space 1024K,   0% used [0x00000000a5900000, 0x00000000a5a00000)
AC   0  F    TS     0 PTAMS 0x00000000a5a00000 NTAMS 0x00000000a5a00000 space 1024K,   0% used [0x00000000a5a00000, 0x00000000a5b00000)
AC   0  F    TS     0 PTAMS 0x00000000a5b00000 NTAMS 0x00000000a5b00000 space 1024K,   0% used [0x00000000a5b00000, 0x00000000a5c00000)
AC   0  F    TS     0 PTAMS 0x00000000a5c00000 NTAMS 0x00000000a5c00000 space 1024K,   0% used [0x00000000a5c00000, 0x00000000a5d00000)
AC   0  F    TS     0 PTAMS 0x00000000a5d00000 NTAMS 0x00000000a5d00000 space 1024K,   0% used [0x00000000a5d00000, 0x00000000a5e00000)
AC   0  F    TS     0 PTAMS 0x00000000a5e00000 NTAMS 0x00000000a5e00000 space 1024K,   0% used [0x00000000a5e00000, 0x00000000a5f00000)
AC   0  F    TS     0 PTAMS 0x00000000a5f00000 NTAMS 0x00000000a5f00000 space 1024K,   0% used [0x00000000a5f00000, 0x00000000a6000000)
AC   0  F    TS     0 PTAMS 0x00000000a6000000 NTAMS 0x00000000a6000000 space 1024K,   0% used [0x00000000a6000000, 0x00000000a6100000)
AC   0  F    TS     0 PTAMS 0x00000000a6100000 NTAMS 0x00000000a6100000 space 1024K,   0% used [0x00000000a6100000, 0x00000000a6200000)
AC   0  F    TS     0 PTAMS 0x00000000a6200000 NTAMS 0x00000000a6200000 space 1024K,   0% used [0x00000000a6200000, 0x00000000a6300000)
AC   0  F    TS     0 PTAMS 0x00000000a6300000 NTAMS 0x00000000a6300000 space 1024K,   0% used [0x00000000a6300000, 0x00000000a6400000)
AC   0  F    TS     0 PTAMS 0x00000000a6400000 NTAMS 0x00000000a6400000 space 1024K,   0% used [0x00000000a6400000, 0x00000000a6500000)
AC   0  F    TS     0 PTAMS 0x00000000a6500000 NTAMS 0x00000000a6500000 space 1024K,   0% used [0x00000000a6500000, 0x00000000a6600000)
AC   0  F    TS     1 PTAMS 0x00000000a6600000 NTAMS 0x00000000a6600000 space 1024K,   0% used [0x00000000a6600000, 0x00000000a6700000)
AC   0  F    TS     1 PTAMS 0x00000000a6700000 NTAMS 0x00000000a6700000 space 1024K,   0% used [0x00000000a6700000, 0x00000000a6800000)
AC   0  F    TS     1 PTAMS 0x00000000a6800000 NTAMS 0x00000000a6800000 space 1024K,   0% used [0x00000000a6800000, 0x00000000a6900000)
AC   0  F    TS     1 PTAMS 0x00000000a6900000 NTAMS 0x00000000a6900000 space 1024K,   0% used [0x00000000a6900000, 0x00000000a6a00000)
AC   0  F    TS     1 PTAMS 0x00000000a6a00000 NTAMS 0x00000000a6a00000 space 1024K,   0% used [0x00000000a6a00000, 0x00000000a6b00000)
AC   0  F    TS     1 PTAMS 0x00000000a6b00000 NTAMS 0x00000000a6b00000 space 1024K,   0% used [0x00000000a6b00000, 0x00000000a6c00000)
AC   0  F    TS     1 PTAMS 0x00000000a6c00000 NTAMS 0x00000000a6c00000 space 1024K,   0% used [0x00000000a6c00000, 0x00000000a6d00000)
AC   0  F    TS     1 PTAMS 0x00000000a6d00000 NTAMS 0x00000000a6d00000 space 1024K,   0% used [0x00000000a6d00000, 0x00000000a6e00000)
AC   0  F    TS     1 PTAMS 0x00000000a6e00000 NTAMS 0x00000000a6e00000 space 1024K,   0% used [0x00000000a6e00000, 0x00000000a6f00000)
AC   0  F    TS     1 PTAMS 0x00000000a6f00000 NTAMS 0x00000000a6f00000 space 1024K,   0% used [0x00000000a6f00000, 0x00000000a7000000)
AC   0  F    TS     1 PTAMS 0x00000000a7000000 NTAMS 0x00000000a7000000 space 1024K,   0% used [0x00000000a7000000, 0x00000000a7100000)
AC   0  F    TS     1 PTAMS 0x00000000a7100000 NTAMS 0x00000000a7100000 space 1024K,   0% used [0x00000000a7100000, 0x00000000a7200000)
AC   0  F    TS     1 PTAMS 0x00000000a7200000 NTAMS 0x00000000a7200000 space 1024K,   0% used [0x00000000a7200000, 0x00000000a7300000)
AC   0  F    TS     1 PTAMS 0x00000000a7300000 NTAMS 0x00000000a7300000 space 1024K,   0% used [0x00000000a7300000, 0x00000000a7400000)
AC   0  F    TS     1 PTAMS 0x00000000a7400000 NTAMS 0x00000000a7400000 space 1024K,   0% used [0x00000000a7400000, 0x00000000a7500000)
AC   0  F    TS     1 PTAMS 0x00000000a7500000 NTAMS 0x00000000a7500000 space 1024K,   0% used [0x00000000a7500000, 0x00000000a7600000)
AC   0  F    TS     1 PTAMS 0x00000000a7600000 NTAMS 0x00000000a7600000 space 1024K,   0% used [0x00000000a7600000, 0x00000000a7700000)
AC   0  F    TS     1 PTAMS 0x00000000a7700000 NTAMS 0x00000000a7700000 space 1024K,   0% used [0x00000000a7700000, 0x00000000a7800000)
AC   0  F    TS     1 PTAMS 0x00000000a7800000 NTAMS 0x00000000a7800000 space 1024K,   0% used [0x00000000a7800000, 0x00000000a7900000)
AC   0  F    TS     1 PTAMS 0x00000000a7900000 NTAMS 0x00000000a7900000 space 1024K,   0% used [0x00000000a7900000, 0x00000000a7a00000)
AC   0  F    TS     1 PTAMS 0x00000000a7a00000 NTAMS 0x00000000a7a00000 space 1024K,   0% used [0x00000000a7a00000, 0x00000000a7b00000)
AC   0  F    TS     1 PTAMS 0x00000000a7b00000 NTAMS 0x00000000a7b00000 space 1024K,   0% used [0x00000000a7b00000, 0x00000000a7c00000)
AC   0  F    TS     1 PTAMS 0x00000000a7c00000 NTAMS 0x00000000a7c00000 space 1024K,   0% used [0x00000000a7c00000, 0x00000000a7d00000)
AC   0  F    TS     1 PTAMS 0x00000000a7d00000 NTAMS 0x00000000a7d00000 space 1024K,   0% used [0x00000000a7d00000, 0x00000000a7e00000)
AC   0  F    TS     1 PTAMS 0x00000000a7e00000 NTAMS 0x00000000a7e00000 space 1024K,   0% used [0x00000000a7e00000, 0x00000000a7f00000)
AC   0  F    TS     1 PTAMS 0x00000000a7f00000 NTAMS 0x00000000a7f00000 space 1024K,   0% used [0x00000000a7f00000, 0x00000000a8000000)
AC   0  F    TS     1 PTAMS 0x00000000a8000000 NTAMS 0x00000000a8000000 space 1024K,   0% used [0x00000000a8000000, 0x00000000a8100000)
AC   0  F    TS     1 PTAMS 0x00000000a8100000 NTAMS 0x00000000a8100000 space 1024K,   0% used [0x00000000a8100000, 0x00000000a8200000)
AC   0  F    TS     1 PTAMS 0x00000000a8200000 NTAMS 0x00000000a8200000 space 1024K,   0% used [0x00000000a8200000, 0x00000000a8300000)
AC   0  F    TS     1 PTAMS 0x00000000a8300000 NTAMS 0x00000000a8300000 space 1024K,   0% used [0x00000000a8300000, 0x00000000a8400000)
AC   0  F    TS     1 PTAMS 0x00000000a8400000 NTAMS 0x00000000a8400000 space 1024K,   0% used [0x00000000a8400000, 0x00000000a8500000)
AC   0  F    TS     1 PTAMS 0x00000000a8500000 NTAMS 0x00000000a8500000 space 1024K,   0% used [0x00000000a8500000, 0x00000000a8600000)
AC   0  F    TS     1 PTAMS 0x00000000a8600000 NTAMS 0x00000000a8600000 space 1024K,   0% used [0x00000000a8600000, 0x00000000a8700000)
AC   0  F    TS     1 PTAMS 0x00000000a8700000 NTAMS 0x00000000a8700000 space 1024K,   0% used [0x00000000a8700000, 0x00000000a8800000)
AC   0  F    TS     1 PTAMS 0x00000000a8800000 NTAMS 0x00000000a8800000 space 1024K,   0% used [0x00000000a8800000, 0x00000000a8900000)
AC   0  F    TS     1 PTAMS 0x00000000a8900000 NTAMS 0x00000000a8900000 space 1024K,   0% used [0x00000000a8900000, 0x00000000a8a00000)
AC   0  F    TS     1 PTAMS 0x00000000a8a00000 NTAMS 0x00000000a8a00000 space 1024K,   0% used [0x00000000a8a00000, 0x00000000a8b00000)
AC   0  F    TS     1 PTAMS 0x00000000a8b00000 NTAMS 0x00000000a8b00000 space 1024K,   0% used [0x00000000a8b00000, 0x00000000a8c00000)
AC   0  F    TS     1 PTAMS 0x00000000a8c00000 NTAMS 0x00000000a8c00000 space 1024K,   0% used [0x00000000a8c00000, 0x00000000a8d00000)
AC   0  F    TS     1 PTAMS 0x00000000a8d00000 NTAMS 0x00000000a8d00000 space 1024K,   0% used [0x00000000a8d00000, 0x00000000a8e00000)
AC   0  F    TS     1 PTAMS 0x00000000a8e00000 NTAMS 0x00000000a8e00000 space 1024K,   0% used [0x00000000a8e00000, 0x00000000a8f00000)
AC   0  F    TS     1 PTAMS 0x00000000a8f00000 NTAMS 0x00000000a8f00000 space 1024K,   0% used [0x00000000a8f00000, 0x00000000a9000000)
AC   0  F    TS     1 PTAMS 0x00000000a9000000 NTAMS 0x00000000a9000000 space 1024K,   0% used [0x00000000a9000000, 0x00000000a9100000)
AC   0  F    TS     1 PTAMS 0x00000000a9100000 NTAMS 0x00000000a9100000 space 1024K,   0% used [0x00000000a9100000, 0x00000000a9200000)
AC   0  F    TS     1 PTAMS 0x00000000a9200000 NTAMS 0x00000000a9200000 space 1024K,   0% used [0x00000000a9200000, 0x00000000a9300000)
AC   0  F    TS     1 PTAMS 0x00000000a9300000 NTAMS 0x00000000a9300000 space 1024K,   0% used [0x00000000a9300000, 0x00000000a9400000)
AC   0  F    TS     1 PTAMS 0x00000000a9400000 NTAMS 0x00000000a9400000 space 1024K,   0% used [0x00000000a9400000, 0x00000000a9500000)
AC   0  F    TS     1 PTAMS 0x00000000a9500000 NTAMS 0x00000000a9500000 space 1024K,   0% used [0x00000000a9500000, 0x00000000a9600000)
AC   0  F    TS     1 PTAMS 0x00000000a9600000 NTAMS 0x00000000a9600000 space 1024K,   0% used [0x00000000a9600000, 0x00000000a9700000)
AC   0  F    TS     1 PTAMS 0x00000000a9700000 NTAMS 0x00000000a9700000 space 1024K,   0% used [0x00000000a9700000, 0x00000000a9800000)
AC   0  F    TS     1 PTAMS 0x00000000a9800000 NTAMS 0x00000000a9800000 space 1024K,   0% used [0x00000000a9800000, 0x00000000a9900000)
AC   0  F    TS     1 PTAMS 0x00000000a9900000 NTAMS 0x00000000a9900000 space 1024K,   0% used [0x00000000a9900000, 0x00000000a9a00000)
AC   0  F    TS     1 PTAMS 0x00000000a9a00000 NTAMS 0x00000000a9a00000 space 1024K,   0% used [0x00000000a9a00000, 0x00000000a9b00000)
AC   0  F    TS     1 PTAMS 0x00000000a9b00000 NTAMS 0x00000000a9b00000 space 1024K,   0% used [0x00000000a9b00000, 0x00000000a9c00000)
AC   0  F    TS     1 PTAMS 0x00000000a9c00000 NTAMS 0x00000000a9c00000 space 1024K,   0% used [0x00000000a9c00000, 0x00000000a9d00000)
AC   0  F    TS     1 PTAMS 0x00000000a9d00000 NTAMS 0x00000000a9d00000 space 1024K,   0% used [0x00000000a9d00000, 0x00000000a9e00000)
AC   0  F    TS     1 PTAMS 0x00000000a9e00000 NTAMS 0x00000000a9e00000 space 1024K,   0% used [0x00000000a9e00000, 0x00000000a9f00000)
AC   0  F    TS     1 PTAMS 0x00000000a9f00000 NTAMS 0x00000000a9f00000 space 1024K,   0% used [0x00000000a9f00000, 0x00000000aa000000)
AC   0  F    TS     1 PTAMS 0x00000000aa000000 NTAMS 0x00000000aa000000 space 1024K,   0% used [0x00000000aa000000, 0x00000000aa100000)
AC   0  F    TS     1 PTAMS 0x00000000aa100000 NTAMS 0x00000000aa100000 space 1024K,   0% used [0x00000000aa100000, 0x00000000aa200000)
AC   0  F    TS     1 PTAMS 0x00000000aa200000 NTAMS 0x00000000aa200000 space 1024K,   0% used [0x00000000aa200000, 0x00000000aa300000)
AC   0  F    TS     1 PTAMS 0x00000000aa300000 NTAMS 0x00000000aa300000 space 1024K,   0% used [0x00000000aa300000, 0x00000000aa400000)
AC   0  F    TS     1 PTAMS 0x00000000aa400000 NTAMS 0x00000000aa400000 space 1024K,   0% used [0x00000000aa400000, 0x00000000aa500000)
AC   0  F    TS     1 PTAMS 0x00000000aa500000 NTAMS 0x00000000aa500000 space 1024K,   0% used [0x00000000aa500000, 0x00000000aa600000)
AC   0  F    TS     1 PTAMS 0x00000000aa600000 NTAMS 0x00000000aa600000 space 1024K,   0% used [0x00000000aa600000, 0x00000000aa700000)
AC   0  F    TS     1 PTAMS 0x00000000aa700000 NTAMS 0x00000000aa700000 space 1024K,   0% used [0x00000000aa700000, 0x00000000aa800000)
AC   0  F    TS     1 PTAMS 0x00000000aa800000 NTAMS 0x00000000aa800000 space 1024K,   0% used [0x00000000aa800000, 0x00000000aa900000)
AC   0  F    TS     1 PTAMS 0x00000000aa900000 NTAMS 0x00000000aa900000 space 1024K,   0% used [0x00000000aa900000, 0x00000000aaa00000)
AC   0  F    TS     1 PTAMS 0x00000000aaa00000 NTAMS 0x00000000aaa00000 space 1024K,   0% used [0x00000000aaa00000, 0x00000000aab00000)
AC   0  F    TS     1 PTAMS 0x00000000aab00000 NTAMS 0x00000000aab00000 space 1024K,   0% used [0x00000000aab00000, 0x00000000aac00000)
AC   0  F    TS     1 PTAMS 0x00000000aac00000 NTAMS 0x00000000aac00000 space 1024K,   0% used [0x00000000aac00000, 0x00000000aad00000)
AC   0  F    TS     1 PTAMS 0x00000000aad00000 NTAMS 0x00000000aad00000 space 1024K,   0% used [0x00000000aad00000, 0x00000000aae00000)
AC   0  F    TS     1 PTAMS 0x00000000aae00000 NTAMS 0x00000000aae00000 space 1024K,   0% used [0x00000000aae00000, 0x00000000aaf00000)
AC   0  F    TS     1 PTAMS 0x00000000aaf00000 NTAMS 0x00000000aaf00000 space 1024K,   0% used [0x00000000aaf00000, 0x00000000ab000000)
AC   0  F    TS     1 PTAMS 0x00000000ab000000 NTAMS 0x00000000ab000000 space 1024K,   0% used [0x00000000ab000000, 0x00000000ab100000)
AC   0  F    TS     1 PTAMS 0x00000000ab100000 NTAMS 0x00000000ab100000 space 1024K,   0% used [0x00000000ab100000, 0x00000000ab200000)
AC   0  F    TS     1 PTAMS 0x00000000ab200000 NTAMS 0x00000000ab200000 space 1024K,   0% used [0x00000000ab200000, 0x00000000ab300000)
AC   0  F    TS     1 PTAMS 0x00000000ab300000 NTAMS 0x00000000ab300000 space 1024K,   0% used [0x00000000ab300000, 0x00000000ab400000)
AC   0  F    TS     1 PTAMS 0x00000000ab400000 NTAMS 0x00000000ab400000 space 1024K,   0% used [0x00000000ab400000, 0x00000000ab500000)
AC   0  F    TS     1 PTAMS 0x00000000ab500000 NTAMS 0x00000000ab500000 space 1024K,   0% used [0x00000000ab500000, 0x00000000ab600000)
AC   0  F    TS     1 PTAMS 0x00000000ab600000 NTAMS 0x00000000ab600000 space 1024K,   0% used [0x00000000ab600000, 0x00000000ab700000)
AC   0  F    TS     1 PTAMS 0x00000000ab700000 NTAMS 0x00000000ab700000 space 1024K,   0% used [0x00000000ab700000, 0x00000000ab800000)
AC   0  F    TS     1 PTAMS 0x00000000ab800000 NTAMS 0x00000000ab800000 space 1024K,   0% used [0x00000000ab800000, 0x00000000ab900000)
AC   0  F    TS     1 PTAMS 0x00000000ab900000 NTAMS 0x00000000ab900000 space 1024K,   0% used [0x00000000ab900000, 0x00000000aba00000)
AC   0  F    TS     1 PTAMS 0x00000000aba00000 NTAMS 0x00000000aba00000 space 1024K,   0% used [0x00000000aba00000, 0x00000000abb00000)
AC   0  F    TS     1 PTAMS 0x00000000abb00000 NTAMS 0x00000000abb00000 space 1024K,   0% used [0x00000000abb00000, 0x00000000abc00000)
AC   0  F    TS     1 PTAMS 0x00000000abc00000 NTAMS 0x00000000abc00000 space 1024K,   0% used [0x00000000abc00000, 0x00000000abd00000)
AC   0  F    TS     1 PTAMS 0x00000000abd00000 NTAMS 0x00000000abd00000 space 1024K,   0% used [0x00000000abd00000, 0x00000000abe00000)
AC   0  F    TS     1 PTAMS 0x00000000abe00000 NTAMS 0x00000000abe00000 space 1024K,   0% used [0x00000000abe00000, 0x00000000abf00000)
AC   0  F    TS     1 PTAMS 0x00000000abf00000 NTAMS 0x00000000abf00000 space 1024K,   0% used [0x00000000abf00000, 0x00000000ac000000)
AC   0  F    TS     1 PTAMS 0x00000000ac000000 NTAMS 0x00000000ac000000 space 1024K,   0% used [0x00000000ac000000, 0x00000000ac100000)
AC   0  F    TS     1 PTAMS 0x00000000ac100000 NTAMS 0x00000000ac100000 space 1024K,   0% used [0x00000000ac100000, 0x00000000ac200000)
AC   0  F    TS     1 PTAMS 0x00000000ac200000 NTAMS 0x00000000ac200000 space 1024K,   0% used [0x00000000ac200000, 0x00000000ac300000)
AC   0  F    TS     1 PTAMS 0x00000000ac300000 NTAMS 0x00000000ac300000 space 1024K,   0% used [0x00000000ac300000, 0x00000000ac400000)
AC   0  F    TS     1 PTAMS 0x00000000ac400000 NTAMS 0x00000000ac400000 space 1024K,   0% used [0x00000000ac400000, 0x00000000ac500000)
AC   0  F    TS     1 PTAMS 0x00000000ac500000 NTAMS 0x00000000ac500000 space 1024K,   0% used [0x00000000ac500000, 0x00000000ac600000)
AC   0  F    TS     1 PTAMS 0x00000000ac600000 NTAMS 0x00000000ac600000 space 1024K,   0% used [0x00000000ac600000, 0x00000000ac700000)
AC   0  F    TS     1 PTAMS 0x00000000ac700000 NTAMS 0x00000000ac700000 space 1024K,   0% used [0x00000000ac700000, 0x00000000ac800000)
AC   0  F    TS     1 PTAMS 0x00000000ac800000 NTAMS 0x00000000ac800000 space 1024K,   0% used [0x00000000ac800000, 0x00000000ac900000)
AC   0  F    TS     1 PTAMS 0x00000000ac900000 NTAMS 0x00000000ac900000 space 1024K,   0% used [0x00000000ac900000, 0x00000000aca00000)
AC   0  F    TS     1 PTAMS 0x00000000aca00000 NTAMS 0x00000000aca00000 space 1024K,   0% used [0x00000000aca00000, 0x00000000acb00000)
AC   0  F    TS     1 PTAMS 0x00000000acb00000 NTAMS 0x00000000acb00000 space 1024K,   0% used [0x00000000acb00000, 0x00000000acc00000)
AC   0  F    TS     1 PTAMS 0x00000000acc00000 NTAMS 0x00000000acc00000 space 1024K,   0% used [0x00000000acc00000, 0x00000000acd00000)
AC   0  F    TS     1 PTAMS 0x00000000acd00000 NTAMS 0x00000000acd00000 space 1024K,   0% used [0x00000000acd00000, 0x00000000ace00000)
AC   0  F    TS     1 PTAMS 0x00000000ace00000 NTAMS 0x00000000ace00000 space 1024K,   0% used [0x00000000ace00000, 0x00000000acf00000)
AC   0  F    TS     1 PTAMS 0x00000000acf00000 NTAMS 0x00000000acf00000 space 1024K,   0% used [0x00000000acf00000, 0x00000000ad000000)
AC   0  F    TS     1 PTAMS 0x00000000ad000000 NTAMS 0x00000000ad000000 space 1024K,   0% used [0x00000000ad000000, 0x00000000ad100000)
AC   0  F    TS     1 PTAMS 0x00000000ad100000 NTAMS 0x00000000ad100000 space 1024K,   0% used [0x00000000ad100000, 0x00000000ad200000)
AC   0  F    TS     1 PTAMS 0x00000000ad200000 NTAMS 0x00000000ad200000 space 1024K,   0% used [0x00000000ad200000, 0x00000000ad300000)
AC   0  F    TS     1 PTAMS 0x00000000ad300000 NTAMS 0x00000000ad300000 space 1024K,   0% used [0x00000000ad300000, 0x00000000ad400000)
AC   0  F    TS     1 PTAMS 0x00000000ad400000 NTAMS 0x00000000ad400000 space 1024K,   0% used [0x00000000ad400000, 0x00000000ad500000)
AC   0  F    TS     1 PTAMS 0x00000000ad500000 NTAMS 0x00000000ad500000 space 1024K,   0% used [0x00000000ad500000, 0x00000000ad600000)
AC   0  F    TS     1 PTAMS 0x00000000ad600000 NTAMS 0x00000000ad600000 space 1024K,   0% used [0x00000000ad600000, 0x00000000ad700000)
AC   0  F    TS     1 PTAMS 0x00000000ad700000 NTAMS 0x00000000ad700000 space 1024K,   0% used [0x00000000ad700000, 0x00000000ad800000)
AC   0  F    TS     1 PTAMS 0x00000000ad800000 NTAMS 0x00000000ad800000 space 1024K,   0% used [0x00000000ad800000, 0x00000000ad900000)
AC   0  F    TS     1 PTAMS 0x00000000ad900000 NTAMS 0x00000000ad900000 space 1024K,   0% used [0x00000000ad900000, 0x00000000ada00000)
AC   0  F    TS     1 PTAMS 0x00000000ada00000 NTAMS 0x00000000ada00000 space 1024K,   0% used [0x00000000ada00000, 0x00000000adb00000)
AC   0  F    TS     1 PTAMS 0x00000000adb00000 NTAMS 0x00000000adb00000 space 1024K,   0% used [0x00000000adb00000, 0x00000000adc00000)
AC   0  F    TS     1 PTAMS 0x00000000adc00000 NTAMS 0x00000000adc00000 space 1024K,   0% used [0x00000000adc00000, 0x00000000add00000)
AC   0  F    TS     1 PTAMS 0x00000000add00000 NTAMS 0x00000000add00000 space 1024K,   0% used [0x00000000add00000, 0x00000000ade00000)
AC   0  F    TS     1 PTAMS 0x00000000ade00000 NTAMS 0x00000000ade00000 space 1024K,   0% used [0x00000000ade00000, 0x00000000adf00000)
AC   0  F    TS     1 PTAMS 0x00000000adf00000 NTAMS 0x00000000adf00000 space 1024K,   0% used [0x00000000adf00000, 0x00000000ae000000)
AC   0  F    TS     1 PTAMS 0x00000000ae000000 NTAMS 0x00000000ae000000 space 1024K,   0% used [0x00000000ae000000, 0x00000000ae100000)
AC   0  F    TS     1 PTAMS 0x00000000ae100000 NTAMS 0x00000000ae100000 space 1024K,   0% used [0x00000000ae100000, 0x00000000ae200000)
AC   0  F    TS     1 PTAMS 0x00000000ae200000 NTAMS 0x00000000ae200000 space 1024K,   0% used [0x00000000ae200000, 0x00000000ae300000)
AC   0  F    TS     1 PTAMS 0x00000000ae300000 NTAMS 0x00000000ae300000 space 1024K,   0% used [0x00000000ae300000, 0x00000000ae400000)
AC   0  F    TS     1 PTAMS 0x00000000ae400000 NTAMS 0x00000000ae400000 space 1024K,   0% used [0x00000000ae400000, 0x00000000ae500000)
AC   0  F    TS     1 PTAMS 0x00000000ae500000 NTAMS 0x00000000ae500000 space 1024K,   0% used [0x00000000ae500000, 0x00000000ae600000)
AC   0  F    TS     1 PTAMS 0x00000000ae600000 NTAMS 0x00000000ae600000 space 1024K,   0% used [0x00000000ae600000, 0x00000000ae700000)
AC   0  F    TS     1 PTAMS 0x00000000ae700000 NTAMS 0x00000000ae700000 space 1024K,   0% used [0x00000000ae700000, 0x00000000ae800000)
AC   0  F    TS     1 PTAMS 0x00000000ae800000 NTAMS 0x00000000ae800000 space 1024K,   0% used [0x00000000ae800000, 0x00000000ae900000)
AC   0  F    TS     1 PTAMS 0x00000000ae900000 NTAMS 0x00000000ae900000 space 1024K,   0% used [0x00000000ae900000, 0x00000000aea00000)
AC   0  F    TS     1 PTAMS 0x00000000aea00000 NTAMS 0x00000000aea00000 space 1024K,   0% used [0x00000000aea00000, 0x00000000aeb00000)
AC   0  F    TS     1 PTAMS 0x00000000aeb00000 NTAMS 0x00000000aeb00000 space 1024K,   0% used [0x00000000aeb00000, 0x00000000aec00000)
AC   0  F    TS     1 PTAMS 0x00000000aec00000 NTAMS 0x00000000aec00000 space 1024K,   0% used [0x00000000aec00000, 0x00000000aed00000)
AC   0  F    TS     1 PTAMS 0x00000000aed00000 NTAMS 0x00000000aed00000 space 1024K,   0% used [0x00000000aed00000, 0x00000000aee00000)
AC   0  F    TS     1 PTAMS 0x00000000aee00000 NTAMS 0x00000000aee00000 space 1024K,   0% used [0x00000000aee00000, 0x00000000aef00000)
AC   0  F    TS     1 PTAMS 0x00000000aef00000 NTAMS 0x00000000aef00000 space 1024K,   0% used [0x00000000aef00000, 0x00000000af000000)
AC   0  F    TS     1 PTAMS 0x00000000af000000 NTAMS 0x00000000af000000 space 1024K,   0% used [0x00000000af000000, 0x00000000af100000)
AC   0  F    TS     1 PTAMS 0x00000000af100000 NTAMS 0x00000000af100000 space 1024K,   0% used [0x00000000af100000, 0x00000000af200000)
AC   0  F    TS     1 PTAMS 0x00000000af200000 NTAMS 0x00000000af200000 space 1024K,   0% used [0x00000000af200000, 0x00000000af300000)
AC   0  S CS TS     3 PTAMS 0x00000000af300000 NTAMS 0x00000000af300000 space 1024K,  38% used [0x00000000af300000, 0x00000000af400000)
AC   0  S CS TS     3 PTAMS 0x00000000af400000 NTAMS 0x00000000af400000 space 1024K, 100% used [0x00000000af400000, 0x00000000af500000)
AC   0  S CS TS     3 PTAMS 0x00000000af500000 NTAMS 0x00000000af500000 space 1024K, 100% used [0x00000000af500000, 0x00000000af600000)
AC   0  S CS TS     3 PTAMS 0x00000000af600000 NTAMS 0x00000000af600000 space 1024K, 100% used [0x00000000af600000, 0x00000000af700000)
AC   0  S CS TS     3 PTAMS 0x00000000af700000 NTAMS 0x00000000af700000 space 1024K, 100% used [0x00000000af700000, 0x00000000af800000)
AC   0  S CS TS     3 PTAMS 0x00000000af800000 NTAMS 0x00000000af800000 space 1024K, 100% used [0x00000000af800000, 0x00000000af900000)
AC   0  S CS TS     3 PTAMS 0x00000000af900000 NTAMS 0x00000000af900000 space 1024K, 100% used [0x00000000af900000, 0x00000000afa00000)
AC   0  S CS TS     3 PTAMS 0x00000000afa00000 NTAMS 0x00000000afa00000 space 1024K, 100% used [0x00000000afa00000, 0x00000000afb00000)
AC   0  S CS TS     3 PTAMS 0x00000000afb00000 NTAMS 0x00000000afb00000 space 1024K, 100% used [0x00000000afb00000, 0x00000000afc00000)
AC   0  F    TS     1 PTAMS 0x00000000afc00000 NTAMS 0x00000000afc00000 space 1024K,   0% used [0x00000000afc00000, 0x00000000afd00000)
AC   0  F    TS     1 PTAMS 0x00000000afd00000 NTAMS 0x00000000afd00000 space 1024K,   0% used [0x00000000afd00000, 0x00000000afe00000)
AC   0  F    TS     1 PTAMS 0x00000000afe00000 NTAMS 0x00000000afe00000 space 1024K,   0% used [0x00000000afe00000, 0x00000000aff00000)
AC   0  F    TS     1 PTAMS 0x00000000aff00000 NTAMS 0x00000000aff00000 space 1024K,   0% used [0x00000000aff00000, 0x00000000b0000000)
AC   0  F    TS     1 PTAMS 0x00000000b0000000 NTAMS 0x00000000b0000000 space 1024K,   0% used [0x00000000b0000000, 0x00000000b0100000)
AC   0  F    TS     1 PTAMS 0x00000000b0100000 NTAMS 0x00000000b0100000 space 1024K,   0% used [0x00000000b0100000, 0x00000000b0200000)
AC   0  F    TS     1 PTAMS 0x00000000b0200000 NTAMS 0x00000000b0200000 space 1024K,   0% used [0x00000000b0200000, 0x00000000b0300000)
AC   0  F    TS     1 PTAMS 0x00000000b0300000 NTAMS 0x00000000b0300000 space 1024K,   0% used [0x00000000b0300000, 0x00000000b0400000)
AC   0  F    TS     1 PTAMS 0x00000000b0400000 NTAMS 0x00000000b0400000 space 1024K,   0% used [0x00000000b0400000, 0x00000000b0500000)
AC   0  F    TS     1 PTAMS 0x00000000b0500000 NTAMS 0x00000000b0500000 space 1024K,   0% used [0x00000000b0500000, 0x00000000b0600000)
AC   0  F    TS     1 PTAMS 0x00000000b0600000 NTAMS 0x00000000b0600000 space 1024K,   0% used [0x00000000b0600000, 0x00000000b0700000)
AC   0  F    TS     1 PTAMS 0x00000000b0700000 NTAMS 0x00000000b0700000 space 1024K,   0% used [0x00000000b0700000, 0x00000000b0800000)
AC   0  F    TS     1 PTAMS 0x00000000b0800000 NTAMS 0x00000000b0800000 space 1024K,   0% used [0x00000000b0800000, 0x00000000b0900000)
AC   0  F    TS     1 PTAMS 0x00000000b0900000 NTAMS 0x00000000b0900000 space 1024K,   0% used [0x00000000b0900000, 0x00000000b0a00000)
AC   0  F    TS     1 PTAMS 0x00000000b0a00000 NTAMS 0x00000000b0a00000 space 1024K,   0% used [0x00000000b0a00000, 0x00000000b0b00000)
AC   0  F    TS     1 PTAMS 0x00000000b0b00000 NTAMS 0x00000000b0b00000 space 1024K,   0% used [0x00000000b0b00000, 0x00000000b0c00000)
AC   0  F    TS     1 PTAMS 0x00000000b0c00000 NTAMS 0x00000000b0c00000 space 1024K,   0% used [0x00000000b0c00000, 0x00000000b0d00000)
AC   0  F    TS     1 PTAMS 0x00000000b0d00000 NTAMS 0x00000000b0d00000 space 1024K,   0% used [0x00000000b0d00000, 0x00000000b0e00000)
AC   0  F    TS     1 PTAMS 0x00000000b0e00000 NTAMS 0x00000000b0e00000 space 1024K,   0% used [0x00000000b0e00000, 0x00000000b0f00000)
AC   0  F    TS     1 PTAMS 0x00000000b0f00000 NTAMS 0x00000000b0f00000 space 1024K,   0% used [0x00000000b0f00000, 0x00000000b1000000)
AC   0  F    TS     1 PTAMS 0x00000000b1000000 NTAMS 0x00000000b1000000 space 1024K,   0% used [0x00000000b1000000, 0x00000000b1100000)
AC   0  F    TS     1 PTAMS 0x00000000b1100000 NTAMS 0x00000000b1100000 space 1024K,   0% used [0x00000000b1100000, 0x00000000b1200000)
AC   0  F    TS     1 PTAMS 0x00000000b1200000 NTAMS 0x00000000b1200000 space 1024K,   0% used [0x00000000b1200000, 0x00000000b1300000)
AC   0  F    TS     1 PTAMS 0x00000000b1300000 NTAMS 0x00000000b1300000 space 1024K,   0% used [0x00000000b1300000, 0x00000000b1400000)
AC   0  F    TS     1 PTAMS 0x00000000b1400000 NTAMS 0x00000000b1400000 space 1024K,   0% used [0x00000000b1400000, 0x00000000b1500000)
AC   0  F    TS     1 PTAMS 0x00000000b1500000 NTAMS 0x00000000b1500000 space 1024K,   0% used [0x00000000b1500000, 0x00000000b1600000)
AC   0  F    TS     1 PTAMS 0x00000000b1600000 NTAMS 0x00000000b1600000 space 1024K,   0% used [0x00000000b1600000, 0x00000000b1700000)
AC   0  F    TS     1 PTAMS 0x00000000b1700000 NTAMS 0x00000000b1700000 space 1024K,   0% used [0x00000000b1700000, 0x00000000b1800000)
AC   0  F    TS     1 PTAMS 0x00000000b1800000 NTAMS 0x00000000b1800000 space 1024K,   0% used [0x00000000b1800000, 0x00000000b1900000)
AC   0  F    TS     1 PTAMS 0x00000000b1900000 NTAMS 0x00000000b1900000 space 1024K,   0% used [0x00000000b1900000, 0x00000000b1a00000)
AC   0  F    TS     1 PTAMS 0x00000000b1a00000 NTAMS 0x00000000b1a00000 space 1024K,   0% used [0x00000000b1a00000, 0x00000000b1b00000)
AC   0  F    TS     1 PTAMS 0x00000000b1b00000 NTAMS 0x00000000b1b00000 space 1024K,   0% used [0x00000000b1b00000, 0x00000000b1c00000)
AC   0  F    TS     1 PTAMS 0x00000000b1c00000 NTAMS 0x00000000b1c00000 space 1024K,   0% used [0x00000000b1c00000, 0x00000000b1d00000)
AC   0  F    TS     1 PTAMS 0x00000000b1d00000 NTAMS 0x00000000b1d00000 space 1024K,   0% used [0x00000000b1d00000, 0x00000000b1e00000)
AC   0  F    TS     1 PTAMS 0x00000000b1e00000 NTAMS 0x00000000b1e00000 space 1024K,   0% used [0x00000000b1e00000, 0x00000000b1f00000)
AC   0  F    TS     1 PTAMS 0x00000000b1f00000 NTAMS 0x00000000b1f00000 space 1024K,   0% used [0x00000000b1f00000, 0x00000000b2000000)
AC   0  F    TS     1 PTAMS 0x00000000b2000000 NTAMS 0x00000000b2000000 space 1024K,   0% used [0x00000000b2000000, 0x00000000b2100000)
AC   0  F    TS     1 PTAMS 0x00000000b2100000 NTAMS 0x00000000b2100000 space 1024K,   0% used [0x00000000b2100000, 0x00000000b2200000)
AC   0  F    TS     1 PTAMS 0x00000000b2200000 NTAMS 0x00000000b2200000 space 1024K,   0% used [0x00000000b2200000, 0x00000000b2300000)
AC   0  F    TS     1 PTAMS 0x00000000b2300000 NTAMS 0x00000000b2300000 space 1024K,   0% used [0x00000000b2300000, 0x00000000b2400000)
AC   0  F    TS     1 PTAMS 0x00000000b2400000 NTAMS 0x00000000b2400000 space 1024K,   0% used [0x00000000b2400000, 0x00000000b2500000)
AC   0  F    TS     1 PTAMS 0x00000000b2500000 NTAMS 0x00000000b2500000 space 1024K,   0% used [0x00000000b2500000, 0x00000000b2600000)
AC   0  F    TS     1 PTAMS 0x00000000b2600000 NTAMS 0x00000000b2600000 space 1024K,   0% used [0x00000000b2600000, 0x00000000b2700000)
AC   0  F    TS     1 PTAMS 0x00000000b2700000 NTAMS 0x00000000b2700000 space 1024K,   0% used [0x00000000b2700000, 0x00000000b2800000)
AC   0  F    TS     1 PTAMS 0x00000000b2800000 NTAMS 0x00000000b2800000 space 1024K,   0% used [0x00000000b2800000, 0x00000000b2900000)
AC   0  F    TS     1 PTAMS 0x00000000b2900000 NTAMS 0x00000000b2900000 space 1024K,   0% used [0x00000000b2900000, 0x00000000b2a00000)
AC   0  F    TS     1 PTAMS 0x00000000b2a00000 NTAMS 0x00000000b2a00000 space 1024K,   0% used [0x00000000b2a00000, 0x00000000b2b00000)
AC   0  F    TS     1 PTAMS 0x00000000b2b00000 NTAMS 0x00000000b2b00000 space 1024K,   0% used [0x00000000b2b00000, 0x00000000b2c00000)
AC   0  F    TS     1 PTAMS 0x00000000b2c00000 NTAMS 0x00000000b2c00000 space 1024K,   0% used [0x00000000b2c00000, 0x00000000b2d00000)
AC   0  F    TS     1 PTAMS 0x00000000b2d00000 NTAMS 0x00000000b2d00000 space 1024K,   0% used [0x00000000b2d00000, 0x00000000b2e00000)
AC   0  F    TS     1 PTAMS 0x00000000b2e00000 NTAMS 0x00000000b2e00000 space 1024K,   0% used [0x00000000b2e00000, 0x00000000b2f00000)
AC   0  F    TS     1 PTAMS 0x00000000b2f00000 NTAMS 0x00000000b2f00000 space 1024K,   0% used [0x00000000b2f00000, 0x00000000b3000000)
AC   0  F    TS     1 PTAMS 0x00000000b3000000 NTAMS 0x00000000b3000000 space 1024K,   0% used [0x00000000b3000000, 0x00000000b3100000)
AC   0  F    TS     1 PTAMS 0x00000000b3100000 NTAMS 0x00000000b3100000 space 1024K,   0% used [0x00000000b3100000, 0x00000000b3200000)
AC   0  F    TS     1 PTAMS 0x00000000b3200000 NTAMS 0x00000000b3200000 space 1024K,   0% used [0x00000000b3200000, 0x00000000b3300000)
AC   0  F    TS     1 PTAMS 0x00000000b3300000 NTAMS 0x00000000b3300000 space 1024K,   0% used [0x00000000b3300000, 0x00000000b3400000)
AC   0  F    TS     1 PTAMS 0x00000000b3400000 NTAMS 0x00000000b3400000 space 1024K,   0% used [0x00000000b3400000, 0x00000000b3500000)
AC   0  F    TS     1 PTAMS 0x00000000b3500000 NTAMS 0x00000000b3500000 space 1024K,   0% used [0x00000000b3500000, 0x00000000b3600000)
AC   0  F    TS     1 PTAMS 0x00000000b3600000 NTAMS 0x00000000b3600000 space 1024K,   0% used [0x00000000b3600000, 0x00000000b3700000)
AC   0  F    TS     1 PTAMS 0x00000000b3700000 NTAMS 0x00000000b3700000 space 1024K,   0% used [0x00000000b3700000, 0x00000000b3800000)
AC   0  F    TS     1 PTAMS 0x00000000b3800000 NTAMS 0x00000000b3800000 space 1024K,   0% used [0x00000000b3800000, 0x00000000b3900000)
AC   0  F    TS     1 PTAMS 0x00000000b3900000 NTAMS 0x00000000b3900000 space 1024K,   0% used [0x00000000b3900000, 0x00000000b3a00000)
AC   0  F    TS     1 PTAMS 0x00000000b3a00000 NTAMS 0x00000000b3a00000 space 1024K,   0% used [0x00000000b3a00000, 0x00000000b3b00000)
AC   0  F    TS     1 PTAMS 0x00000000b3b00000 NTAMS 0x00000000b3b00000 space 1024K,   0% used [0x00000000b3b00000, 0x00000000b3c00000)
AC   0  F    TS     1 PTAMS 0x00000000b3c00000 NTAMS 0x00000000b3c00000 space 1024K,   0% used [0x00000000b3c00000, 0x00000000b3d00000)
AC   0  F    TS     1 PTAMS 0x00000000b3d00000 NTAMS 0x00000000b3d00000 space 1024K,   0% used [0x00000000b3d00000, 0x00000000b3e00000)
AC   0  F    TS     1 PTAMS 0x00000000b3e00000 NTAMS 0x00000000b3e00000 space 1024K,   0% used [0x00000000b3e00000, 0x00000000b3f00000)
AC   0  F    TS     1 PTAMS 0x00000000b3f00000 NTAMS 0x00000000b3f00000 space 1024K,   0% used [0x00000000b3f00000, 0x00000000b4000000)
AC   0  F    TS     1 PTAMS 0x00000000b4000000 NTAMS 0x00000000b4000000 space 1024K,   0% used [0x00000000b4000000, 0x00000000b4100000)
AC   0  F    TS     1 PTAMS 0x00000000b4100000 NTAMS 0x00000000b4100000 space 1024K,   0% used [0x00000000b4100000, 0x00000000b4200000)
AC   0  F    TS     1 PTAMS 0x00000000b4200000 NTAMS 0x00000000b4200000 space 1024K,   0% used [0x00000000b4200000, 0x00000000b4300000)
AC   0  F    TS     1 PTAMS 0x00000000b4300000 NTAMS 0x00000000b4300000 space 1024K,   0% used [0x00000000b4300000, 0x00000000b4400000)
AC   0  F    TS     1 PTAMS 0x00000000b4400000 NTAMS 0x00000000b4400000 space 1024K,   0% used [0x00000000b4400000, 0x00000000b4500000)
AC   0  F    TS     1 PTAMS 0x00000000b4500000 NTAMS 0x00000000b4500000 space 1024K,   0% used [0x00000000b4500000, 0x00000000b4600000)
AC   0  F    TS     1 PTAMS 0x00000000b4600000 NTAMS 0x00000000b4600000 space 1024K,   0% used [0x00000000b4600000, 0x00000000b4700000)
AC   0  F    TS     1 PTAMS 0x00000000b4700000 NTAMS 0x00000000b4700000 space 1024K,   0% used [0x00000000b4700000, 0x00000000b4800000)
AC   0  F    TS     1 PTAMS 0x00000000b4800000 NTAMS 0x00000000b4800000 space 1024K,   0% used [0x00000000b4800000, 0x00000000b4900000)
AC   0  F    TS     1 PTAMS 0x00000000b4900000 NTAMS 0x00000000b4900000 space 1024K,   0% used [0x00000000b4900000, 0x00000000b4a00000)
AC   0  F    TS     1 PTAMS 0x00000000b4a00000 NTAMS 0x00000000b4a00000 space 1024K,   0% used [0x00000000b4a00000, 0x00000000b4b00000)
AC   0  F    TS     1 PTAMS 0x00000000b4b00000 NTAMS 0x00000000b4b00000 space 1024K,   0% used [0x00000000b4b00000, 0x00000000b4c00000)
AC   0  F    TS     1 PTAMS 0x00000000b4c00000 NTAMS 0x00000000b4c00000 space 1024K,   0% used [0x00000000b4c00000, 0x00000000b4d00000)
AC   0  F    TS     1 PTAMS 0x00000000b4d00000 NTAMS 0x00000000b4d00000 space 1024K,   0% used [0x00000000b4d00000, 0x00000000b4e00000)
AC   0  F    TS     1 PTAMS 0x00000000b4e00000 NTAMS 0x00000000b4e00000 space 1024K,   0% used [0x00000000b4e00000, 0x00000000b4f00000)
AC   0  F    TS     1 PTAMS 0x00000000b4f00000 NTAMS 0x00000000b4f00000 space 1024K,   0% used [0x00000000b4f00000, 0x00000000b5000000)
AC   0  F    TS     1 PTAMS 0x00000000b5000000 NTAMS 0x00000000b5000000 space 1024K,   0% used [0x00000000b5000000, 0x00000000b5100000)
AC   0  F    TS     1 PTAMS 0x00000000b5100000 NTAMS 0x00000000b5100000 space 1024K,   0% used [0x00000000b5100000, 0x00000000b5200000)
AC   0  F    TS     1 PTAMS 0x00000000b5200000 NTAMS 0x00000000b5200000 space 1024K,   0% used [0x00000000b5200000, 0x00000000b5300000)
AC   0  F    TS     1 PTAMS 0x00000000b5300000 NTAMS 0x00000000b5300000 space 1024K,   0% used [0x00000000b5300000, 0x00000000b5400000)
AC   0  F    TS     1 PTAMS 0x00000000b5400000 NTAMS 0x00000000b5400000 space 1024K,   0% used [0x00000000b5400000, 0x00000000b5500000)
AC   0  F    TS     1 PTAMS 0x00000000b5500000 NTAMS 0x00000000b5500000 space 1024K,   0% used [0x00000000b5500000, 0x00000000b5600000)
AC   0  F    TS     1 PTAMS 0x00000000b5600000 NTAMS 0x00000000b5600000 space 1024K,   0% used [0x00000000b5600000, 0x00000000b5700000)
AC   0  F    TS     1 PTAMS 0x00000000b5700000 NTAMS 0x00000000b5700000 space 1024K,   0% used [0x00000000b5700000, 0x00000000b5800000)
AC   0  F    TS     1 PTAMS 0x00000000b5800000 NTAMS 0x00000000b5800000 space 1024K,   0% used [0x00000000b5800000, 0x00000000b5900000)
AC   0  F    TS     1 PTAMS 0x00000000b5900000 NTAMS 0x00000000b5900000 space 1024K,   0% used [0x00000000b5900000, 0x00000000b5a00000)
AC   0  F    TS     1 PTAMS 0x00000000b5a00000 NTAMS 0x00000000b5a00000 space 1024K,   0% used [0x00000000b5a00000, 0x00000000b5b00000)
AC   0  F    TS     1 PTAMS 0x00000000b5b00000 NTAMS 0x00000000b5b00000 space 1024K,   0% used [0x00000000b5b00000, 0x00000000b5c00000)
AC   0  F    TS     1 PTAMS 0x00000000b5c00000 NTAMS 0x00000000b5c00000 space 1024K,   0% used [0x00000000b5c00000, 0x00000000b5d00000)
AC   0  F    TS     1 PTAMS 0x00000000b5d00000 NTAMS 0x00000000b5d00000 space 1024K,   0% used [0x00000000b5d00000, 0x00000000b5e00000)
AC   0  F    TS     1 PTAMS 0x00000000b5e00000 NTAMS 0x00000000b5e00000 space 1024K,   0% used [0x00000000b5e00000, 0x00000000b5f00000)
AC   0  F    TS     1 PTAMS 0x00000000b5f00000 NTAMS 0x00000000b5f00000 space 1024K,   0% used [0x00000000b5f00000, 0x00000000b6000000)
AC   0  F    TS     1 PTAMS 0x00000000b6000000 NTAMS 0x00000000b6000000 space 1024K,   0% used [0x00000000b6000000, 0x00000000b6100000)
AC   0  F    TS     1 PTAMS 0x00000000b6100000 NTAMS 0x00000000b6100000 space 1024K,   0% used [0x00000000b6100000, 0x00000000b6200000)
AC   0  F    TS     1 PTAMS 0x00000000b6200000 NTAMS 0x00000000b6200000 space 1024K,   0% used [0x00000000b6200000, 0x00000000b6300000)
AC   0  F    TS     1 PTAMS 0x00000000b6300000 NTAMS 0x00000000b6300000 space 1024K,   0% used [0x00000000b6300000, 0x00000000b6400000)
AC   0  F    TS     1 PTAMS 0x00000000b6400000 NTAMS 0x00000000b6400000 space 1024K,   0% used [0x00000000b6400000, 0x00000000b6500000)
AC   0  F    TS     1 PTAMS 0x00000000b6500000 NTAMS 0x00000000b6500000 space 1024K,   0% used [0x00000000b6500000, 0x00000000b6600000)
AC   0  F    TS     1 PTAMS 0x00000000b6600000 NTAMS 0x00000000b6600000 space 1024K,   0% used [0x00000000b6600000, 0x00000000b6700000)
AC   0  F    TS     1 PTAMS 0x00000000b6700000 NTAMS 0x00000000b6700000 space 1024K,   0% used [0x00000000b6700000, 0x00000000b6800000)
AC   0  F    TS     1 PTAMS 0x00000000b6800000 NTAMS 0x00000000b6800000 space 1024K,   0% used [0x00000000b6800000, 0x00000000b6900000)
AC   0  F    TS     1 PTAMS 0x00000000b6900000 NTAMS 0x00000000b6900000 space 1024K,   0% used [0x00000000b6900000, 0x00000000b6a00000)
AC   0  F    TS     1 PTAMS 0x00000000b6a00000 NTAMS 0x00000000b6a00000 space 1024K,   0% used [0x00000000b6a00000, 0x00000000b6b00000)
AC   0  F    TS     1 PTAMS 0x00000000b6b00000 NTAMS 0x00000000b6b00000 space 1024K,   0% used [0x00000000b6b00000, 0x00000000b6c00000)
AC   0  F    TS     1 PTAMS 0x00000000b6c00000 NTAMS 0x00000000b6c00000 space 1024K,   0% used [0x00000000b6c00000, 0x00000000b6d00000)
AC   0  F    TS     1 PTAMS 0x00000000b6d00000 NTAMS 0x00000000b6d00000 space 1024K,   0% used [0x00000000b6d00000, 0x00000000b6e00000)
AC   0  F    TS     1 PTAMS 0x00000000b6e00000 NTAMS 0x00000000b6e00000 space 1024K,   0% used [0x00000000b6e00000, 0x00000000b6f00000)
AC   0  F    TS     1 PTAMS 0x00000000b6f00000 NTAMS 0x00000000b6f00000 space 1024K,   0% used [0x00000000b6f00000, 0x00000000b7000000)
AC   0  F    TS     1 PTAMS 0x00000000b7000000 NTAMS 0x00000000b7000000 space 1024K,   0% used [0x00000000b7000000, 0x00000000b7100000)
AC   0  F    TS     1 PTAMS 0x00000000b7100000 NTAMS 0x00000000b7100000 space 1024K,   0% used [0x00000000b7100000, 0x00000000b7200000)
AC   0  F    TS     1 PTAMS 0x00000000b7200000 NTAMS 0x00000000b7200000 space 1024K,   0% used [0x00000000b7200000, 0x00000000b7300000)
AC   0  F    TS     1 PTAMS 0x00000000b7300000 NTAMS 0x00000000b7300000 space 1024K,   0% used [0x00000000b7300000, 0x00000000b7400000)
AC   0  F    TS     1 PTAMS 0x00000000b7400000 NTAMS 0x00000000b7400000 space 1024K,   0% used [0x00000000b7400000, 0x00000000b7500000)
AC   0  F    TS     1 PTAMS 0x00000000b7500000 NTAMS 0x00000000b7500000 space 1024K,   0% used [0x00000000b7500000, 0x00000000b7600000)
AC   0  F    TS     1 PTAMS 0x00000000b7600000 NTAMS 0x00000000b7600000 space 1024K,   0% used [0x00000000b7600000, 0x00000000b7700000)
AC   0  F    TS     1 PTAMS 0x00000000b7700000 NTAMS 0x00000000b7700000 space 1024K,   0% used [0x00000000b7700000, 0x00000000b7800000)
AC   0  F    TS     1 PTAMS 0x00000000b7800000 NTAMS 0x00000000b7800000 space 1024K,   0% used [0x00000000b7800000, 0x00000000b7900000)
AC   0  F    TS     1 PTAMS 0x00000000b7900000 NTAMS 0x00000000b7900000 space 1024K,   0% used [0x00000000b7900000, 0x00000000b7a00000)
AC   0  F    TS     1 PTAMS 0x00000000b7a00000 NTAMS 0x00000000b7a00000 space 1024K,   0% used [0x00000000b7a00000, 0x00000000b7b00000)
AC   0  F    TS     1 PTAMS 0x00000000b7b00000 NTAMS 0x00000000b7b00000 space 1024K,   0% used [0x00000000b7b00000, 0x00000000b7c00000)
AC   0  F    TS     1 PTAMS 0x00000000b7c00000 NTAMS 0x00000000b7c00000 space 1024K,   0% used [0x00000000b7c00000, 0x00000000b7d00000)
AC   0  F    TS     1 PTAMS 0x00000000b7d00000 NTAMS 0x00000000b7d00000 space 1024K,   0% used [0x00000000b7d00000, 0x00000000b7e00000)
AC   0  F    TS     1 PTAMS 0x00000000b7e00000 NTAMS 0x00000000b7e00000 space 1024K,   0% used [0x00000000b7e00000, 0x00000000b7f00000)
AC   0  F    TS     1 PTAMS 0x00000000b7f00000 NTAMS 0x00000000b7f00000 space 1024K,   0% used [0x00000000b7f00000, 0x00000000b8000000)
AC   0  F    TS     1 PTAMS 0x00000000b8000000 NTAMS 0x00000000b8000000 space 1024K,   0% used [0x00000000b8000000, 0x00000000b8100000)
AC   0  F    TS     1 PTAMS 0x00000000b8100000 NTAMS 0x00000000b8100000 space 1024K,   0% used [0x00000000b8100000, 0x00000000b8200000)
AC   0  F    TS     1 PTAMS 0x00000000b8200000 NTAMS 0x00000000b8200000 space 1024K,   0% used [0x00000000b8200000, 0x00000000b8300000)
AC   0  F    TS     1 PTAMS 0x00000000b8300000 NTAMS 0x00000000b8300000 space 1024K,   0% used [0x00000000b8300000, 0x00000000b8400000)
AC   0  F    TS     1 PTAMS 0x00000000b8400000 NTAMS 0x00000000b8400000 space 1024K,   0% used [0x00000000b8400000, 0x00000000b8500000)
AC   0  F    TS     1 PTAMS 0x00000000b8500000 NTAMS 0x00000000b8500000 space 1024K,   0% used [0x00000000b8500000, 0x00000000b8600000)
AC   0  F    TS     1 PTAMS 0x00000000b8600000 NTAMS 0x00000000b8600000 space 1024K,   0% used [0x00000000b8600000, 0x00000000b8700000)
AC   0  F    TS     1 PTAMS 0x00000000b8700000 NTAMS 0x00000000b8700000 space 1024K,   0% used [0x00000000b8700000, 0x00000000b8800000)
AC   0  F    TS     1 PTAMS 0x00000000b8800000 NTAMS 0x00000000b8800000 space 1024K,   0% used [0x00000000b8800000, 0x00000000b8900000)
AC   0  F    TS     1 PTAMS 0x00000000b8900000 NTAMS 0x00000000b8900000 space 1024K,   0% used [0x00000000b8900000, 0x00000000b8a00000)
AC   0  F    TS     1 PTAMS 0x00000000b8a00000 NTAMS 0x00000000b8a00000 space 1024K,   0% used [0x00000000b8a00000, 0x00000000b8b00000)
AC   0  F    TS     1 PTAMS 0x00000000b8b00000 NTAMS 0x00000000b8b00000 space 1024K,   0% used [0x00000000b8b00000, 0x00000000b8c00000)

Card table byte_map: [0x0000000016820000,0x0000000016c20000] byte_map_base: 0x0000000016420000

Marking Bits (Prev, Next): (CMBitMap*) 0x00000000146df7d0, (CMBitMap*) 0x00000000146df778
 Prev Bits: [0x0000000019020000, 0x000000001b020000)
 Next Bits: [0x0000000017020000, 0x0000000019020000)

Polling page: 0x0000000001ad0000

CodeCache: size=245760Kb used=45397Kb max_used=45397Kb free=200362Kb
 bounds [0x0000000004070000, 0x0000000006d10000, 0x0000000013070000]
 total_blobs=13132 nmethods=12217 adapters=820
 compilation: enabled

Compilation events (10 events):
Event: 25.259 Thread 0x000000001eb4c800 15522       3       org.eclipse.oomph.predicates.impl.NotPredicateImpl::setOperand (98 bytes)
Event: 25.259 Thread 0x000000001eb4f000 15523       3       org.eclipse.oomph.predicates.impl.NotPredicateImpl::basicSetOperand (52 bytes)
Event: 25.259 Thread 0x000000001eb4f800 15524       3       org.eclipse.oomph.setup.impl.VariableTaskImpl::setValue (38 bytes)
Event: 25.260 Thread 0x000000001eb4f000 nmethod 15523 0x0000000006ceca90 code [0x0000000006cecc40, 0x0000000006ced420]
Event: 25.260 Thread 0x000000001eb4c800 nmethod 15522 0x0000000006ceb810 code [0x0000000006ceba20, 0x0000000006cec740]
Event: 25.260 Thread 0x000000001eb4f800 nmethod 15524 0x0000000006ceacd0 code [0x0000000006ceae80, 0x0000000006ceb600]
Event: 25.260 Thread 0x000000001eb4d800 15525       3       org.eclipse.oomph.setup.impl.StreamImpl::eGet (42 bytes)
Event: 25.260 Thread 0x000000001eb4f800 15526       3       org.eclipse.oomph.setup.impl.ProjectCatalogImpl::getProjectCatalog (2 bytes)
Event: 25.260 Thread 0x000000001eb4f800 nmethod 15526 0x0000000006cc96d0 code [0x0000000006cc9820, 0x0000000006cc9978]
Event: 25.261 Thread 0x000000001eb4d800 nmethod 15525 0x0000000006cea090 code [0x0000000006cea260, 0x0000000006ceaae0]

GC Heap History (10 events):
Event: 24.896 GC heap after
Heap after GC invocations=100 (full 0):
 garbage-first heap   total 299008K, used 168279K [0x0000000080000000, 0x0000000080100920, 0x0000000100000000)
  region size 1024K, 3 young (3072K), 3 survivors (3072K)
 Metaspace       used 104707K, capacity 116562K, committed 116816K, reserved 1148928K
  class space    used 13467K, capacity 16890K, committed 16980K, reserved 1048576K
}
Event: 24.915 GC heap before
{Heap before GC invocations=100 (full 0):
 garbage-first heap   total 302080K, used 275973K [0x0000000080000000, 0x0000000080100938, 0x0000000100000000)
  region size 1024K, 37 young (37888K), 3 survivors (3072K)
 Metaspace       used 104720K, capacity 116562K, committed 116816K, reserved 1148928K
  class space    used 13467K, capacity 16890K, committed 16980K, reserved 1048576K
Event: 24.924 GC heap after
Heap after GC invocations=101 (full 0):
 garbage-first heap   total 305152K, used 182067K [0x0000000080000000, 0x0000000080100950, 0x0000000100000000)
  region size 1024K, 3 young (3072K), 3 survivors (3072K)
 Metaspace       used 104720K, capacity 116562K, committed 116816K, reserved 1148928K
  class space    used 13467K, capacity 16890K, committed 16980K, reserved 1048576K
}
Event: 24.952 GC heap before
{Heap before GC invocations=101 (full 0):
 garbage-first heap   total 305152K, used 286448K [0x0000000080000000, 0x0000000080100950, 0x0000000100000000)
  region size 1024K, 81 young (82944K), 3 survivors (3072K)
 Metaspace       used 104764K, capacity 116562K, committed 116816K, reserved 1148928K
  class space    used 13474K, capacity 16890K, committed 16980K, reserved 1048576K
Event: 24.958 GC heap after
Heap after GC invocations=102 (full 0):
 garbage-first heap   total 308224K, used 174320K [0x0000000080000000, 0x0000000080100968, 0x0000000100000000)
  region size 1024K, 5 young (5120K), 5 survivors (5120K)
 Metaspace       used 104764K, capacity 116562K, committed 116816K, reserved 1148928K
  class space    used 13474K, capacity 16890K, committed 16980K, reserved 1048576K
}
Event: 25.023 GC heap before
{Heap before GC invocations=102 (full 0):
 garbage-first heap   total 308224K, used 293243K [0x0000000080000000, 0x0000000080100968, 0x0000000100000000)
  region size 1024K, 93 young (95232K), 5 survivors (5120K)
 Metaspace       used 104812K, capacity 116626K, committed 116816K, reserved 1148928K
  class space    used 13476K, capacity 16890K, committed 16980K, reserved 1048576K
Event: 25.036 GC heap after
Heap after GC invocations=103 (full 0):
 garbage-first heap   total 628736K, used 176264K [0x0000000080000000, 0x0000000080101330, 0x0000000100000000)
  region size 1024K, 6 young (6144K), 6 survivors (6144K)
 Metaspace       used 104812K, capacity 116626K, committed 116816K, reserved 1148928K
  class space    used 13476K, capacity 16890K, committed 16980K, reserved 1048576K
}
Event: 25.177 GC heap before
{Heap before GC invocations=104 (full 0):
 garbage-first heap   total 628736K, used 584202K [0x0000000080000000, 0x0000000080101330, 0x0000000100000000)
  region size 1024K, 281 young (287744K), 6 survivors (6144K)
 Metaspace       used 104836K, capacity 116638K, committed 116816K, reserved 1148928K
  class space    used 13476K, capacity 16890K, committed 16980K, reserved 1048576K
Event: 25.193 GC heap after
Heap after GC invocations=105 (full 0):
 garbage-first heap   total 929792K, used 185890K [0x0000000080000000, 0x0000000080101c60, 0x0000000100000000)
  region size 1024K, 8 young (8192K), 8 survivors (8192K)
 Metaspace       used 104836K, capacity 116638K, committed 116816K, reserved 1148928K
  class space    used 13476K, capacity 16890K, committed 16980K, reserved 1048576K
}
Event: 25.274 GC heap before
{Heap before GC invocations=105 (full 0):
 garbage-first heap   total 929792K, used 510136K [0x0000000080000000, 0x0000000080101c60, 0x0000000100000000)
  region size 1024K, 152 young (155648K), 8 survivors (8192K)
 Metaspace       used 104851K, capacity 116638K, committed 116816K, reserved 1148928K
  class space    used 13476K, capacity 16890K, committed 16980K, reserved 1048576K

Deoptimization events (10 events):
Event: 24.794 Thread 0x000000002adae000 Uncommon trap: reason=unstable_if action=reinterpret pc=0x0000000005f00f38 method=org.eclipse.emf.ecore.impl.EClassImpl.getFeatureID(Lorg/eclipse/emf/ecore/EStructuralFeature;)I @ 14
Event: 24.796 Thread 0x000000002a52e000 Uncommon trap: reason=unstable_if action=reinterpret pc=0x000000000669a418 method=org.eclipse.emf.common.util.URI$Hierarchical.accumulate([Ljava/lang/String;ILjava/lang/String;Z)I @ 4
Event: 24.819 Thread 0x000000002972e800 Uncommon trap: reason=unstable_if action=reinterpret pc=0x0000000006aec608 method=java.util.concurrent.locks.ReentrantReadWriteLock$Sync.tryAcquire(I)Z @ 29
Event: 24.850 Thread 0x000000002a52c800 Uncommon trap: reason=unstable_if action=reinterpret pc=0x0000000006ac8224 method=org.eclipse.emf.common.util.Pool$AccessUnit$Queue.push(Lorg/eclipse/emf/common/util/Pool$AccessUnit;Z)V @ 47
Event: 24.851 Thread 0x000000002a532000 Uncommon trap: reason=unstable_if action=reinterpret pc=0x000000000545f5e4 method=org.eclipse.emf.common.util.Pool$AccessUnit$Queue.push(Lorg/eclipse/emf/common/util/Pool$AccessUnit;Z)V @ 47
Event: 24.928 Thread 0x000000002a52e000 Uncommon trap: reason=unstable_if action=reinterpret pc=0x0000000006c5a068 method=org.eclipse.emf.ecore.xmi.impl.XMLHandler.getFeature(Lorg/eclipse/emf/ecore/EObject;Ljava/lang/String;Ljava/lang/String;Z)Lorg/eclipse/emf/ecore/EStructuralFeature; @ 98
Event: 25.037 Thread 0x000000002a52e000 Uncommon trap: reason=array_check action=maybe_recompile pc=0x0000000004e4d348 method=org.eclipse.emf.ecore.xmi.impl.XMLHandler$MyStack.push(Ljava/lang/Object;)V @ 26
Event: 25.037 Thread 0x000000002a52e000 Uncommon trap: reason=array_check action=maybe_recompile pc=0x0000000004e4d348 method=org.eclipse.emf.ecore.xmi.impl.XMLHandler$MyStack.push(Ljava/lang/Object;)V @ 26
Event: 25.037 Thread 0x000000002a52e000 Uncommon trap: reason=array_check action=maybe_recompile pc=0x0000000004e4d348 method=org.eclipse.emf.ecore.xmi.impl.XMLHandler$MyStack.push(Ljava/lang/Object;)V @ 26
Event: 25.038 Thread 0x000000002a52e000 Uncommon trap: reason=array_check action=maybe_recompile pc=0x0000000004e4d348 method=org.eclipse.emf.ecore.xmi.impl.XMLHandler$MyStack.push(Ljava/lang/Object;)V @ 26

Classes redefined (0 events):
No events

Internal exceptions (10 events):
Event: 24.429 Thread 0x000000002a532800 Exception <a 'java/lang/reflect/InvocationTargetException'> (0x000000008d810da0) thrown at [C:\jenkins\workspace\8-2-build-windows-x64-cygwin-sans-NAS\jdk8u411\893\hotspot\src\share\vm\runtime\reflection.cpp, line 1092]
Event: 24.526 Thread 0x000000002a532800 Implicit null exception at 0x00000000054eea60 to 0x00000000054ef339
Event: 24.676 Thread 0x000000002a52f000 Exception <a 'java/lang/reflect/InvocationTargetException'> (0x000000008f7ed110) thrown at [C:\jenkins\workspace\8-2-build-windows-x64-cygwin-sans-NAS\jdk8u411\893\hotspot\src\share\vm\runtime\reflection.cpp, line 1092]
Event: 24.676 Thread 0x000000002972d000 Exception <a 'java/lang/reflect/InvocationTargetException'> (0x000000008f470a00) thrown at [C:\jenkins\workspace\8-2-build-windows-x64-cygwin-sans-NAS\jdk8u411\893\hotspot\src\share\vm\runtime\reflection.cpp, line 1092]
Event: 24.689 Thread 0x000000002a533800 Implicit null exception at 0x000000000685a8d4 to 0x000000000685a9e1
Event: 24.689 Thread 0x000000002902f800 Implicit null exception at 0x000000000685a8d4 to 0x000000000685a9e1
Event: 24.689 Thread 0x0000000029728800 Implicit null exception at 0x000000000685a8d4 to 0x000000000685a9e1
Event: 24.705 Thread 0x000000002a532800 Implicit null exception at 0x0000000006ad069b to 0x0000000006ad0a16
Event: 24.738 Thread 0x000000002972c800 Implicit null exception at 0x00000000066431dc to 0x000000000664321a
Event: 24.789 Thread 0x000000002a52f800 Implicit null exception at 0x00000000068d2248 to 0x00000000068d23a9

Events (10 events):
Event: 25.207 Executing VM operation: ForceSafepoint done
Event: 25.210 Executing VM operation: ForceSafepoint
Event: 25.211 Executing VM operation: ForceSafepoint done
Event: 25.212 Executing VM operation: ForceSafepoint
Event: 25.213 Executing VM operation: ForceSafepoint done
Event: 25.215 Executing VM operation: ForceSafepoint
Event: 25.216 Executing VM operation: ForceSafepoint done
Event: 25.273 Executing VM operation: G1IncCollectionPause
Event: 25.274 Executing VM operation: G1IncCollectionPause done
Event: 25.274 Executing VM operation: G1IncCollectionPause


Dynamic libraries:
0x00007ff660470000 - 0x00007ff6604da000 	C:\eGovFrameDev-3.10.0-64bit\eclipse\eclipse.exe
0x00007ffef19c0000 - 0x00007ffef1c27000 	C:\WINDOWS\SYSTEM32\ntdll.dll
0x00007ffef01f0000 - 0x00007ffef02b9000 	C:\WINDOWS\System32\KERNEL32.DLL
0x00007ffeee550000 - 0x00007ffeee947000 	C:\WINDOWS\System32\KERNELBASE.dll
0x00007ffef1000000 - 0x00007ffef11c6000 	C:\WINDOWS\System32\USER32.dll
0x00007ffeef3b0000 - 0x00007ffeef3d7000 	C:\WINDOWS\System32\win32u.dll
0x00007ffef11d0000 - 0x00007ffef11fb000 	C:\WINDOWS\System32\GDI32.dll
0x00007ffeef280000 - 0x00007ffeef3ac000 	C:\WINDOWS\System32\gdi32full.dll
0x00007ffeee3f0000 - 0x00007ffeee493000 	C:\WINDOWS\System32\msvcp_win.dll
0x00007ffeef5f0000 - 0x00007ffeef73b000 	C:\WINDOWS\System32\ucrtbase.dll
0x00007ffed2b70000 - 0x00007ffed2e02000 	C:\WINDOWS\WinSxS\amd64_microsoft.windows.common-controls_6595b64144ccf1df_6.0.26100.8457_none_3e0b2faee331e92d\COMCTL32.dll
0x00007ffef1840000 - 0x00007ffef18e9000 	C:\WINDOWS\System32\msvcrt.dll
0x00007ffef0f40000 - 0x00007ffef0f72000 	C:\WINDOWS\System32\IMM32.DLL
0x00007ffee6fc0000 - 0x00007ffee6fe9000 	C:\eGovFrameDev-3.10.0-64bit\eclipse\plugins\org.eclipse.equinox.launcher.win32.win32.x86_64_1.1.1200.v20200508-1552\eclipse_11000.dll
0x00007ffeeff50000 - 0x00007ffef0006000 	C:\WINDOWS\System32\ADVAPI32.dll
0x00007ffeef8f0000 - 0x00007ffeef997000 	C:\WINDOWS\System32\sechost.dll
0x00007ffeefbc0000 - 0x00007ffeefcd8000 	C:\WINDOWS\System32\RPCRT4.dll
0x00007ffedb0d0000 - 0x00007ffedb0db000 	C:\WINDOWS\SYSTEM32\VERSION.dll
0x00007ffee9290000 - 0x00007ffee933a000 	C:\WINDOWS\system32\uxtheme.dll
0x00007ffef02c0000 - 0x00007ffef0643000 	C:\WINDOWS\System32\combase.dll
0x00007ffeef760000 - 0x00007ffeef8bc000 	C:\WINDOWS\System32\MSCTF.dll
0x00007ffe8e030000 - 0x00007ffe8e0cc000 	C:\WINDOWS\system32\IMGSF50Filter_x64.dll
0x00007ffef16a0000 - 0x00007ffef1837000 	C:\WINDOWS\System32\ole32.dll
0x00007ffef1970000 - 0x00007ffef1978000 	C:\WINDOWS\System32\PSAPI.DLL
0x00007ffef1900000 - 0x00007ffef1966000 	C:\WINDOWS\System32\SHLWAPI.dll
0x00007ffeee950000 - 0x00007ffeef1bc000 	C:\WINDOWS\System32\Windows.Storage.dll
0x00007ffef0650000 - 0x00007ffef0dbe000 	C:\WINDOWS\System32\SHELL32.dll
0x00007ffeb8ba0000 - 0x00007ffeb8caf000 	C:\WINDOWS\SYSTEM32\Opengl32.dll
0x00007ffeb8b70000 - 0x00007ffeb8b9d000 	C:\WINDOWS\SYSTEM32\GLU32.dll
0x00007ffee9580000 - 0x00007ffee95c5000 	C:\WINDOWS\SYSTEM32\dxcore.dll
0x00007ffeed180000 - 0x00007ffeed19b000 	C:\WINDOWS\SYSTEM32\kernel.appcore.dll
0x00007ffeee4a0000 - 0x00007ffeee548000 	C:\WINDOWS\System32\bcryptPrimitives.dll
0x00007ffef0e60000 - 0x00007ffef0f39000 	C:\WINDOWS\System32\OLEAUT32.dll
0x00007ffedb8f0000 - 0x00007ffedba36000 	C:\WINDOWS\SYSTEM32\textinputframework.dll
0x00007ffee89a0000 - 0x00007ffee8ac7000 	C:\WINDOWS\SYSTEM32\CoreMessaging.dll
0x00007ffee5260000 - 0x00007ffee5542000 	C:\WINDOWS\SYSTEM32\CoreUIComponents.dll
0x00007ffee50f0000 - 0x00007ffee525a000 	C:\WINDOWS\SYSTEM32\wintypes.dll
0x00007ffeed9f0000 - 0x00007ffeed9fc000 	C:\WINDOWS\SYSTEM32\CRYPTBASE.DLL
0x00007ffe1a160000 - 0x00007ffe1aa11000 	C:\Program Files\Java\jre-1.8\bin\server\jvm.dll
0x00007ffed2330000 - 0x00007ffed234e000 	C:\WINDOWS\SYSTEM32\VCRUNTIME140.dll
0x00007ffed30c0000 - 0x00007ffed30ca000 	C:\WINDOWS\SYSTEM32\WSOCK32.dll
0x00007ffef0dd0000 - 0x00007ffef0e50000 	C:\WINDOWS\System32\WS2_32.dll
0x00007ffee2b60000 - 0x00007ffee2b96000 	C:\WINDOWS\SYSTEM32\WINMM.dll
0x00007ffee6fb0000 - 0x00007ffee6fc0000 	C:\Program Files\Java\jre-1.8\bin\verify.dll
0x00007ffee6f80000 - 0x00007ffee6fab000 	C:\Program Files\Java\jre-1.8\bin\java.dll
0x00007ffee6ea0000 - 0x00007ffee6ed4000 	C:\Program Files\Java\jre-1.8\bin\instrument.dll
0x00007ffee6f60000 - 0x00007ffee6f78000 	C:\Program Files\Java\jre-1.8\bin\zip.dll
0x00007ffeefd40000 - 0x00007ffeefe36000 	C:\WINDOWS\System32\SHCORE.dll
0x00007ffeee310000 - 0x00007ffeee339000 	C:\WINDOWS\System32\profapi.dll
0x00007ffed9250000 - 0x00007ffed926c000 	C:\Program Files\Java\jre-1.8\bin\net.dll
0x00007ffeed6f0000 - 0x00007ffeed75c000 	C:\WINDOWS\system32\mswsock.dll
0x00007ffed68d0000 - 0x00007ffed68e3000 	C:\Program Files\Java\jre-1.8\bin\nio.dll
0x00007ffeed9d0000 - 0x00007ffeed9eb000 	C:\WINDOWS\SYSTEM32\CRYPTSP.dll
0x00007ffeed0e0000 - 0x00007ffeed119000 	C:\WINDOWS\system32\rsaenh.dll
0x00007ffeed7a0000 - 0x00007ffeed7d3000 	C:\WINDOWS\SYSTEM32\USERENV.dll
0x00007ffeee2e0000 - 0x00007ffeee30a000 	C:\WINDOWS\SYSTEM32\bcrypt.dll
0x00007ffeecba0000 - 0x00007ffeecbd2000 	C:\WINDOWS\SYSTEM32\IPHLPAPI.DLL
0x00007ffef1200000 - 0x00007ffef120a000 	C:\WINDOWS\System32\NSI.dll
0x00007ffee6650000 - 0x00007ffee666d000 	C:\WINDOWS\SYSTEM32\dhcpcsvc6.DLL
0x00007ffee6620000 - 0x00007ffee6645000 	C:\WINDOWS\SYSTEM32\dhcpcsvc.DLL
0x00007ffeecc40000 - 0x00007ffeecd72000 	C:\WINDOWS\SYSTEM32\DNSAPI.dll
0x00007ffec3b10000 - 0x00007ffec3bc8000 	C:\eGovFrameDev-3.10.0-64bit\eclipse\configuration\org.eclipse.osgi\743\0\.cp\swt-win32-4934r6.dll
0x00007ffeefa30000 - 0x00007ffeefb20000 	C:\WINDOWS\System32\COMDLG32.dll
0x00007ffeef470000 - 0x00007ffeef5e8000 	C:\WINDOWS\System32\CRYPT32.dll
0x00007ffecca40000 - 0x00007ffecccd5000 	C:\WINDOWS\SYSTEM32\WININET.dll
0x00007ffe3d5c0000 - 0x00007ffe3d5d9000 	C:\WINDOWS\SYSTEM32\USP10.dll
0x00007ffebc1a0000 - 0x00007ffebc252000 	C:\WINDOWS\SYSTEM32\WINSPOOL.DRV
0x00007ffee7700000 - 0x00007ffee7806000 	C:\WINDOWS\SYSTEM32\PROPSYS.dll
0x00007ffeda8e0000 - 0x00007ffeda8e8000 	C:\WINDOWS\SYSTEM32\MSIMG32.dll
0x00007ffecb810000 - 0x00007ffecb9ed000 	C:\WINDOWS\SYSTEM32\urlmon.dll
0x00007ffeedf30000 - 0x00007ffeedf81000 	C:\WINDOWS\SYSTEM32\cfgmgr32.dll
0x00007ffed5d10000 - 0x00007ffed5fd4000 	C:\WINDOWS\SYSTEM32\iertutil.dll
0x00007ffed5ce0000 - 0x00007ffed5d09000 	C:\WINDOWS\SYSTEM32\srvcli.dll
0x00007ffeecaf0000 - 0x00007ffeecafd000 	C:\WINDOWS\SYSTEM32\netutils.dll
0x00007ffeefe40000 - 0x00007ffeefeee000 	C:\WINDOWS\System32\clbcatq.dll
0x00007ffed6880000 - 0x00007ffed68a6000 	C:\eGovFrameDev-3.10.0-64bit\eclipse\configuration\org.eclipse.osgi\743\0\.cp\swt-gdip-win32-4934r6.dll
0x00007ffed27d0000 - 0x00007ffed29a8000 	C:\WINDOWS\WinSxS\amd64_microsoft.windows.gdiplus_6595b64144ccf1df_1.1.26100.8328_none_6ef30b123dc73046\gdiplus.dll
0x00007ffee74d0000 - 0x00007ffee76fd000 	C:\WINDOWS\SYSTEM32\WindowsCodecs.dll
0x00007ffe95ea0000 - 0x00007ffe95f53000 	C:\WINDOWS\SYSTEM32\TextShaping.dll
0x00007ffec7420000 - 0x00007ffec7496000 	C:\WINDOWS\SYSTEM32\oleacc.dll
0x00007ffe8c170000 - 0x00007ffe8c1b4000 	C:\WINDOWS\system32\mlang.dll
0x0000000180000000 - 0x0000000180012000 	C:\eGovFrameDev-3.10.0-64bit\eclipse\configuration\org.eclipse.osgi\121\0\.cp\os\win32\x86_64\localfile_1_0_0.dll
0x00007ffed5cb0000 - 0x00007ffed5ccb000 	C:\eGovFrameDev-3.10.0-64bit\eclipse\configuration\org.eclipse.osgi\126\0\.cp\os\win32\x86_64\win32refresh.dll
0x00007ffecc8c0000 - 0x00007ffecc8d1000 	C:\eGovFrameDev-3.10.0-64bit\eclipse\configuration\org.eclipse.osgi\124\0\.cp\jWinHttp-1.0.0.dll
0x00007ffee6470000 - 0x00007ffee6599000 	C:\WINDOWS\SYSTEM32\WINHTTP.dll
0x00007ffe9e8d0000 - 0x00007ffe9e92a000 	C:\WINDOWS\system32\dataexchange.dll
0x00007ffedcfe0000 - 0x00007ffedd22e000 	C:\WINDOWS\system32\twinapi.appcore.dll
0x00007ffecca10000 - 0x00007ffecca39000 	C:\WINDOWS\SYSTEM32\edputil.dll
0x00007ffeb7aa0000 - 0x00007ffeb7d86000 	C:\WINDOWS\system32\explorerframe.dll
0x00007ffeee240000 - 0x00007ffeee29e000 	C:\WINDOWS\SYSTEM32\powrprof.dll
0x00007ffeee220000 - 0x00007ffeee234000 	C:\WINDOWS\SYSTEM32\UMPDC.dll
0x00007ffee7810000 - 0x00007ffee7a77000 	C:\WINDOWS\SYSTEM32\DWrite.dll
0x00007ffecc890000 - 0x00007ffecc8b5000 	C:\Program Files\Java\jre-1.8\bin\sunec.dll
0x00007ffeccd80000 - 0x00007ffeccd98000 	C:\WINDOWS\system32\napinsp.dll
0x00007ffecc9b0000 - 0x00007ffecc9c3000 	C:\WINDOWS\System32\winrnr.dll
0x00007ffecc980000 - 0x00007ffecc9a2000 	C:\WINDOWS\system32\nlansp_c.dll
0x00007ffecc960000 - 0x00007ffecc976000 	C:\WINDOWS\system32\wshbth.dll
0x00007ffee2980000 - 0x00007ffee298b000 	C:\Windows\System32\rasadhlp.dll
0x00007ffee69a0000 - 0x00007ffee6a26000 	C:\WINDOWS\System32\fwpuclnt.dll
0x00007ffee6f50000 - 0x00007ffee6f5e000 	C:\Program Files\Java\jre-1.8\bin\sunmscapi.dll
0x00007ffeedbf0000 - 0x00007ffeedc20000 	C:\WINDOWS\SYSTEM32\ncrypt.dll
0x00007ffeda890000 - 0x00007ffeda89b000 	C:\WINDOWS\SYSTEM32\VCRUNTIME140_1.dll
0x00007ffeedba0000 - 0x00007ffeedbdf000 	C:\WINDOWS\SYSTEM32\NTASN1.dll
0x00007ffeec4c0000 - 0x00007ffeec702000 	C:\WINDOWS\SYSTEM32\dbghelp.dll

VM Arguments:
jvm_args: -Dfile.encoding=UTF-8 -Dosgi.requiredJavaVersion=1.8 -Dosgi.instance.area.default=@user.home/eclipse-workspace -XX:+UseG1GC -XX:+UseStringDeduplication -Dosgi.requiredJavaVersion=1.8 -Dosgi.dataAreaRequiresExplicitInit=true -Xms256m -Xmx2048m -javaagent:C:\eGovFrameDev-3.10.0-64bit\eclipse\lombok.jar 
java_command: <unknown>
java_class_path (initial): C:\eGovFrameDev-3.10.0-64bit\eclipse\\plugins/org.eclipse.equinox.launcher_1.5.700.v20200207-2156.jar;C:\eGovFrameDev-3.10.0-64bit\eclipse\lombok.jar
Launcher Type: generic

Environment Variables:
PATH=C:/Program Files/Java/jre-1.8/bin/server;C:/Program Files/Java/jre-1.8/bin;C:/Program Files/Java/jre-1.8/lib/amd64;C:\Program Files\Common Files\Oracle\Java\javapath;C:\Program Files (x86)\Common Files\Oracle\Java\java8path;C:\Program Files (x86)\Common Files\Oracle\Java\javapath;C:\WINDOWS\system32;C:\WINDOWS;C:\WINDOWS\System32\Wbem;C:\WINDOWS\System32\WindowsPowerShell\v1.0\;C:\WINDOWS\System32\OpenSSH\;C:\Program Files\Microsoft SQL Server\150\Tools\Binn\;C:\Program Files\dotnet\;C:\Program Files\nodejs\;C:\Program Files\Git\cmd;C:\Java\java-1.8.0-openjdk-1.8.0.332-1.b09.ojdkbuild.windows.x86_64\bin;C:\Program Files\Microsoft SQL Server\170\Tools\Binn\;C:\Program Files\Docker\Docker\resources\bin;C:\Program Files\Microsoft SQL Server\Client SDK\ODBC\170\Tools\Binn\;C:\Users\이근형\AppData\Local\Programs\Python\Python313\Scripts\;C:\Users\이근형\AppData\Local\Programs\Python\Python313\;C:\Users\이근형\AppData\Local\Microsoft\WindowsApps;C:\Users\이근형\AppData\Local\Programs\Microsoft VS Code\bin;C:\Program Files\Java\jdk-17\bin;C:\Program Files\JetBrains\IntelliJ IDEA Community Edition 2025.1.2\bin;;C:\Users\이근형\AppData\Roaming\npm;C:\msys64\ucrt64\bin;C:\Users\이근형\AppData\Local\GitHubDesktop\bin;C:\Users\이근형\.dotnet\tools;C:\eGovFrameDev-3.10.0-64bit\eclipse;
USERNAME=이근형
OS=Windows_NT
PROCESSOR_IDENTIFIER=Intel64 Family 6 Model 186 Stepping 2, GenuineIntel



---------------  S Y S T E M  ---------------

OS: Windows 11 , 64 bit Build 26100 (10.0.26100.8328)

CPU:total 16 (initial active 16) (8 cores per cpu, 2 threads per core) family 6 model 186 stepping 2, cmov, cx8, fxsr, mmx, sse, sse2, sse3, ssse3, sse4.1, sse4.2, popcnt, avx, avx2, aes, clmul, erms, 3dnowpref, lzcnt, ht, tsc, tscinvbit, bmi1, bmi2, adx

Memory: 4k page, physical 16452468k(1661948k free), swap 29035380k(30316k free)

vm_info: Java HotSpot(TM) 64-Bit Server VM (25.411-b09) for windows-amd64 JRE (1.8.0_411-b09), built on Mar 13 2024 07:26:13 by "java_re" with MS VC++ 17.1 (VS2022)

time: Wed Jun  3 15:43:22 2026
timezone: Intel64 Family 6 Model 186 Stepping 2, GenuineIntel
elapsed time: 26.587840 seconds (0d 0h 0m 26s)

