#
# There is insufficient memory for the Java Runtime Environment to continue.
# Native memory allocation (mmap) failed to map 322961408 bytes for Failed to commit area from 0x00000000a0000000 to 0x00000000b3400000 of length 322961408.
# Possible reasons:
#   The system is out of physical RAM or swap space
#   The process is running with CompressedOops enabled, and the Java Heap may be blocking the growth of the native heap
# Possible solutions:
#   Reduce memory load on the system
#   Increase physical memory or swap space
#   Check if swap backing store is full
#   Decrease Java heap size (-Xmx/-Xms)
#   Decrease number of Java threads
#   Decrease Java thread stack sizes (-Xss)
#   Set larger code cache with -XX:ReservedCodeCacheSize=
#   JVM is running with Unscaled Compressed Oops mode in which the Java heap is
#     placed in the first 4GB address space. The Java Heap base address is the
#     maximum limit for the native heap growth. Please use -XX:HeapBaseMinAddress
#     to set the Java Heap base and to place the Java Heap above 4GB virtual address.
# This output file may be truncated or incomplete.
#
#  Out of Memory Error (os_windows.cpp:3408), pid=42416, tid=0x0000000000009924
#
# JRE version: Java(TM) SE Runtime Environment (8.0_411) (build 1.8.0_411-b09)
# Java VM: Java HotSpot(TM) 64-Bit Server VM (25.411-b09 mixed mode windows-amd64 compressed oops)
# Failed to write core dump. Minidumps are not enabled by default on client versions of Windows
#

---------------  T H R E A D  ---------------

Current thread (0x000000001e8ba800):  VMThread [stack: 0x000000001f840000,0x000000001f940000] [id=39204]

Stack: [0x000000001f840000,0x000000001f940000]
[error occurred during error reporting (printing stack bounds), id 0xc0000005]

Native frames: (J=compiled Java code, j=interpreted, Vv=VM code, C=native code)
V  [jvm.dll+0x3540d9]
V  [jvm.dll+0x291062]
V  [jvm.dll+0x291c2d]
V  [jvm.dll+0x2afbd6]
V  [jvm.dll+0x2b08c0]
V  [jvm.dll+0x353d38]
C  [ntdll.dll+0x1663df]
C  [ntdll.dll+0x19497]
C  [ntdll.dll+0x165d1e]
C  0x0000000003fc0b4a

VM_Operation (0x0000000000f6d830): G1IncCollectionPause, mode: safepoint, requested by thread 0x00000000012bc800


---------------  P R O C E S S  ---------------

Java Threads: ( => current thread )
  0x000000002859a000 JavaThread "FileStoreAttributeReader-1" daemon [_thread_blocked, id=39264, stack(0x0000000035f80000,0x0000000036080000)]
  0x0000000024e92800 JavaThread "pool-4-thread-1" [_thread_blocked, id=10396, stack(0x0000000034cb0000,0x0000000034db0000)]
  0x0000000024e94000 JavaThread "pool-3-thread-1" [_thread_blocked, id=31428, stack(0x0000000034ab0000,0x0000000034bb0000)]
  0x0000000024e95000 JavaThread "Worker-15" [_thread_blocked, id=25400, stack(0x00000000349b0000,0x0000000034ab0000)]
  0x0000000024e95800 JavaThread "Worker-14" [_thread_blocked, id=2452, stack(0x00000000348b0000,0x00000000349b0000)]
  0x0000000024e92000 JavaThread "Worker-13" [_thread_blocked, id=33256, stack(0x00000000347b0000,0x00000000348b0000)]
  0x0000000024e93800 JavaThread "Worker-12" [_thread_blocked, id=42508, stack(0x00000000346b0000,0x00000000347b0000)]
  0x0000000024e8e000 JavaThread "Worker-11" [_thread_blocked, id=16308, stack(0x00000000345b0000,0x00000000346b0000)]
  0x0000000024e91000 JavaThread "Worker-10" [_thread_blocked, id=41048, stack(0x00000000344b0000,0x00000000345b0000)]
  0x0000000024e8f800 JavaThread "Worker-9: Refreshing workspace" [_thread_blocked, id=38896, stack(0x00000000343b0000,0x00000000344b0000)]
  0x0000000024e8f000 JavaThread "Worker-8: Loading referenced grammars" [_thread_blocked, id=33576, stack(0x00000000342b0000,0x00000000343b0000)]
  0x0000000024e90800 JavaThread "Worker-7" [_thread_blocked, id=34488, stack(0x00000000341b0000,0x00000000342b0000)]
  0x0000000024e8a800 JavaThread "Worker-6: Initializing Servers view" [_thread_blocked, id=42604, stack(0x00000000340b0000,0x00000000341b0000)]
  0x0000000024e8d800 JavaThread "Timer-1" [_thread_blocked, id=31976, stack(0x0000000033fb0000,0x00000000340b0000)]
  0x0000000024e8c800 JavaThread "Worker-5" [_thread_blocked, id=12364, stack(0x000000002ce00000,0x000000002cf00000)]
  0x0000000024e8c000 JavaThread "Worker-4: Decoration Calculation" [_thread_blocked, id=41824, stack(0x000000002cd00000,0x000000002ce00000)]
  0x0000000024e8b000 JavaThread "Worker-3: Initializing Spring Xml Namespace Tooling" [_thread_blocked, id=29360, stack(0x000000002cc00000,0x000000002cd00000)]
  0x00000000245f2000 JavaThread "Worker-2" [_thread_blocked, id=35020, stack(0x000000002cb00000,0x000000002cc00000)]
  0x000000001ea6b000 JavaThread "Worker-1: Computing Git status for repository eGovFrameDev-3.10.0-64bit" [_thread_blocked, id=27736, stack(0x000000002ca00000,0x000000002cb00000)]
  0x00000000245ed800 JavaThread "EventAdmin Async Event Dispatcher Thread" daemon [_thread_blocked, id=39016, stack(0x000000002c900000,0x000000002ca00000)]
  0x00000000245f0800 JavaThread "ForkJoinPool.commonPool-worker-9" daemon [_thread_blocked, id=40112, stack(0x0000000033b40000,0x0000000033c40000)]
  0x00000000245ed000 JavaThread "org.eclipse.wst.sse.ui.internal.reconcile.StructuredRegionProcessor" daemon [_thread_blocked, id=41720, stack(0x0000000032ec0000,0x0000000032fc0000)]
  0x00000000245ee800 JavaThread "org.eclipse.jdt.internal.ui.text.JavaReconciler" daemon [_thread_blocked, id=11216, stack(0x000000002e900000,0x000000002ea00000)]
  0x00000000245e6000 JavaThread "Java indexing" daemon [_thread_blocked, id=8096, stack(0x000000002d770000,0x000000002d870000)]
  0x00000000245e7000 JavaThread "Git Repository Closer" daemon [_thread_blocked, id=42820, stack(0x0000000026550000,0x0000000026650000)]
  0x00000000245e3000 JavaThread "Bundle File Closer" daemon [_thread_blocked, id=13308, stack(0x0000000023e70000,0x0000000023f70000)]
  0x00000000245e5800 JavaThread "Worker-0: Computing Git status for repository eduHub" [_thread_blocked, id=42680, stack(0x0000000025ad0000,0x0000000025bd0000)]
  0x000000001ea6b800 JavaThread "Gogo shell" [_thread_blocked, id=13880, stack(0x0000000023f70000,0x0000000024070000)]
  0x000000002253f000 JavaThread "EMF Reference Cleaner" daemon [_thread_blocked, id=41776, stack(0x0000000023b70000,0x0000000023c70000)]
  0x000000002253e000 JavaThread "Worker-JM" [_thread_blocked, id=13428, stack(0x0000000023a70000,0x0000000023b70000)]
  0x000000002240b000 JavaThread "SCR Component Actor" daemon [_thread_blocked, id=35736, stack(0x0000000023380000,0x0000000023480000)]
  0x000000002175c800 JavaThread "Start Level: Equinox Container: c7492e8a-1aee-4f1c-9195-a86ffad8a29a" daemon [_thread_blocked, id=42328, stack(0x0000000023080000,0x0000000023180000)]
  0x0000000021753800 JavaThread "Framework Event Dispatcher: Equinox Container: c7492e8a-1aee-4f1c-9195-a86ffad8a29a" daemon [_thread_blocked, id=35072, stack(0x0000000022f80000,0x0000000023080000)]
  0x000000002151e000 JavaThread "Active Thread: Equinox Container: c7492e8a-1aee-4f1c-9195-a86ffad8a29a" [_thread_blocked, id=34800, stack(0x0000000022e80000,0x0000000022f80000)]
  0x0000000020c54000 JavaThread "Service Thread" daemon [_thread_blocked, id=42760, stack(0x0000000021ab0000,0x0000000021bb0000)]
  0x000000001ea6a000 JavaThread "C1 CompilerThread11" daemon [_thread_blocked, id=38272, stack(0x00000000209e0000,0x0000000020ae0000)]
  0x000000001ea69800 JavaThread "C1 CompilerThread10" daemon [_thread_blocked, id=40824, stack(0x00000000208e0000,0x00000000209e0000)]
  0x000000001ea65800 JavaThread "C1 CompilerThread9" daemon [_thread_blocked, id=25264, stack(0x00000000207e0000,0x00000000208e0000)]
  0x000000001ea66800 JavaThread "C1 CompilerThread8" daemon [_thread_blocked, id=6556, stack(0x00000000206e0000,0x00000000207e0000)]
  0x000000001ea68800 JavaThread "C2 CompilerThread7" daemon [_thread_blocked, id=38968, stack(0x00000000205e0000,0x00000000206e0000)]
  0x000000001ea68000 JavaThread "C2 CompilerThread6" daemon [_thread_blocked, id=30280, stack(0x00000000204e0000,0x00000000205e0000)]
  0x000000001ea65000 JavaThread "C2 CompilerThread5" daemon [_thread_blocked, id=30016, stack(0x00000000203e0000,0x00000000204e0000)]
  0x000000001ea4e000 JavaThread "C2 CompilerThread4" daemon [_thread_blocked, id=23828, stack(0x00000000202e0000,0x00000000203e0000)]
  0x000000001e9f7000 JavaThread "C2 CompilerThread3" daemon [_thread_blocked, id=20968, stack(0x00000000201e0000,0x00000000202e0000)]
  0x000000001e9f5000 JavaThread "C2 CompilerThread2" daemon [_thread_blocked, id=37448, stack(0x00000000200e0000,0x00000000201e0000)]
  0x000000001e9fe800 JavaThread "C2 CompilerThread1" daemon [_thread_blocked, id=8464, stack(0x000000001ffe0000,0x00000000200e0000)]
  0x000000001e9fa800 JavaThread "C2 CompilerThread0" daemon [_thread_blocked, id=37712, stack(0x000000001fee0000,0x000000001ffe0000)]
  0x000000001e976800 JavaThread "Attach Listener" daemon [_thread_blocked, id=41900, stack(0x000000001fde0000,0x000000001fee0000)]
  0x000000001e975800 JavaThread "Signal Dispatcher" daemon [_thread_blocked, id=42692, stack(0x000000001fce0000,0x000000001fde0000)]
  0x000000001e975000 JavaThread "Surrogate Locker Thread (Concurrent GC)" daemon [_thread_blocked, id=31240, stack(0x000000001fbe0000,0x000000001fce0000)]
  0x000000001e8e8800 JavaThread "Finalizer" daemon [_thread_blocked, id=41584, stack(0x000000001fa40000,0x000000001fb40000)]
  0x000000001e8dc000 JavaThread "Reference Handler" daemon [_thread_blocked, id=41640, stack(0x000000001f940000,0x000000001fa40000)]
  0x00000000012bc800 JavaThread "main" [_thread_blocked, id=35004, stack(0x0000000000e70000,0x0000000000f70000)]

Other Threads:
=>0x000000001e8ba800 VMThread [stack: 0x000000001f840000,0x000000001f940000] [id=39204]
  0x000000001ed1c000 WatcherThread [stack: 0x0000000021bb0000,0x0000000021cb0000] [id=32108]

VM state:at safepoint (normal execution)

VM Mutex/Monitor currently owned by a thread:  ([mutex/lock_event])
[0x00000000012b87c0] Threads_lock - owner thread: 0x000000001e8ba800
[0x00000000012b7bc0] Heap_lock - owner thread: 0x00000000012bc800

heap address: 0x0000000080000000, size: 2048 MB, Compressed Oops mode: 32-bit
Narrow klass base: 0x0000000000000000, Narrow klass shift: 3
Compressed class space size: 1073741824 Address: 0x0000000100000000

Heap:
 garbage-first heap   total 839680K, used 180527K [0x0000000080000000, 0x00000000801019a0, 0x0000000100000000)
  region size 1024K, 4 young (4096K), 4 survivors (4096K)
 Metaspace       used 117313K, capacity 129398K, committed 129484K, reserved 1161216K
  class space    used 15054K, capacity 18343K, committed 18380K, reserved 1048576K

Heap Regions: (E=young(eden), S=young(survivor), O=old, HS=humongous(starts), HC=humongous(continues), CS=collection set, F=free, TS=gc time stamp, PTAMS=previous top-at-mark-start, NTAMS=next top-at-mark-start)
AC   0  O    TS     0 PTAMS 0x0000000080100000 NTAMS 0x0000000080100000 space 1024K, 100% used [0x0000000080000000, 0x0000000080100000)
AC   0  O    TS     0 PTAMS 0x0000000080200000 NTAMS 0x0000000080200000 space 1024K, 100% used [0x0000000080100000, 0x0000000080200000)
AC   0  O    TS     0 PTAMS 0x0000000080300000 NTAMS 0x0000000080300000 space 1024K, 100% used [0x0000000080200000, 0x0000000080300000)
AC   0  O    TS     0 PTAMS 0x0000000080400000 NTAMS 0x0000000080400000 space 1024K, 100% used [0x0000000080300000, 0x0000000080400000)
AC   0  O    TS     0 PTAMS 0x0000000080500000 NTAMS 0x0000000080500000 space 1024K, 100% used [0x0000000080400000, 0x0000000080500000)
AC   0  O    TS     0 PTAMS 0x0000000080600000 NTAMS 0x0000000080600000 space 1024K, 100% used [0x0000000080500000, 0x0000000080600000)
AC   0  O    TS     0 PTAMS 0x0000000080700000 NTAMS 0x0000000080700000 space 1024K, 100% used [0x0000000080600000, 0x0000000080700000)
AC   0  O    TS     0 PTAMS 0x0000000080800000 NTAMS 0x0000000080800000 space 1024K, 100% used [0x0000000080700000, 0x0000000080800000)
AC   0  O    TS     0 PTAMS 0x0000000080900000 NTAMS 0x0000000080900000 space 1024K, 100% used [0x0000000080800000, 0x0000000080900000)
AC   0  O    TS     0 PTAMS 0x0000000080a00000 NTAMS 0x0000000080a00000 space 1024K, 100% used [0x0000000080900000, 0x0000000080a00000)
AC   0  O    TS     0 PTAMS 0x0000000080b00000 NTAMS 0x0000000080b00000 space 1024K, 100% used [0x0000000080a00000, 0x0000000080b00000)
AC   0  O    TS     0 PTAMS 0x0000000080c00000 NTAMS 0x0000000080c00000 space 1024K, 100% used [0x0000000080b00000, 0x0000000080c00000)
AC   0  O    TS     0 PTAMS 0x0000000080d00000 NTAMS 0x0000000080d00000 space 1024K, 100% used [0x0000000080c00000, 0x0000000080d00000)
AC   0  O    TS     0 PTAMS 0x0000000080e00000 NTAMS 0x0000000080e00000 space 1024K, 100% used [0x0000000080d00000, 0x0000000080e00000)
AC   0  O    TS     0 PTAMS 0x0000000080f00000 NTAMS 0x0000000080f00000 space 1024K, 100% used [0x0000000080e00000, 0x0000000080f00000)
AC   0  O    TS     0 PTAMS 0x0000000081000000 NTAMS 0x0000000081000000 space 1024K, 100% used [0x0000000080f00000, 0x0000000081000000)
AC   0  O    TS     0 PTAMS 0x0000000081100000 NTAMS 0x0000000081100000 space 1024K, 100% used [0x0000000081000000, 0x0000000081100000)
AC   0  O    TS     0 PTAMS 0x0000000081200000 NTAMS 0x0000000081200000 space 1024K, 100% used [0x0000000081100000, 0x0000000081200000)
AC   0  O    TS     0 PTAMS 0x0000000081300000 NTAMS 0x0000000081300000 space 1024K, 100% used [0x0000000081200000, 0x0000000081300000)
AC   0  O    TS     0 PTAMS 0x0000000081400000 NTAMS 0x0000000081400000 space 1024K, 100% used [0x0000000081300000, 0x0000000081400000)
AC   0  O    TS     0 PTAMS 0x0000000081500000 NTAMS 0x0000000081500000 space 1024K, 100% used [0x0000000081400000, 0x0000000081500000)
AC   0  O    TS     0 PTAMS 0x0000000081600000 NTAMS 0x0000000081600000 space 1024K, 100% used [0x0000000081500000, 0x0000000081600000)
AC   0  O    TS     0 PTAMS 0x0000000081700000 NTAMS 0x0000000081700000 space 1024K, 100% used [0x0000000081600000, 0x0000000081700000)
AC   0  O    TS     0 PTAMS 0x0000000081800000 NTAMS 0x0000000081800000 space 1024K, 100% used [0x0000000081700000, 0x0000000081800000)
AC   0  O    TS     0 PTAMS 0x0000000081900000 NTAMS 0x0000000081900000 space 1024K, 100% used [0x0000000081800000, 0x0000000081900000)
AC   0  O    TS     0 PTAMS 0x0000000081a00000 NTAMS 0x0000000081a00000 space 1024K, 100% used [0x0000000081900000, 0x0000000081a00000)
AC   0  O    TS     0 PTAMS 0x0000000081b00000 NTAMS 0x0000000081b00000 space 1024K, 100% used [0x0000000081a00000, 0x0000000081b00000)
AC   0  O    TS     0 PTAMS 0x0000000081c00000 NTAMS 0x0000000081c00000 space 1024K, 100% used [0x0000000081b00000, 0x0000000081c00000)
AC   0  O    TS     0 PTAMS 0x0000000081d00000 NTAMS 0x0000000081d00000 space 1024K, 100% used [0x0000000081c00000, 0x0000000081d00000)
AC   0  O    TS     0 PTAMS 0x0000000081e00000 NTAMS 0x0000000081e00000 space 1024K, 100% used [0x0000000081d00000, 0x0000000081e00000)
AC   0  O    TS     0 PTAMS 0x0000000081f00000 NTAMS 0x0000000081f00000 space 1024K, 100% used [0x0000000081e00000, 0x0000000081f00000)
AC   0  O    TS     0 PTAMS 0x0000000082000000 NTAMS 0x0000000082000000 space 1024K, 100% used [0x0000000081f00000, 0x0000000082000000)
AC   0  O    TS     0 PTAMS 0x0000000082100000 NTAMS 0x0000000082100000 space 1024K, 100% used [0x0000000082000000, 0x0000000082100000)
AC   0  O    TS     0 PTAMS 0x0000000082200000 NTAMS 0x0000000082200000 space 1024K, 100% used [0x0000000082100000, 0x0000000082200000)
AC   0  O    TS     0 PTAMS 0x0000000082300000 NTAMS 0x0000000082300000 space 1024K, 100% used [0x0000000082200000, 0x0000000082300000)
AC   0  O    TS     0 PTAMS 0x0000000082400000 NTAMS 0x0000000082400000 space 1024K, 100% used [0x0000000082300000, 0x0000000082400000)
AC   0  O    TS     0 PTAMS 0x0000000082500000 NTAMS 0x0000000082500000 space 1024K, 100% used [0x0000000082400000, 0x0000000082500000)
AC   0  O    TS     0 PTAMS 0x0000000082600000 NTAMS 0x0000000082600000 space 1024K, 100% used [0x0000000082500000, 0x0000000082600000)
AC   0  O    TS     0 PTAMS 0x0000000082700000 NTAMS 0x0000000082700000 space 1024K, 100% used [0x0000000082600000, 0x0000000082700000)
AC   0  O    TS     0 PTAMS 0x0000000082800000 NTAMS 0x0000000082800000 space 1024K, 100% used [0x0000000082700000, 0x0000000082800000)
AC   0 HS    TS     0 PTAMS 0x0000000082900010 NTAMS 0x0000000082900010 space 2048K,  50% used [0x0000000082800000, 0x0000000082a00000)
AC   0 HC    TS     0 PTAMS 0x0000000082900000 NTAMS 0x0000000082900000 space 1024K,   0% used [0x0000000082900000, 0x0000000082a00000)
AC   0  O    TS     0 PTAMS 0x0000000082b00000 NTAMS 0x0000000082b00000 space 1024K, 100% used [0x0000000082a00000, 0x0000000082b00000)
AC   0  O    TS     0 PTAMS 0x0000000082c00000 NTAMS 0x0000000082c00000 space 1024K, 100% used [0x0000000082b00000, 0x0000000082c00000)
AC   0  F    TS     0 PTAMS 0x0000000082c00000 NTAMS 0x0000000082c00000 space 1024K,   0% used [0x0000000082c00000, 0x0000000082d00000)
AC   0  O    TS     0 PTAMS 0x0000000082e00000 NTAMS 0x0000000082e00000 space 1024K, 100% used [0x0000000082d00000, 0x0000000082e00000)
AC   0  O    TS     5 PTAMS 0x0000000082e00000 NTAMS 0x0000000082e00000 space 1024K, 100% used [0x0000000082e00000, 0x0000000082f00000)
AC   0  O    TS     0 PTAMS 0x0000000083000000 NTAMS 0x0000000083000000 space 1024K, 100% used [0x0000000082f00000, 0x0000000083000000)
AC   0  O    TS     0 PTAMS 0x0000000083100000 NTAMS 0x0000000083100000 space 1024K, 100% used [0x0000000083000000, 0x0000000083100000)
AC   0  O    TS     0 PTAMS 0x0000000083200000 NTAMS 0x0000000083200000 space 1024K, 100% used [0x0000000083100000, 0x0000000083200000)
AC   0  O    TS     0 PTAMS 0x0000000083300000 NTAMS 0x0000000083300000 space 1024K, 100% used [0x0000000083200000, 0x0000000083300000)
AC   0  O    TS     5 PTAMS 0x0000000083300000 NTAMS 0x0000000083300000 space 1024K, 100% used [0x0000000083300000, 0x0000000083400000)
AC   0  O    TS     0 PTAMS 0x0000000083500000 NTAMS 0x0000000083500000 space 1024K, 100% used [0x0000000083400000, 0x0000000083500000)
AC   0  O    TS     0 PTAMS 0x0000000083600000 NTAMS 0x0000000083600000 space 1024K, 100% used [0x0000000083500000, 0x0000000083600000)
AC   0  O    TS     0 PTAMS 0x0000000083700000 NTAMS 0x0000000083700000 space 1024K, 100% used [0x0000000083600000, 0x0000000083700000)
AC   0  O    TS     0 PTAMS 0x0000000083800000 NTAMS 0x0000000083800000 space 1024K, 100% used [0x0000000083700000, 0x0000000083800000)
AC   0 HS    TS     0 PTAMS 0x00000000839e91d0 NTAMS 0x00000000839e91d0 space 2048K,  95% used [0x0000000083800000, 0x0000000083a00000)
AC   0 HC    TS     0 PTAMS 0x0000000083900000 NTAMS 0x0000000083900000 space 1024K,  91% used [0x0000000083900000, 0x0000000083a00000)
AC   0  O    TS     5 PTAMS 0x0000000083a00000 NTAMS 0x0000000083a00000 space 1024K, 100% used [0x0000000083a00000, 0x0000000083b00000)
AC   0  O    TS     5 PTAMS 0x0000000083b00000 NTAMS 0x0000000083b00000 space 1024K, 100% used [0x0000000083b00000, 0x0000000083c00000)
AC   0  O    TS     0 PTAMS 0x0000000083d00000 NTAMS 0x0000000083d00000 space 1024K, 100% used [0x0000000083c00000, 0x0000000083d00000)
AC   0  O    TS     0 PTAMS 0x0000000083e00000 NTAMS 0x0000000083e00000 space 1024K, 100% used [0x0000000083d00000, 0x0000000083e00000)
AC   0  O    TS     0 PTAMS 0x0000000083f00000 NTAMS 0x0000000083f00000 space 1024K, 100% used [0x0000000083e00000, 0x0000000083f00000)
AC   0  O    TS     0 PTAMS 0x0000000084000000 NTAMS 0x0000000084000000 space 1024K, 100% used [0x0000000083f00000, 0x0000000084000000)
AC   0  O    TS     0 PTAMS 0x0000000084100000 NTAMS 0x0000000084100000 space 1024K, 100% used [0x0000000084000000, 0x0000000084100000)
AC   0  O    TS     0 PTAMS 0x0000000084200000 NTAMS 0x0000000084200000 space 1024K, 100% used [0x0000000084100000, 0x0000000084200000)
AC   0  O    TS     0 PTAMS 0x0000000084300000 NTAMS 0x0000000084300000 space 1024K, 100% used [0x0000000084200000, 0x0000000084300000)
AC   0  O    TS     5 PTAMS 0x0000000084300000 NTAMS 0x0000000084300000 space 1024K, 100% used [0x0000000084300000, 0x0000000084400000)
AC   0  O    TS     5 PTAMS 0x0000000084400000 NTAMS 0x0000000084400000 space 1024K, 100% used [0x0000000084400000, 0x0000000084500000)
AC   0  O    TS     7 PTAMS 0x0000000084500000 NTAMS 0x0000000084500000 space 1024K, 100% used [0x0000000084500000, 0x0000000084600000)
AC   0  O    TS     5 PTAMS 0x0000000084600000 NTAMS 0x0000000084600000 space 1024K, 100% used [0x0000000084600000, 0x0000000084700000)
AC   0  O    TS     0 PTAMS 0x0000000084800000 NTAMS 0x0000000084800000 space 1024K, 100% used [0x0000000084700000, 0x0000000084800000)
AC   0  O    TS     0 PTAMS 0x0000000084900000 NTAMS 0x0000000084900000 space 1024K, 100% used [0x0000000084800000, 0x0000000084900000)
AC   0  O    TS     0 PTAMS 0x0000000084a00000 NTAMS 0x0000000084a00000 space 1024K, 100% used [0x0000000084900000, 0x0000000084a00000)
AC   0  O    TS     0 PTAMS 0x0000000084b00000 NTAMS 0x0000000084b00000 space 1024K, 100% used [0x0000000084a00000, 0x0000000084b00000)
AC   0  O    TS     0 PTAMS 0x0000000084c00000 NTAMS 0x0000000084c00000 space 1024K, 100% used [0x0000000084b00000, 0x0000000084c00000)
AC   0  O    TS     0 PTAMS 0x0000000084d00000 NTAMS 0x0000000084d00000 space 1024K, 100% used [0x0000000084c00000, 0x0000000084d00000)
AC   0  O    TS     0 PTAMS 0x0000000084e00000 NTAMS 0x0000000084e00000 space 1024K, 100% used [0x0000000084d00000, 0x0000000084e00000)
AC   0  O    TS     7 PTAMS 0x0000000084e00000 NTAMS 0x0000000084e00000 space 1024K, 100% used [0x0000000084e00000, 0x0000000084f00000)
AC   0  O    TS     0 PTAMS 0x0000000085000000 NTAMS 0x0000000085000000 space 1024K, 100% used [0x0000000084f00000, 0x0000000085000000)
AC   0  O    TS     0 PTAMS 0x0000000085100000 NTAMS 0x0000000085100000 space 1024K, 100% used [0x0000000085000000, 0x0000000085100000)
AC   0  O    TS     0 PTAMS 0x0000000085200000 NTAMS 0x0000000085200000 space 1024K, 100% used [0x0000000085100000, 0x0000000085200000)
AC   0  O    TS     0 PTAMS 0x0000000085300000 NTAMS 0x0000000085300000 space 1024K, 100% used [0x0000000085200000, 0x0000000085300000)
AC   0  O    TS     0 PTAMS 0x0000000085400000 NTAMS 0x0000000085400000 space 1024K, 100% used [0x0000000085300000, 0x0000000085400000)
AC   0  O    TS     0 PTAMS 0x0000000085500000 NTAMS 0x0000000085500000 space 1024K, 100% used [0x0000000085400000, 0x0000000085500000)
AC   0  O    TS     0 PTAMS 0x0000000085600000 NTAMS 0x0000000085600000 space 1024K, 100% used [0x0000000085500000, 0x0000000085600000)
AC   0  O    TS     0 PTAMS 0x0000000085700000 NTAMS 0x0000000085700000 space 1024K, 100% used [0x0000000085600000, 0x0000000085700000)
AC   0  O    TS     0 PTAMS 0x0000000085800000 NTAMS 0x0000000085800000 space 1024K, 100% used [0x0000000085700000, 0x0000000085800000)
AC   0  O    TS     0 PTAMS 0x0000000085900000 NTAMS 0x0000000085900000 space 1024K, 100% used [0x0000000085800000, 0x0000000085900000)
AC   0  O    TS     0 PTAMS 0x0000000085a00000 NTAMS 0x0000000085a00000 space 1024K, 100% used [0x0000000085900000, 0x0000000085a00000)
AC   0  O    TS     0 PTAMS 0x0000000085b00000 NTAMS 0x0000000085b00000 space 1024K, 100% used [0x0000000085a00000, 0x0000000085b00000)
AC   0  O    TS     0 PTAMS 0x0000000085c00000 NTAMS 0x0000000085c00000 space 1024K, 100% used [0x0000000085b00000, 0x0000000085c00000)
AC   0  O    TS     0 PTAMS 0x0000000085d00000 NTAMS 0x0000000085d00000 space 1024K, 100% used [0x0000000085c00000, 0x0000000085d00000)
AC   0  O    TS     7 PTAMS 0x0000000085d00000 NTAMS 0x0000000085d00000 space 1024K, 100% used [0x0000000085d00000, 0x0000000085e00000)
AC   0  O    TS     5 PTAMS 0x0000000085e00000 NTAMS 0x0000000085e00000 space 1024K, 100% used [0x0000000085e00000, 0x0000000085f00000)
AC   0  O    TS     0 PTAMS 0x0000000086000000 NTAMS 0x0000000086000000 space 1024K, 100% used [0x0000000085f00000, 0x0000000086000000)
AC   0  O    TS     0 PTAMS 0x0000000086100000 NTAMS 0x0000000086100000 space 1024K, 100% used [0x0000000086000000, 0x0000000086100000)
AC   0  O    TS     0 PTAMS 0x0000000086200000 NTAMS 0x0000000086200000 space 1024K, 100% used [0x0000000086100000, 0x0000000086200000)
AC   0  O    TS     5 PTAMS 0x0000000086200000 NTAMS 0x0000000086200000 space 1024K, 100% used [0x0000000086200000, 0x0000000086300000)
AC   0  O    TS     7 PTAMS 0x0000000086300000 NTAMS 0x0000000086300000 space 1024K, 100% used [0x0000000086300000, 0x0000000086400000)
AC   0  O    TS     5 PTAMS 0x0000000086400000 NTAMS 0x0000000086400000 space 1024K, 100% used [0x0000000086400000, 0x0000000086500000)
AC   0  O    TS     7 PTAMS 0x0000000086500000 NTAMS 0x0000000086500000 space 1024K, 100% used [0x0000000086500000, 0x0000000086600000)
AC   0  O    TS     7 PTAMS 0x0000000086600000 NTAMS 0x0000000086600000 space 1024K, 100% used [0x0000000086600000, 0x0000000086700000)
AC   0  O    TS     1 PTAMS 0x0000000086700000 NTAMS 0x0000000086700000 space 1024K, 100% used [0x0000000086700000, 0x0000000086800000)
AC   0  O    TS     5 PTAMS 0x0000000086800000 NTAMS 0x0000000086800000 space 1024K, 100% used [0x0000000086800000, 0x0000000086900000)
AC   0  O    TS     1 PTAMS 0x0000000086900000 NTAMS 0x0000000086900000 space 1024K, 100% used [0x0000000086900000, 0x0000000086a00000)
AC   0  O    TS     5 PTAMS 0x0000000086a00000 NTAMS 0x0000000086a00000 space 1024K, 100% used [0x0000000086a00000, 0x0000000086b00000)
AC   0 HS    TS     0 PTAMS 0x0000000086b00000 NTAMS 0x0000000086b00000 space 2048K,  66% used [0x0000000086b00000, 0x0000000086d00000)
AC   0 HC    TS     0 PTAMS 0x0000000086c00000 NTAMS 0x0000000086c00000 space 1024K,  33% used [0x0000000086c00000, 0x0000000086d00000)
AC   0  O    TS     0 PTAMS 0x0000000086e00000 NTAMS 0x0000000086e00000 space 1024K, 100% used [0x0000000086d00000, 0x0000000086e00000)
AC   0  O    TS     0 PTAMS 0x0000000086f00000 NTAMS 0x0000000086f00000 space 1024K, 100% used [0x0000000086e00000, 0x0000000086f00000)
AC   0  O    TS     0 PTAMS 0x0000000087000000 NTAMS 0x0000000087000000 space 1024K, 100% used [0x0000000086f00000, 0x0000000087000000)
AC   0  O    TS     1 PTAMS 0x0000000087000000 NTAMS 0x0000000087000000 space 1024K, 100% used [0x0000000087000000, 0x0000000087100000)
AC   0  O    TS     1 PTAMS 0x0000000087100000 NTAMS 0x0000000087100000 space 1024K, 100% used [0x0000000087100000, 0x0000000087200000)
AC   0  O    TS     1 PTAMS 0x0000000087200000 NTAMS 0x0000000087200000 space 1024K, 100% used [0x0000000087200000, 0x0000000087300000)
AC   0  O    TS     7 PTAMS 0x0000000087300000 NTAMS 0x0000000087300000 space 1024K, 100% used [0x0000000087300000, 0x0000000087400000)
AC   0  F    TS     0 PTAMS 0x0000000087400000 NTAMS 0x0000000087400000 space 1024K,   0% used [0x0000000087400000, 0x0000000087500000)
AC   0  O    TS     0 PTAMS 0x0000000087600000 NTAMS 0x0000000087600000 space 1024K, 100% used [0x0000000087500000, 0x0000000087600000)
AC   0  F    TS     0 PTAMS 0x0000000087600000 NTAMS 0x0000000087600000 space 1024K,   0% used [0x0000000087600000, 0x0000000087700000)
AC   0  F    TS     0 PTAMS 0x0000000087700000 NTAMS 0x0000000087700000 space 1024K,   0% used [0x0000000087700000, 0x0000000087800000)
AC   0  O    TS     0 PTAMS 0x0000000087900000 NTAMS 0x0000000087900000 space 1024K, 100% used [0x0000000087800000, 0x0000000087900000)
AC   0  F    TS     0 PTAMS 0x0000000087900000 NTAMS 0x0000000087900000 space 1024K,   0% used [0x0000000087900000, 0x0000000087a00000)
AC   0  F    TS     0 PTAMS 0x0000000087a00000 NTAMS 0x0000000087a00000 space 1024K,   0% used [0x0000000087a00000, 0x0000000087b00000)
AC   0  O    TS     0 PTAMS 0x0000000087c00000 NTAMS 0x0000000087c00000 space 1024K, 100% used [0x0000000087b00000, 0x0000000087c00000)
AC   0  O    TS     7 PTAMS 0x0000000087c00000 NTAMS 0x0000000087c00000 space 1024K, 100% used [0x0000000087c00000, 0x0000000087d00000)
AC   0  O    TS     0 PTAMS 0x0000000087e00000 NTAMS 0x0000000087e00000 space 1024K, 100% used [0x0000000087d00000, 0x0000000087e00000)
AC   0  O    TS     5 PTAMS 0x0000000087e00000 NTAMS 0x0000000087e00000 space 1024K, 100% used [0x0000000087e00000, 0x0000000087f00000)
AC   0  O    TS     0 PTAMS 0x0000000088000000 NTAMS 0x0000000088000000 space 1024K, 100% used [0x0000000087f00000, 0x0000000088000000)
AC   0  O    TS     5 PTAMS 0x0000000088000000 NTAMS 0x0000000088000000 space 1024K, 100% used [0x0000000088000000, 0x0000000088100000)
AC   0  O    TS     7 PTAMS 0x0000000088100000 NTAMS 0x0000000088100000 space 1024K, 100% used [0x0000000088100000, 0x0000000088200000)
AC   0  O    TS     0 PTAMS 0x0000000088300000 NTAMS 0x0000000088300000 space 1024K, 100% used [0x0000000088200000, 0x0000000088300000)
AC   0  O    TS     0 PTAMS 0x0000000088400000 NTAMS 0x0000000088400000 space 1024K, 100% used [0x0000000088300000, 0x0000000088400000)
AC   0  O    TS     5 PTAMS 0x0000000088400000 NTAMS 0x0000000088400000 space 1024K, 100% used [0x0000000088400000, 0x0000000088500000)
AC   0  O    TS     5 PTAMS 0x0000000088500000 NTAMS 0x0000000088500000 space 1024K, 100% used [0x0000000088500000, 0x0000000088600000)
AC   0  O    TS     5 PTAMS 0x0000000088600000 NTAMS 0x0000000088600000 space 1024K, 100% used [0x0000000088600000, 0x0000000088700000)
AC   0  O    TS     7 PTAMS 0x0000000088700000 NTAMS 0x0000000088700000 space 1024K, 100% used [0x0000000088700000, 0x0000000088800000)
AC   0  O    TS     9 PTAMS 0x0000000088800000 NTAMS 0x0000000088800000 space 1024K,  50% used [0x0000000088800000, 0x0000000088900000)
AC   0  F    TS     0 PTAMS 0x0000000088900000 NTAMS 0x0000000088900000 space 1024K,   0% used [0x0000000088900000, 0x0000000088a00000)
AC   0  F    TS     0 PTAMS 0x0000000088a00000 NTAMS 0x0000000088a00000 space 1024K,   0% used [0x0000000088a00000, 0x0000000088b00000)
AC   0  F    TS     0 PTAMS 0x0000000088b00000 NTAMS 0x0000000088b00000 space 1024K,   0% used [0x0000000088b00000, 0x0000000088c00000)
AC   0  F    TS     0 PTAMS 0x0000000088c00000 NTAMS 0x0000000088c00000 space 1024K,   0% used [0x0000000088c00000, 0x0000000088d00000)
AC   0  F    TS     0 PTAMS 0x0000000088d00000 NTAMS 0x0000000088d00000 space 1024K,   0% used [0x0000000088d00000, 0x0000000088e00000)
AC   0  F    TS     0 PTAMS 0x0000000088e00000 NTAMS 0x0000000088e00000 space 1024K,   0% used [0x0000000088e00000, 0x0000000088f00000)
AC   0  F    TS     0 PTAMS 0x0000000088f00000 NTAMS 0x0000000088f00000 space 1024K,   0% used [0x0000000088f00000, 0x0000000089000000)
AC   0  F    TS     0 PTAMS 0x0000000089000000 NTAMS 0x0000000089000000 space 1024K,   0% used [0x0000000089000000, 0x0000000089100000)
AC   0  F    TS     0 PTAMS 0x0000000089100000 NTAMS 0x0000000089100000 space 1024K,   0% used [0x0000000089100000, 0x0000000089200000)
AC   0  F    TS     0 PTAMS 0x0000000089200000 NTAMS 0x0000000089200000 space 1024K,   0% used [0x0000000089200000, 0x0000000089300000)
AC   0  F    TS     0 PTAMS 0x0000000089300000 NTAMS 0x0000000089300000 space 1024K,   0% used [0x0000000089300000, 0x0000000089400000)
AC   0  F    TS     0 PTAMS 0x0000000089400000 NTAMS 0x0000000089400000 space 1024K,   0% used [0x0000000089400000, 0x0000000089500000)
AC   0  F    TS     0 PTAMS 0x0000000089500000 NTAMS 0x0000000089500000 space 1024K,   0% used [0x0000000089500000, 0x0000000089600000)
AC   0  F    TS     0 PTAMS 0x0000000089600000 NTAMS 0x0000000089600000 space 1024K,   0% used [0x0000000089600000, 0x0000000089700000)
AC   0  F    TS     0 PTAMS 0x0000000089700000 NTAMS 0x0000000089700000 space 1024K,   0% used [0x0000000089700000, 0x0000000089800000)
AC   0  F    TS     0 PTAMS 0x0000000089800000 NTAMS 0x0000000089800000 space 1024K,   0% used [0x0000000089800000, 0x0000000089900000)
AC   0  O    TS     5 PTAMS 0x0000000089900000 NTAMS 0x0000000089900000 space 1024K, 100% used [0x0000000089900000, 0x0000000089a00000)
AC   0 HS    TS     0 PTAMS 0x0000000089a00000 NTAMS 0x0000000089a00000 space 2048K,  66% used [0x0000000089a00000, 0x0000000089c00000)
AC   0 HC    TS     0 PTAMS 0x0000000089b00000 NTAMS 0x0000000089b00000 space 1024K,  33% used [0x0000000089b00000, 0x0000000089c00000)
AC   0  O    TS     0 PTAMS 0x0000000089c00000 NTAMS 0x0000000089c00000 space 1024K, 100% used [0x0000000089c00000, 0x0000000089d00000)
AC   0  O    TS     0 PTAMS 0x0000000089d00000 NTAMS 0x0000000089d00000 space 1024K, 100% used [0x0000000089d00000, 0x0000000089e00000)
AC   0  O    TS     0 PTAMS 0x0000000089e00000 NTAMS 0x0000000089e00000 space 1024K, 100% used [0x0000000089e00000, 0x0000000089f00000)
AC   0  O    TS     0 PTAMS 0x0000000089f00000 NTAMS 0x0000000089f00000 space 1024K, 100% used [0x0000000089f00000, 0x000000008a000000)
AC   0  O    TS     0 PTAMS 0x000000008a000000 NTAMS 0x000000008a000000 space 1024K, 100% used [0x000000008a000000, 0x000000008a100000)
AC   0  O    TS     0 PTAMS 0x000000008a100000 NTAMS 0x000000008a100000 space 1024K, 100% used [0x000000008a100000, 0x000000008a200000)
AC   0  O    TS     0 PTAMS 0x000000008a200000 NTAMS 0x000000008a200000 space 1024K, 100% used [0x000000008a200000, 0x000000008a300000)
AC   0  O    TS     0 PTAMS 0x000000008a300000 NTAMS 0x000000008a300000 space 1024K, 100% used [0x000000008a300000, 0x000000008a400000)
AC   0  F    TS     0 PTAMS 0x000000008a400000 NTAMS 0x000000008a400000 space 1024K,   0% used [0x000000008a400000, 0x000000008a500000)
AC   0  O    TS     5 PTAMS 0x000000008a500000 NTAMS 0x000000008a500000 space 1024K, 100% used [0x000000008a500000, 0x000000008a600000)
AC   0  O    TS     5 PTAMS 0x000000008a600000 NTAMS 0x000000008a600000 space 1024K, 100% used [0x000000008a600000, 0x000000008a700000)
AC   0  O    TS     5 PTAMS 0x000000008a700000 NTAMS 0x000000008a700000 space 1024K, 100% used [0x000000008a700000, 0x000000008a800000)
AC   0  F    TS     0 PTAMS 0x000000008a800000 NTAMS 0x000000008a800000 space 1024K,   0% used [0x000000008a800000, 0x000000008a900000)
AC   0  F    TS     0 PTAMS 0x000000008a900000 NTAMS 0x000000008a900000 space 1024K,   0% used [0x000000008a900000, 0x000000008aa00000)
AC   0  O    TS     0 PTAMS 0x000000008aa00000 NTAMS 0x000000008aa00000 space 1024K, 100% used [0x000000008aa00000, 0x000000008ab00000)
AC   0  F    TS     0 PTAMS 0x000000008ab00000 NTAMS 0x000000008ab00000 space 1024K,   0% used [0x000000008ab00000, 0x000000008ac00000)
AC   0  F    TS     0 PTAMS 0x000000008ac00000 NTAMS 0x000000008ac00000 space 1024K,   0% used [0x000000008ac00000, 0x000000008ad00000)
AC   0  F    TS     0 PTAMS 0x000000008ad00000 NTAMS 0x000000008ad00000 space 1024K,   0% used [0x000000008ad00000, 0x000000008ae00000)
AC   0  O    TS     0 PTAMS 0x000000008ae00000 NTAMS 0x000000008ae00000 space 1024K, 100% used [0x000000008ae00000, 0x000000008af00000)
AC   0  O    TS     0 PTAMS 0x000000008af00000 NTAMS 0x000000008af00000 space 1024K, 100% used [0x000000008af00000, 0x000000008b000000)
AC   0  O    TS     0 PTAMS 0x000000008b000000 NTAMS 0x000000008b000000 space 1024K, 100% used [0x000000008b000000, 0x000000008b100000)
AC   0  O    TS     0 PTAMS 0x000000008b100000 NTAMS 0x000000008b100000 space 1024K, 100% used [0x000000008b100000, 0x000000008b200000)
AC   0  O    TS     0 PTAMS 0x000000008b200000 NTAMS 0x000000008b200000 space 1024K, 100% used [0x000000008b200000, 0x000000008b300000)
AC   0  O    TS     1 PTAMS 0x000000008b300000 NTAMS 0x000000008b300000 space 1024K, 100% used [0x000000008b300000, 0x000000008b400000)
AC   0  O    TS     1 PTAMS 0x000000008b400000 NTAMS 0x000000008b400000 space 1024K, 100% used [0x000000008b400000, 0x000000008b500000)
AC   0  O    TS     1 PTAMS 0x000000008b500000 NTAMS 0x000000008b500000 space 1024K, 100% used [0x000000008b500000, 0x000000008b600000)
AC   0  O    TS     1 PTAMS 0x000000008b600000 NTAMS 0x000000008b600000 space 1024K, 100% used [0x000000008b600000, 0x000000008b700000)
AC   0  O    TS     1 PTAMS 0x000000008b700000 NTAMS 0x000000008b700000 space 1024K, 100% used [0x000000008b700000, 0x000000008b800000)
AC   0  O    TS     1 PTAMS 0x000000008b800000 NTAMS 0x000000008b800000 space 1024K, 100% used [0x000000008b800000, 0x000000008b900000)
AC   0  O    TS     1 PTAMS 0x000000008b900000 NTAMS 0x000000008b900000 space 1024K, 100% used [0x000000008b900000, 0x000000008ba00000)
AC   0  O    TS     1 PTAMS 0x000000008ba00000 NTAMS 0x000000008ba00000 space 1024K, 100% used [0x000000008ba00000, 0x000000008bb00000)
AC   0  O    TS     3 PTAMS 0x000000008bb00000 NTAMS 0x000000008bb00000 space 1024K, 100% used [0x000000008bb00000, 0x000000008bc00000)
AC   0  O    TS     3 PTAMS 0x000000008bc00000 NTAMS 0x000000008bc00000 space 1024K, 100% used [0x000000008bc00000, 0x000000008bd00000)
AC   0  O    TS     3 PTAMS 0x000000008bd00000 NTAMS 0x000000008bd00000 space 1024K, 100% used [0x000000008bd00000, 0x000000008be00000)
AC   0  O    TS     3 PTAMS 0x000000008be00000 NTAMS 0x000000008be00000 space 1024K, 100% used [0x000000008be00000, 0x000000008bf00000)
AC   0  O    TS     3 PTAMS 0x000000008bf00000 NTAMS 0x000000008bf00000 space 1024K, 100% used [0x000000008bf00000, 0x000000008c000000)
AC   0  O    TS     3 PTAMS 0x000000008c000000 NTAMS 0x000000008c000000 space 1024K, 100% used [0x000000008c000000, 0x000000008c100000)
AC   0  O    TS     3 PTAMS 0x000000008c100000 NTAMS 0x000000008c100000 space 1024K, 100% used [0x000000008c100000, 0x000000008c200000)
AC   0  O    TS     3 PTAMS 0x000000008c200000 NTAMS 0x000000008c200000 space 1024K, 100% used [0x000000008c200000, 0x000000008c300000)
AC   0  O    TS     3 PTAMS 0x000000008c300000 NTAMS 0x000000008c300000 space 1024K, 100% used [0x000000008c300000, 0x000000008c400000)
AC   0  O    TS     3 PTAMS 0x000000008c400000 NTAMS 0x000000008c400000 space 1024K, 100% used [0x000000008c400000, 0x000000008c500000)
AC   0  O    TS     3 PTAMS 0x000000008c500000 NTAMS 0x000000008c500000 space 1024K, 100% used [0x000000008c500000, 0x000000008c600000)
AC   0  O    TS     3 PTAMS 0x000000008c600000 NTAMS 0x000000008c600000 space 1024K, 100% used [0x000000008c600000, 0x000000008c700000)
AC   0  O    TS     3 PTAMS 0x000000008c700000 NTAMS 0x000000008c700000 space 1024K, 100% used [0x000000008c700000, 0x000000008c800000)
AC   0  O    TS     3 PTAMS 0x000000008c800000 NTAMS 0x000000008c800000 space 1024K, 100% used [0x000000008c800000, 0x000000008c900000)
AC   0  O    TS     3 PTAMS 0x000000008c900000 NTAMS 0x000000008c900000 space 1024K, 100% used [0x000000008c900000, 0x000000008ca00000)
AC   0  O    TS     3 PTAMS 0x000000008ca00000 NTAMS 0x000000008ca00000 space 1024K, 100% used [0x000000008ca00000, 0x000000008cb00000)
AC   0  O    TS     3 PTAMS 0x000000008cb00000 NTAMS 0x000000008cb00000 space 1024K, 100% used [0x000000008cb00000, 0x000000008cc00000)
AC   0  F    TS     0 PTAMS 0x000000008cc00000 NTAMS 0x000000008cc00000 space 1024K,   0% used [0x000000008cc00000, 0x000000008cd00000)
AC   0  F    TS     0 PTAMS 0x000000008cd00000 NTAMS 0x000000008cd00000 space 1024K,   0% used [0x000000008cd00000, 0x000000008ce00000)
AC   0  F    TS     0 PTAMS 0x000000008ce00000 NTAMS 0x000000008ce00000 space 1024K,   0% used [0x000000008ce00000, 0x000000008cf00000)
AC   0  F    TS     0 PTAMS 0x000000008cf00000 NTAMS 0x000000008cf00000 space 1024K,   0% used [0x000000008cf00000, 0x000000008d000000)
AC   0  F    TS     0 PTAMS 0x000000008d000000 NTAMS 0x000000008d000000 space 1024K,   0% used [0x000000008d000000, 0x000000008d100000)
AC   0  F    TS     0 PTAMS 0x000000008d100000 NTAMS 0x000000008d100000 space 1024K,   0% used [0x000000008d100000, 0x000000008d200000)
AC   0  F    TS     0 PTAMS 0x000000008d200000 NTAMS 0x000000008d200000 space 1024K,   0% used [0x000000008d200000, 0x000000008d300000)
AC   0  F    TS     0 PTAMS 0x000000008d300000 NTAMS 0x000000008d300000 space 1024K,   0% used [0x000000008d300000, 0x000000008d400000)
AC   0  F    TS     0 PTAMS 0x000000008d400000 NTAMS 0x000000008d400000 space 1024K,   0% used [0x000000008d400000, 0x000000008d500000)
AC   0  F    TS     0 PTAMS 0x000000008d500000 NTAMS 0x000000008d500000 space 1024K,   0% used [0x000000008d500000, 0x000000008d600000)
AC   0  F    TS     0 PTAMS 0x000000008d600000 NTAMS 0x000000008d600000 space 1024K,   0% used [0x000000008d600000, 0x000000008d700000)
AC   0  F    TS     0 PTAMS 0x000000008d700000 NTAMS 0x000000008d700000 space 1024K,   0% used [0x000000008d700000, 0x000000008d800000)
AC   0  F    TS     1 PTAMS 0x000000008d800000 NTAMS 0x000000008d800000 space 1024K,   0% used [0x000000008d800000, 0x000000008d900000)
AC   0  F    TS     1 PTAMS 0x000000008d900000 NTAMS 0x000000008d900000 space 1024K,   0% used [0x000000008d900000, 0x000000008da00000)
AC   0  F    TS     1 PTAMS 0x000000008da00000 NTAMS 0x000000008da00000 space 1024K,   0% used [0x000000008da00000, 0x000000008db00000)
AC   0  F    TS     1 PTAMS 0x000000008db00000 NTAMS 0x000000008db00000 space 1024K,   0% used [0x000000008db00000, 0x000000008dc00000)
AC   0  F    TS     1 PTAMS 0x000000008dc00000 NTAMS 0x000000008dc00000 space 1024K,   0% used [0x000000008dc00000, 0x000000008dd00000)
AC   0  F    TS     1 PTAMS 0x000000008dd00000 NTAMS 0x000000008dd00000 space 1024K,   0% used [0x000000008dd00000, 0x000000008de00000)
AC   0  F    TS     0 PTAMS 0x000000008de00000 NTAMS 0x000000008de00000 space 1024K,   0% used [0x000000008de00000, 0x000000008df00000)
AC   0  F    TS     0 PTAMS 0x000000008df00000 NTAMS 0x000000008df00000 space 1024K,   0% used [0x000000008df00000, 0x000000008e000000)
AC   0  F    TS     0 PTAMS 0x000000008e000000 NTAMS 0x000000008e000000 space 1024K,   0% used [0x000000008e000000, 0x000000008e100000)
AC   0  F    TS     0 PTAMS 0x000000008e100000 NTAMS 0x000000008e100000 space 1024K,   0% used [0x000000008e100000, 0x000000008e200000)
AC   0  F    TS     0 PTAMS 0x000000008e200000 NTAMS 0x000000008e200000 space 1024K,   0% used [0x000000008e200000, 0x000000008e300000)
AC   0  F    TS     0 PTAMS 0x000000008e300000 NTAMS 0x000000008e300000 space 1024K,   0% used [0x000000008e300000, 0x000000008e400000)
AC   0  F    TS     0 PTAMS 0x000000008e400000 NTAMS 0x000000008e400000 space 1024K,   0% used [0x000000008e400000, 0x000000008e500000)
AC   0  F    TS     0 PTAMS 0x000000008e500000 NTAMS 0x000000008e500000 space 1024K,   0% used [0x000000008e500000, 0x000000008e600000)
AC   0  F    TS     0 PTAMS 0x000000008e600000 NTAMS 0x000000008e600000 space 1024K,   0% used [0x000000008e600000, 0x000000008e700000)
AC   0  F    TS     0 PTAMS 0x000000008e700000 NTAMS 0x000000008e700000 space 1024K,   0% used [0x000000008e700000, 0x000000008e800000)
AC   0  F    TS     0 PTAMS 0x000000008e800000 NTAMS 0x000000008e800000 space 1024K,   0% used [0x000000008e800000, 0x000000008e900000)
AC   0  F    TS     0 PTAMS 0x000000008e900000 NTAMS 0x000000008e900000 space 1024K,   0% used [0x000000008e900000, 0x000000008ea00000)
AC   0  F    TS     0 PTAMS 0x000000008ea00000 NTAMS 0x000000008ea00000 space 1024K,   0% used [0x000000008ea00000, 0x000000008eb00000)
AC   0  F    TS     0 PTAMS 0x000000008eb00000 NTAMS 0x000000008eb00000 space 1024K,   0% used [0x000000008eb00000, 0x000000008ec00000)
AC   0  F    TS     0 PTAMS 0x000000008ec00000 NTAMS 0x000000008ec00000 space 1024K,   0% used [0x000000008ec00000, 0x000000008ed00000)
AC   0  F    TS     0 PTAMS 0x000000008ed00000 NTAMS 0x000000008ed00000 space 1024K,   0% used [0x000000008ed00000, 0x000000008ee00000)
AC   0  F    TS     0 PTAMS 0x000000008ee00000 NTAMS 0x000000008ee00000 space 1024K,   0% used [0x000000008ee00000, 0x000000008ef00000)
AC   0  F    TS     0 PTAMS 0x000000008ef00000 NTAMS 0x000000008ef00000 space 1024K,   0% used [0x000000008ef00000, 0x000000008f000000)
AC   0  F    TS     0 PTAMS 0x000000008f000000 NTAMS 0x000000008f000000 space 1024K,   0% used [0x000000008f000000, 0x000000008f100000)
AC   0  F    TS     7 PTAMS 0x000000008f100000 NTAMS 0x000000008f100000 space 1024K,   0% used [0x000000008f100000, 0x000000008f200000)
AC   0  F    TS     5 PTAMS 0x000000008f200000 NTAMS 0x000000008f200000 space 1024K,   0% used [0x000000008f200000, 0x000000008f300000)
AC   0  F    TS     5 PTAMS 0x000000008f300000 NTAMS 0x000000008f300000 space 1024K,   0% used [0x000000008f300000, 0x000000008f400000)
AC   0  F    TS     7 PTAMS 0x000000008f400000 NTAMS 0x000000008f400000 space 1024K,   0% used [0x000000008f400000, 0x000000008f500000)
AC   0  F    TS     0 PTAMS 0x000000008f500000 NTAMS 0x000000008f500000 space 1024K,   0% used [0x000000008f500000, 0x000000008f600000)
AC   0  F    TS     0 PTAMS 0x000000008f600000 NTAMS 0x000000008f600000 space 1024K,   0% used [0x000000008f600000, 0x000000008f700000)
AC   0  F    TS     0 PTAMS 0x000000008f700000 NTAMS 0x000000008f700000 space 1024K,   0% used [0x000000008f700000, 0x000000008f800000)
AC   0  F    TS     3 PTAMS 0x000000008f800000 NTAMS 0x000000008f800000 space 1024K,   0% used [0x000000008f800000, 0x000000008f900000)
AC   0  F    TS     3 PTAMS 0x000000008f900000 NTAMS 0x000000008f900000 space 1024K,   0% used [0x000000008f900000, 0x000000008fa00000)
AC   0  F    TS     0 PTAMS 0x000000008fa00000 NTAMS 0x000000008fa00000 space 1024K,   0% used [0x000000008fa00000, 0x000000008fb00000)
AC   0  F    TS     0 PTAMS 0x000000008fb00000 NTAMS 0x000000008fb00000 space 1024K,   0% used [0x000000008fb00000, 0x000000008fc00000)
AC   0  F    TS     0 PTAMS 0x000000008fc00000 NTAMS 0x000000008fc00000 space 1024K,   0% used [0x000000008fc00000, 0x000000008fd00000)
AC   0  F    TS     0 PTAMS 0x000000008fd00000 NTAMS 0x000000008fd00000 space 1024K,   0% used [0x000000008fd00000, 0x000000008fe00000)
AC   0  F    TS     0 PTAMS 0x000000008fe00000 NTAMS 0x000000008fe00000 space 1024K,   0% used [0x000000008fe00000, 0x000000008ff00000)
AC   0  F    TS     0 PTAMS 0x000000008ff00000 NTAMS 0x000000008ff00000 space 1024K,   0% used [0x000000008ff00000, 0x0000000090000000)
AC   0  F    TS     7 PTAMS 0x0000000090000000 NTAMS 0x0000000090000000 space 1024K,   0% used [0x0000000090000000, 0x0000000090100000)
AC   0  F    TS     7 PTAMS 0x0000000090100000 NTAMS 0x0000000090100000 space 1024K,   0% used [0x0000000090100000, 0x0000000090200000)
AC   0  F    TS     7 PTAMS 0x0000000090200000 NTAMS 0x0000000090200000 space 1024K,   0% used [0x0000000090200000, 0x0000000090300000)
AC   0  F    TS     7 PTAMS 0x0000000090300000 NTAMS 0x0000000090300000 space 1024K,   0% used [0x0000000090300000, 0x0000000090400000)
AC   0  F    TS     7 PTAMS 0x0000000090400000 NTAMS 0x0000000090400000 space 1024K,   0% used [0x0000000090400000, 0x0000000090500000)
AC   0  F    TS     7 PTAMS 0x0000000090500000 NTAMS 0x0000000090500000 space 1024K,   0% used [0x0000000090500000, 0x0000000090600000)
AC   0  F    TS     7 PTAMS 0x0000000090600000 NTAMS 0x0000000090600000 space 1024K,   0% used [0x0000000090600000, 0x0000000090700000)
AC   0  F    TS     7 PTAMS 0x0000000090700000 NTAMS 0x0000000090700000 space 1024K,   0% used [0x0000000090700000, 0x0000000090800000)
AC   0  F    TS     7 PTAMS 0x0000000090800000 NTAMS 0x0000000090800000 space 1024K,   0% used [0x0000000090800000, 0x0000000090900000)
AC   0  F    TS     7 PTAMS 0x0000000090900000 NTAMS 0x0000000090900000 space 1024K,   0% used [0x0000000090900000, 0x0000000090a00000)
AC   0  F    TS     7 PTAMS 0x0000000090a00000 NTAMS 0x0000000090a00000 space 1024K,   0% used [0x0000000090a00000, 0x0000000090b00000)
AC   0  F    TS     7 PTAMS 0x0000000090b00000 NTAMS 0x0000000090b00000 space 1024K,   0% used [0x0000000090b00000, 0x0000000090c00000)
AC   0  F    TS     7 PTAMS 0x0000000090c00000 NTAMS 0x0000000090c00000 space 1024K,   0% used [0x0000000090c00000, 0x0000000090d00000)
AC   0  F    TS     7 PTAMS 0x0000000090d00000 NTAMS 0x0000000090d00000 space 1024K,   0% used [0x0000000090d00000, 0x0000000090e00000)
AC   0  F    TS     7 PTAMS 0x0000000090e00000 NTAMS 0x0000000090e00000 space 1024K,   0% used [0x0000000090e00000, 0x0000000090f00000)
AC   0  F    TS     7 PTAMS 0x0000000090f00000 NTAMS 0x0000000090f00000 space 1024K,   0% used [0x0000000090f00000, 0x0000000091000000)
AC   0  F    TS     7 PTAMS 0x0000000091000000 NTAMS 0x0000000091000000 space 1024K,   0% used [0x0000000091000000, 0x0000000091100000)
AC   0  F    TS     7 PTAMS 0x0000000091100000 NTAMS 0x0000000091100000 space 1024K,   0% used [0x0000000091100000, 0x0000000091200000)
AC   0  F    TS     7 PTAMS 0x0000000091200000 NTAMS 0x0000000091200000 space 1024K,   0% used [0x0000000091200000, 0x0000000091300000)
AC   0  F    TS     7 PTAMS 0x0000000091300000 NTAMS 0x0000000091300000 space 1024K,   0% used [0x0000000091300000, 0x0000000091400000)
AC   0  F    TS     7 PTAMS 0x0000000091400000 NTAMS 0x0000000091400000 space 1024K,   0% used [0x0000000091400000, 0x0000000091500000)
AC   0  F    TS     7 PTAMS 0x0000000091500000 NTAMS 0x0000000091500000 space 1024K,   0% used [0x0000000091500000, 0x0000000091600000)
AC   0  F    TS     7 PTAMS 0x0000000091600000 NTAMS 0x0000000091600000 space 1024K,   0% used [0x0000000091600000, 0x0000000091700000)
AC   0  F    TS     7 PTAMS 0x0000000091700000 NTAMS 0x0000000091700000 space 1024K,   0% used [0x0000000091700000, 0x0000000091800000)
AC   0  F    TS     7 PTAMS 0x0000000091800000 NTAMS 0x0000000091800000 space 1024K,   0% used [0x0000000091800000, 0x0000000091900000)
AC   0  F    TS     7 PTAMS 0x0000000091900000 NTAMS 0x0000000091900000 space 1024K,   0% used [0x0000000091900000, 0x0000000091a00000)
AC   0  F    TS     7 PTAMS 0x0000000091a00000 NTAMS 0x0000000091a00000 space 1024K,   0% used [0x0000000091a00000, 0x0000000091b00000)
AC   0  F    TS     7 PTAMS 0x0000000091b00000 NTAMS 0x0000000091b00000 space 1024K,   0% used [0x0000000091b00000, 0x0000000091c00000)
AC   0  F    TS     7 PTAMS 0x0000000091c00000 NTAMS 0x0000000091c00000 space 1024K,   0% used [0x0000000091c00000, 0x0000000091d00000)
AC   0  F    TS     7 PTAMS 0x0000000091d00000 NTAMS 0x0000000091d00000 space 1024K,   0% used [0x0000000091d00000, 0x0000000091e00000)
AC   0  F    TS     7 PTAMS 0x0000000091e00000 NTAMS 0x0000000091e00000 space 1024K,   0% used [0x0000000091e00000, 0x0000000091f00000)
AC   0  F    TS     7 PTAMS 0x0000000091f00000 NTAMS 0x0000000091f00000 space 1024K,   0% used [0x0000000091f00000, 0x0000000092000000)
AC   0  F    TS     7 PTAMS 0x0000000092000000 NTAMS 0x0000000092000000 space 1024K,   0% used [0x0000000092000000, 0x0000000092100000)
AC   0  F    TS     7 PTAMS 0x0000000092100000 NTAMS 0x0000000092100000 space 1024K,   0% used [0x0000000092100000, 0x0000000092200000)
AC   0  F    TS     7 PTAMS 0x0000000092200000 NTAMS 0x0000000092200000 space 1024K,   0% used [0x0000000092200000, 0x0000000092300000)
AC   0  F    TS     7 PTAMS 0x0000000092300000 NTAMS 0x0000000092300000 space 1024K,   0% used [0x0000000092300000, 0x0000000092400000)
AC   0  F    TS     7 PTAMS 0x0000000092400000 NTAMS 0x0000000092400000 space 1024K,   0% used [0x0000000092400000, 0x0000000092500000)
AC   0  F    TS     7 PTAMS 0x0000000092500000 NTAMS 0x0000000092500000 space 1024K,   0% used [0x0000000092500000, 0x0000000092600000)
AC   0  F    TS     7 PTAMS 0x0000000092600000 NTAMS 0x0000000092600000 space 1024K,   0% used [0x0000000092600000, 0x0000000092700000)
AC   0  F    TS     7 PTAMS 0x0000000092700000 NTAMS 0x0000000092700000 space 1024K,   0% used [0x0000000092700000, 0x0000000092800000)
AC   0  F    TS     7 PTAMS 0x0000000092800000 NTAMS 0x0000000092800000 space 1024K,   0% used [0x0000000092800000, 0x0000000092900000)
AC   0  F    TS     7 PTAMS 0x0000000092900000 NTAMS 0x0000000092900000 space 1024K,   0% used [0x0000000092900000, 0x0000000092a00000)
AC   0  F    TS     7 PTAMS 0x0000000092a00000 NTAMS 0x0000000092a00000 space 1024K,   0% used [0x0000000092a00000, 0x0000000092b00000)
AC   0  F    TS     7 PTAMS 0x0000000092b00000 NTAMS 0x0000000092b00000 space 1024K,   0% used [0x0000000092b00000, 0x0000000092c00000)
AC   0  F    TS     7 PTAMS 0x0000000092c00000 NTAMS 0x0000000092c00000 space 1024K,   0% used [0x0000000092c00000, 0x0000000092d00000)
AC   0  F    TS     7 PTAMS 0x0000000092d00000 NTAMS 0x0000000092d00000 space 1024K,   0% used [0x0000000092d00000, 0x0000000092e00000)
AC   0  F    TS     7 PTAMS 0x0000000092e00000 NTAMS 0x0000000092e00000 space 1024K,   0% used [0x0000000092e00000, 0x0000000092f00000)
AC   0  F    TS     7 PTAMS 0x0000000092f00000 NTAMS 0x0000000092f00000 space 1024K,   0% used [0x0000000092f00000, 0x0000000093000000)
AC   0  F    TS     7 PTAMS 0x0000000093000000 NTAMS 0x0000000093000000 space 1024K,   0% used [0x0000000093000000, 0x0000000093100000)
AC   0  F    TS     7 PTAMS 0x0000000093100000 NTAMS 0x0000000093100000 space 1024K,   0% used [0x0000000093100000, 0x0000000093200000)
AC   0  F    TS     7 PTAMS 0x0000000093200000 NTAMS 0x0000000093200000 space 1024K,   0% used [0x0000000093200000, 0x0000000093300000)
AC   0  F    TS     7 PTAMS 0x0000000093300000 NTAMS 0x0000000093300000 space 1024K,   0% used [0x0000000093300000, 0x0000000093400000)
AC   0  F    TS     7 PTAMS 0x0000000093400000 NTAMS 0x0000000093400000 space 1024K,   0% used [0x0000000093400000, 0x0000000093500000)
AC   0  F    TS     7 PTAMS 0x0000000093500000 NTAMS 0x0000000093500000 space 1024K,   0% used [0x0000000093500000, 0x0000000093600000)
AC   0  F    TS     7 PTAMS 0x0000000093600000 NTAMS 0x0000000093600000 space 1024K,   0% used [0x0000000093600000, 0x0000000093700000)
AC   0  F    TS     7 PTAMS 0x0000000093700000 NTAMS 0x0000000093700000 space 1024K,   0% used [0x0000000093700000, 0x0000000093800000)
AC   0  F    TS     7 PTAMS 0x0000000093800000 NTAMS 0x0000000093800000 space 1024K,   0% used [0x0000000093800000, 0x0000000093900000)
AC   0  F    TS     7 PTAMS 0x0000000093900000 NTAMS 0x0000000093900000 space 1024K,   0% used [0x0000000093900000, 0x0000000093a00000)
AC   0  F    TS     7 PTAMS 0x0000000093a00000 NTAMS 0x0000000093a00000 space 1024K,   0% used [0x0000000093a00000, 0x0000000093b00000)
AC   0  F    TS     7 PTAMS 0x0000000093b00000 NTAMS 0x0000000093b00000 space 1024K,   0% used [0x0000000093b00000, 0x0000000093c00000)
AC   0  F    TS     7 PTAMS 0x0000000093c00000 NTAMS 0x0000000093c00000 space 1024K,   0% used [0x0000000093c00000, 0x0000000093d00000)
AC   0  F    TS     7 PTAMS 0x0000000093d00000 NTAMS 0x0000000093d00000 space 1024K,   0% used [0x0000000093d00000, 0x0000000093e00000)
AC   0  F    TS     7 PTAMS 0x0000000093e00000 NTAMS 0x0000000093e00000 space 1024K,   0% used [0x0000000093e00000, 0x0000000093f00000)
AC   0  F    TS     7 PTAMS 0x0000000093f00000 NTAMS 0x0000000093f00000 space 1024K,   0% used [0x0000000093f00000, 0x0000000094000000)
AC   0  F    TS     7 PTAMS 0x0000000094000000 NTAMS 0x0000000094000000 space 1024K,   0% used [0x0000000094000000, 0x0000000094100000)
AC   0  F    TS     7 PTAMS 0x0000000094100000 NTAMS 0x0000000094100000 space 1024K,   0% used [0x0000000094100000, 0x0000000094200000)
AC   0  F    TS     7 PTAMS 0x0000000094200000 NTAMS 0x0000000094200000 space 1024K,   0% used [0x0000000094200000, 0x0000000094300000)
AC   0  F    TS     7 PTAMS 0x0000000094300000 NTAMS 0x0000000094300000 space 1024K,   0% used [0x0000000094300000, 0x0000000094400000)
AC   0  F    TS     7 PTAMS 0x0000000094400000 NTAMS 0x0000000094400000 space 1024K,   0% used [0x0000000094400000, 0x0000000094500000)
AC   0  F    TS     7 PTAMS 0x0000000094500000 NTAMS 0x0000000094500000 space 1024K,   0% used [0x0000000094500000, 0x0000000094600000)
AC   0  F    TS     7 PTAMS 0x0000000094600000 NTAMS 0x0000000094600000 space 1024K,   0% used [0x0000000094600000, 0x0000000094700000)
AC   0  F    TS     7 PTAMS 0x0000000094700000 NTAMS 0x0000000094700000 space 1024K,   0% used [0x0000000094700000, 0x0000000094800000)
AC   0  F    TS     7 PTAMS 0x0000000094800000 NTAMS 0x0000000094800000 space 1024K,   0% used [0x0000000094800000, 0x0000000094900000)
AC   0  F    TS     7 PTAMS 0x0000000094900000 NTAMS 0x0000000094900000 space 1024K,   0% used [0x0000000094900000, 0x0000000094a00000)
AC   0  F    TS     7 PTAMS 0x0000000094a00000 NTAMS 0x0000000094a00000 space 1024K,   0% used [0x0000000094a00000, 0x0000000094b00000)
AC   0  F    TS     7 PTAMS 0x0000000094b00000 NTAMS 0x0000000094b00000 space 1024K,   0% used [0x0000000094b00000, 0x0000000094c00000)
AC   0  F    TS     7 PTAMS 0x0000000094c00000 NTAMS 0x0000000094c00000 space 1024K,   0% used [0x0000000094c00000, 0x0000000094d00000)
AC   0  F    TS     7 PTAMS 0x0000000094d00000 NTAMS 0x0000000094d00000 space 1024K,   0% used [0x0000000094d00000, 0x0000000094e00000)
AC   0  F    TS     7 PTAMS 0x0000000094e00000 NTAMS 0x0000000094e00000 space 1024K,   0% used [0x0000000094e00000, 0x0000000094f00000)
AC   0  F    TS     7 PTAMS 0x0000000094f00000 NTAMS 0x0000000094f00000 space 1024K,   0% used [0x0000000094f00000, 0x0000000095000000)
AC   0  F    TS     7 PTAMS 0x0000000095000000 NTAMS 0x0000000095000000 space 1024K,   0% used [0x0000000095000000, 0x0000000095100000)
AC   0  F    TS     7 PTAMS 0x0000000095100000 NTAMS 0x0000000095100000 space 1024K,   0% used [0x0000000095100000, 0x0000000095200000)
AC   0  F    TS     7 PTAMS 0x0000000095200000 NTAMS 0x0000000095200000 space 1024K,   0% used [0x0000000095200000, 0x0000000095300000)
AC   0  F    TS     7 PTAMS 0x0000000095300000 NTAMS 0x0000000095300000 space 1024K,   0% used [0x0000000095300000, 0x0000000095400000)
AC   0  F    TS     7 PTAMS 0x0000000095400000 NTAMS 0x0000000095400000 space 1024K,   0% used [0x0000000095400000, 0x0000000095500000)
AC   0  F    TS     7 PTAMS 0x0000000095500000 NTAMS 0x0000000095500000 space 1024K,   0% used [0x0000000095500000, 0x0000000095600000)
AC   0  F    TS     7 PTAMS 0x0000000095600000 NTAMS 0x0000000095600000 space 1024K,   0% used [0x0000000095600000, 0x0000000095700000)
AC   0  F    TS     7 PTAMS 0x0000000095700000 NTAMS 0x0000000095700000 space 1024K,   0% used [0x0000000095700000, 0x0000000095800000)
AC   0  F    TS     7 PTAMS 0x0000000095800000 NTAMS 0x0000000095800000 space 1024K,   0% used [0x0000000095800000, 0x0000000095900000)
AC   0  F    TS     7 PTAMS 0x0000000095900000 NTAMS 0x0000000095900000 space 1024K,   0% used [0x0000000095900000, 0x0000000095a00000)
AC   0  F    TS     7 PTAMS 0x0000000095a00000 NTAMS 0x0000000095a00000 space 1024K,   0% used [0x0000000095a00000, 0x0000000095b00000)
AC   0  F    TS     7 PTAMS 0x0000000095b00000 NTAMS 0x0000000095b00000 space 1024K,   0% used [0x0000000095b00000, 0x0000000095c00000)
AC   0  F    TS     7 PTAMS 0x0000000095c00000 NTAMS 0x0000000095c00000 space 1024K,   0% used [0x0000000095c00000, 0x0000000095d00000)
AC   0  F    TS     7 PTAMS 0x0000000095d00000 NTAMS 0x0000000095d00000 space 1024K,   0% used [0x0000000095d00000, 0x0000000095e00000)
AC   0  F    TS     7 PTAMS 0x0000000095e00000 NTAMS 0x0000000095e00000 space 1024K,   0% used [0x0000000095e00000, 0x0000000095f00000)
AC   0  F    TS     7 PTAMS 0x0000000095f00000 NTAMS 0x0000000095f00000 space 1024K,   0% used [0x0000000095f00000, 0x0000000096000000)
AC   0  F    TS     7 PTAMS 0x0000000096000000 NTAMS 0x0000000096000000 space 1024K,   0% used [0x0000000096000000, 0x0000000096100000)
AC   0  F    TS     7 PTAMS 0x0000000096100000 NTAMS 0x0000000096100000 space 1024K,   0% used [0x0000000096100000, 0x0000000096200000)
AC   0  F    TS     7 PTAMS 0x0000000096200000 NTAMS 0x0000000096200000 space 1024K,   0% used [0x0000000096200000, 0x0000000096300000)
AC   0  F    TS     7 PTAMS 0x0000000096300000 NTAMS 0x0000000096300000 space 1024K,   0% used [0x0000000096300000, 0x0000000096400000)
AC   0  F    TS     7 PTAMS 0x0000000096400000 NTAMS 0x0000000096400000 space 1024K,   0% used [0x0000000096400000, 0x0000000096500000)
AC   0  F    TS     7 PTAMS 0x0000000096500000 NTAMS 0x0000000096500000 space 1024K,   0% used [0x0000000096500000, 0x0000000096600000)
AC   0  F    TS     7 PTAMS 0x0000000096600000 NTAMS 0x0000000096600000 space 1024K,   0% used [0x0000000096600000, 0x0000000096700000)
AC   0  F    TS     7 PTAMS 0x0000000096700000 NTAMS 0x0000000096700000 space 1024K,   0% used [0x0000000096700000, 0x0000000096800000)
AC   0  F    TS     7 PTAMS 0x0000000096800000 NTAMS 0x0000000096800000 space 1024K,   0% used [0x0000000096800000, 0x0000000096900000)
AC   0  F    TS     7 PTAMS 0x0000000096900000 NTAMS 0x0000000096900000 space 1024K,   0% used [0x0000000096900000, 0x0000000096a00000)
AC   0  F    TS     7 PTAMS 0x0000000096a00000 NTAMS 0x0000000096a00000 space 1024K,   0% used [0x0000000096a00000, 0x0000000096b00000)
AC   0  F    TS     7 PTAMS 0x0000000096b00000 NTAMS 0x0000000096b00000 space 1024K,   0% used [0x0000000096b00000, 0x0000000096c00000)
AC   0  F    TS     7 PTAMS 0x0000000096c00000 NTAMS 0x0000000096c00000 space 1024K,   0% used [0x0000000096c00000, 0x0000000096d00000)
AC   0  F    TS     7 PTAMS 0x0000000096d00000 NTAMS 0x0000000096d00000 space 1024K,   0% used [0x0000000096d00000, 0x0000000096e00000)
AC   0  F    TS     7 PTAMS 0x0000000096e00000 NTAMS 0x0000000096e00000 space 1024K,   0% used [0x0000000096e00000, 0x0000000096f00000)
AC   0  F    TS     7 PTAMS 0x0000000096f00000 NTAMS 0x0000000096f00000 space 1024K,   0% used [0x0000000096f00000, 0x0000000097000000)
AC   0  F    TS     7 PTAMS 0x0000000097000000 NTAMS 0x0000000097000000 space 1024K,   0% used [0x0000000097000000, 0x0000000097100000)
AC   0  F    TS     7 PTAMS 0x0000000097100000 NTAMS 0x0000000097100000 space 1024K,   0% used [0x0000000097100000, 0x0000000097200000)
AC   0  F    TS     7 PTAMS 0x0000000097200000 NTAMS 0x0000000097200000 space 1024K,   0% used [0x0000000097200000, 0x0000000097300000)
AC   0  F    TS     7 PTAMS 0x0000000097300000 NTAMS 0x0000000097300000 space 1024K,   0% used [0x0000000097300000, 0x0000000097400000)
AC   0  F    TS     7 PTAMS 0x0000000097400000 NTAMS 0x0000000097400000 space 1024K,   0% used [0x0000000097400000, 0x0000000097500000)
AC   0  F    TS     7 PTAMS 0x0000000097500000 NTAMS 0x0000000097500000 space 1024K,   0% used [0x0000000097500000, 0x0000000097600000)
AC   0  F    TS     7 PTAMS 0x0000000097600000 NTAMS 0x0000000097600000 space 1024K,   0% used [0x0000000097600000, 0x0000000097700000)
AC   0  F    TS     7 PTAMS 0x0000000097700000 NTAMS 0x0000000097700000 space 1024K,   0% used [0x0000000097700000, 0x0000000097800000)
AC   0  F    TS     7 PTAMS 0x0000000097800000 NTAMS 0x0000000097800000 space 1024K,   0% used [0x0000000097800000, 0x0000000097900000)
AC   0  F    TS     7 PTAMS 0x0000000097900000 NTAMS 0x0000000097900000 space 1024K,   0% used [0x0000000097900000, 0x0000000097a00000)
AC   0  F    TS     7 PTAMS 0x0000000097a00000 NTAMS 0x0000000097a00000 space 1024K,   0% used [0x0000000097a00000, 0x0000000097b00000)
AC   0  F    TS     7 PTAMS 0x0000000097b00000 NTAMS 0x0000000097b00000 space 1024K,   0% used [0x0000000097b00000, 0x0000000097c00000)
AC   0  F    TS     7 PTAMS 0x0000000097c00000 NTAMS 0x0000000097c00000 space 1024K,   0% used [0x0000000097c00000, 0x0000000097d00000)
AC   0  F    TS     7 PTAMS 0x0000000097d00000 NTAMS 0x0000000097d00000 space 1024K,   0% used [0x0000000097d00000, 0x0000000097e00000)
AC   0  F    TS     7 PTAMS 0x0000000097e00000 NTAMS 0x0000000097e00000 space 1024K,   0% used [0x0000000097e00000, 0x0000000097f00000)
AC   0  F    TS     7 PTAMS 0x0000000097f00000 NTAMS 0x0000000097f00000 space 1024K,   0% used [0x0000000097f00000, 0x0000000098000000)
AC   0  F    TS     7 PTAMS 0x0000000098000000 NTAMS 0x0000000098000000 space 1024K,   0% used [0x0000000098000000, 0x0000000098100000)
AC   0  F    TS     7 PTAMS 0x0000000098100000 NTAMS 0x0000000098100000 space 1024K,   0% used [0x0000000098100000, 0x0000000098200000)
AC   0  F    TS     7 PTAMS 0x0000000098200000 NTAMS 0x0000000098200000 space 1024K,   0% used [0x0000000098200000, 0x0000000098300000)
AC   0  F    TS     7 PTAMS 0x0000000098300000 NTAMS 0x0000000098300000 space 1024K,   0% used [0x0000000098300000, 0x0000000098400000)
AC   0  F    TS     7 PTAMS 0x0000000098400000 NTAMS 0x0000000098400000 space 1024K,   0% used [0x0000000098400000, 0x0000000098500000)
AC   0  F    TS     7 PTAMS 0x0000000098500000 NTAMS 0x0000000098500000 space 1024K,   0% used [0x0000000098500000, 0x0000000098600000)
AC   0  F    TS     7 PTAMS 0x0000000098600000 NTAMS 0x0000000098600000 space 1024K,   0% used [0x0000000098600000, 0x0000000098700000)
AC   0  F    TS     7 PTAMS 0x0000000098700000 NTAMS 0x0000000098700000 space 1024K,   0% used [0x0000000098700000, 0x0000000098800000)
AC   0  F    TS     7 PTAMS 0x0000000098800000 NTAMS 0x0000000098800000 space 1024K,   0% used [0x0000000098800000, 0x0000000098900000)
AC   0  F    TS     7 PTAMS 0x0000000098900000 NTAMS 0x0000000098900000 space 1024K,   0% used [0x0000000098900000, 0x0000000098a00000)
AC   0  F    TS     7 PTAMS 0x0000000098a00000 NTAMS 0x0000000098a00000 space 1024K,   0% used [0x0000000098a00000, 0x0000000098b00000)
AC   0  F    TS     7 PTAMS 0x0000000098b00000 NTAMS 0x0000000098b00000 space 1024K,   0% used [0x0000000098b00000, 0x0000000098c00000)
AC   0  F    TS     7 PTAMS 0x0000000098c00000 NTAMS 0x0000000098c00000 space 1024K,   0% used [0x0000000098c00000, 0x0000000098d00000)
AC   0  F    TS     7 PTAMS 0x0000000098d00000 NTAMS 0x0000000098d00000 space 1024K,   0% used [0x0000000098d00000, 0x0000000098e00000)
AC   0  F    TS     7 PTAMS 0x0000000098e00000 NTAMS 0x0000000098e00000 space 1024K,   0% used [0x0000000098e00000, 0x0000000098f00000)
AC   0  F    TS     7 PTAMS 0x0000000098f00000 NTAMS 0x0000000098f00000 space 1024K,   0% used [0x0000000098f00000, 0x0000000099000000)
AC   0  F    TS     7 PTAMS 0x0000000099000000 NTAMS 0x0000000099000000 space 1024K,   0% used [0x0000000099000000, 0x0000000099100000)
AC   0  F    TS     7 PTAMS 0x0000000099100000 NTAMS 0x0000000099100000 space 1024K,   0% used [0x0000000099100000, 0x0000000099200000)
AC   0  F    TS     7 PTAMS 0x0000000099200000 NTAMS 0x0000000099200000 space 1024K,   0% used [0x0000000099200000, 0x0000000099300000)
AC   0  F    TS     7 PTAMS 0x0000000099300000 NTAMS 0x0000000099300000 space 1024K,   0% used [0x0000000099300000, 0x0000000099400000)
AC   0  F    TS     7 PTAMS 0x0000000099400000 NTAMS 0x0000000099400000 space 1024K,   0% used [0x0000000099400000, 0x0000000099500000)
AC   0  F    TS     7 PTAMS 0x0000000099500000 NTAMS 0x0000000099500000 space 1024K,   0% used [0x0000000099500000, 0x0000000099600000)
AC   0  F    TS     7 PTAMS 0x0000000099600000 NTAMS 0x0000000099600000 space 1024K,   0% used [0x0000000099600000, 0x0000000099700000)
AC   0  F    TS     7 PTAMS 0x0000000099700000 NTAMS 0x0000000099700000 space 1024K,   0% used [0x0000000099700000, 0x0000000099800000)
AC   0  F    TS     7 PTAMS 0x0000000099800000 NTAMS 0x0000000099800000 space 1024K,   0% used [0x0000000099800000, 0x0000000099900000)
AC   0  F    TS     7 PTAMS 0x0000000099900000 NTAMS 0x0000000099900000 space 1024K,   0% used [0x0000000099900000, 0x0000000099a00000)
AC   0  F    TS     7 PTAMS 0x0000000099a00000 NTAMS 0x0000000099a00000 space 1024K,   0% used [0x0000000099a00000, 0x0000000099b00000)
AC   0  F    TS     7 PTAMS 0x0000000099b00000 NTAMS 0x0000000099b00000 space 1024K,   0% used [0x0000000099b00000, 0x0000000099c00000)
AC   0  F    TS     7 PTAMS 0x0000000099c00000 NTAMS 0x0000000099c00000 space 1024K,   0% used [0x0000000099c00000, 0x0000000099d00000)
AC   0  F    TS     7 PTAMS 0x0000000099d00000 NTAMS 0x0000000099d00000 space 1024K,   0% used [0x0000000099d00000, 0x0000000099e00000)
AC   0  F    TS     7 PTAMS 0x0000000099e00000 NTAMS 0x0000000099e00000 space 1024K,   0% used [0x0000000099e00000, 0x0000000099f00000)
AC   0  F    TS     7 PTAMS 0x0000000099f00000 NTAMS 0x0000000099f00000 space 1024K,   0% used [0x0000000099f00000, 0x000000009a000000)
AC   0  F    TS     7 PTAMS 0x000000009a000000 NTAMS 0x000000009a000000 space 1024K,   0% used [0x000000009a000000, 0x000000009a100000)
AC   0  F    TS     7 PTAMS 0x000000009a100000 NTAMS 0x000000009a100000 space 1024K,   0% used [0x000000009a100000, 0x000000009a200000)
AC   0  F    TS     7 PTAMS 0x000000009a200000 NTAMS 0x000000009a200000 space 1024K,   0% used [0x000000009a200000, 0x000000009a300000)
AC   0  F    TS     7 PTAMS 0x000000009a300000 NTAMS 0x000000009a300000 space 1024K,   0% used [0x000000009a300000, 0x000000009a400000)
AC   0  F    TS     7 PTAMS 0x000000009a400000 NTAMS 0x000000009a400000 space 1024K,   0% used [0x000000009a400000, 0x000000009a500000)
AC   0  F    TS     7 PTAMS 0x000000009a500000 NTAMS 0x000000009a500000 space 1024K,   0% used [0x000000009a500000, 0x000000009a600000)
AC   0  F    TS     7 PTAMS 0x000000009a600000 NTAMS 0x000000009a600000 space 1024K,   0% used [0x000000009a600000, 0x000000009a700000)
AC   0  F    TS     7 PTAMS 0x000000009a700000 NTAMS 0x000000009a700000 space 1024K,   0% used [0x000000009a700000, 0x000000009a800000)
AC   0  F    TS     7 PTAMS 0x000000009a800000 NTAMS 0x000000009a800000 space 1024K,   0% used [0x000000009a800000, 0x000000009a900000)
AC   0  F    TS     7 PTAMS 0x000000009a900000 NTAMS 0x000000009a900000 space 1024K,   0% used [0x000000009a900000, 0x000000009aa00000)
AC   0  F    TS     7 PTAMS 0x000000009aa00000 NTAMS 0x000000009aa00000 space 1024K,   0% used [0x000000009aa00000, 0x000000009ab00000)
AC   0  F    TS     7 PTAMS 0x000000009ab00000 NTAMS 0x000000009ab00000 space 1024K,   0% used [0x000000009ab00000, 0x000000009ac00000)
AC   0  F    TS     7 PTAMS 0x000000009ac00000 NTAMS 0x000000009ac00000 space 1024K,   0% used [0x000000009ac00000, 0x000000009ad00000)
AC   0  F    TS     7 PTAMS 0x000000009ad00000 NTAMS 0x000000009ad00000 space 1024K,   0% used [0x000000009ad00000, 0x000000009ae00000)
AC   0  F    TS     7 PTAMS 0x000000009ae00000 NTAMS 0x000000009ae00000 space 1024K,   0% used [0x000000009ae00000, 0x000000009af00000)
AC   0  F    TS     7 PTAMS 0x000000009af00000 NTAMS 0x000000009af00000 space 1024K,   0% used [0x000000009af00000, 0x000000009b000000)
AC   0  F    TS     7 PTAMS 0x000000009b000000 NTAMS 0x000000009b000000 space 1024K,   0% used [0x000000009b000000, 0x000000009b100000)
AC   0  F    TS     7 PTAMS 0x000000009b100000 NTAMS 0x000000009b100000 space 1024K,   0% used [0x000000009b100000, 0x000000009b200000)
AC   0  F    TS     7 PTAMS 0x000000009b200000 NTAMS 0x000000009b200000 space 1024K,   0% used [0x000000009b200000, 0x000000009b300000)
AC   0  F    TS     7 PTAMS 0x000000009b300000 NTAMS 0x000000009b300000 space 1024K,   0% used [0x000000009b300000, 0x000000009b400000)
AC   0  F    TS     7 PTAMS 0x000000009b400000 NTAMS 0x000000009b400000 space 1024K,   0% used [0x000000009b400000, 0x000000009b500000)
AC   0  F    TS     7 PTAMS 0x000000009b500000 NTAMS 0x000000009b500000 space 1024K,   0% used [0x000000009b500000, 0x000000009b600000)
AC   0  F    TS     7 PTAMS 0x000000009b600000 NTAMS 0x000000009b600000 space 1024K,   0% used [0x000000009b600000, 0x000000009b700000)
AC   0  F    TS     7 PTAMS 0x000000009b700000 NTAMS 0x000000009b700000 space 1024K,   0% used [0x000000009b700000, 0x000000009b800000)
AC   0  F    TS     7 PTAMS 0x000000009b800000 NTAMS 0x000000009b800000 space 1024K,   0% used [0x000000009b800000, 0x000000009b900000)
AC   0  F    TS     7 PTAMS 0x000000009b900000 NTAMS 0x000000009b900000 space 1024K,   0% used [0x000000009b900000, 0x000000009ba00000)
AC   0  F    TS     7 PTAMS 0x000000009ba00000 NTAMS 0x000000009ba00000 space 1024K,   0% used [0x000000009ba00000, 0x000000009bb00000)
AC   0  F    TS     7 PTAMS 0x000000009bb00000 NTAMS 0x000000009bb00000 space 1024K,   0% used [0x000000009bb00000, 0x000000009bc00000)
AC   0  F    TS     7 PTAMS 0x000000009bc00000 NTAMS 0x000000009bc00000 space 1024K,   0% used [0x000000009bc00000, 0x000000009bd00000)
AC   0  F    TS     7 PTAMS 0x000000009bd00000 NTAMS 0x000000009bd00000 space 1024K,   0% used [0x000000009bd00000, 0x000000009be00000)
AC   0  F    TS     7 PTAMS 0x000000009be00000 NTAMS 0x000000009be00000 space 1024K,   0% used [0x000000009be00000, 0x000000009bf00000)
AC   0  F    TS     7 PTAMS 0x000000009bf00000 NTAMS 0x000000009bf00000 space 1024K,   0% used [0x000000009bf00000, 0x000000009c000000)
AC   0  F    TS     7 PTAMS 0x000000009c000000 NTAMS 0x000000009c000000 space 1024K,   0% used [0x000000009c000000, 0x000000009c100000)
AC   0  F    TS     7 PTAMS 0x000000009c100000 NTAMS 0x000000009c100000 space 1024K,   0% used [0x000000009c100000, 0x000000009c200000)
AC   0  F    TS     7 PTAMS 0x000000009c200000 NTAMS 0x000000009c200000 space 1024K,   0% used [0x000000009c200000, 0x000000009c300000)
AC   0  F    TS     7 PTAMS 0x000000009c300000 NTAMS 0x000000009c300000 space 1024K,   0% used [0x000000009c300000, 0x000000009c400000)
AC   0  F    TS     7 PTAMS 0x000000009c400000 NTAMS 0x000000009c400000 space 1024K,   0% used [0x000000009c400000, 0x000000009c500000)
AC   0  F    TS     7 PTAMS 0x000000009c500000 NTAMS 0x000000009c500000 space 1024K,   0% used [0x000000009c500000, 0x000000009c600000)
AC   0  F    TS     7 PTAMS 0x000000009c600000 NTAMS 0x000000009c600000 space 1024K,   0% used [0x000000009c600000, 0x000000009c700000)
AC   0  F    TS     7 PTAMS 0x000000009c700000 NTAMS 0x000000009c700000 space 1024K,   0% used [0x000000009c700000, 0x000000009c800000)
AC   0  F    TS     7 PTAMS 0x000000009c800000 NTAMS 0x000000009c800000 space 1024K,   0% used [0x000000009c800000, 0x000000009c900000)
AC   0  F    TS     7 PTAMS 0x000000009c900000 NTAMS 0x000000009c900000 space 1024K,   0% used [0x000000009c900000, 0x000000009ca00000)
AC   0  F    TS     7 PTAMS 0x000000009ca00000 NTAMS 0x000000009ca00000 space 1024K,   0% used [0x000000009ca00000, 0x000000009cb00000)
AC   0  F    TS     7 PTAMS 0x000000009cb00000 NTAMS 0x000000009cb00000 space 1024K,   0% used [0x000000009cb00000, 0x000000009cc00000)
AC   0  F    TS     7 PTAMS 0x000000009cc00000 NTAMS 0x000000009cc00000 space 1024K,   0% used [0x000000009cc00000, 0x000000009cd00000)
AC   0  F    TS     7 PTAMS 0x000000009cd00000 NTAMS 0x000000009cd00000 space 1024K,   0% used [0x000000009cd00000, 0x000000009ce00000)
AC   0  F    TS     7 PTAMS 0x000000009ce00000 NTAMS 0x000000009ce00000 space 1024K,   0% used [0x000000009ce00000, 0x000000009cf00000)
AC   0  F    TS     7 PTAMS 0x000000009cf00000 NTAMS 0x000000009cf00000 space 1024K,   0% used [0x000000009cf00000, 0x000000009d000000)
AC   0  F    TS     7 PTAMS 0x000000009d000000 NTAMS 0x000000009d000000 space 1024K,   0% used [0x000000009d000000, 0x000000009d100000)
AC   0  F    TS     7 PTAMS 0x000000009d100000 NTAMS 0x000000009d100000 space 1024K,   0% used [0x000000009d100000, 0x000000009d200000)
AC   0  F    TS     7 PTAMS 0x000000009d200000 NTAMS 0x000000009d200000 space 1024K,   0% used [0x000000009d200000, 0x000000009d300000)
AC   0  F    TS     7 PTAMS 0x000000009d300000 NTAMS 0x000000009d300000 space 1024K,   0% used [0x000000009d300000, 0x000000009d400000)
AC   0  F    TS     7 PTAMS 0x000000009d400000 NTAMS 0x000000009d400000 space 1024K,   0% used [0x000000009d400000, 0x000000009d500000)
AC   0  F    TS     7 PTAMS 0x000000009d500000 NTAMS 0x000000009d500000 space 1024K,   0% used [0x000000009d500000, 0x000000009d600000)
AC   0  F    TS     7 PTAMS 0x000000009d600000 NTAMS 0x000000009d600000 space 1024K,   0% used [0x000000009d600000, 0x000000009d700000)
AC   0  F    TS     7 PTAMS 0x000000009d700000 NTAMS 0x000000009d700000 space 1024K,   0% used [0x000000009d700000, 0x000000009d800000)
AC   0  F    TS     7 PTAMS 0x000000009d800000 NTAMS 0x000000009d800000 space 1024K,   0% used [0x000000009d800000, 0x000000009d900000)
AC   0  F    TS     7 PTAMS 0x000000009d900000 NTAMS 0x000000009d900000 space 1024K,   0% used [0x000000009d900000, 0x000000009da00000)
AC   0  F    TS     7 PTAMS 0x000000009da00000 NTAMS 0x000000009da00000 space 1024K,   0% used [0x000000009da00000, 0x000000009db00000)
AC   0  F    TS     7 PTAMS 0x000000009db00000 NTAMS 0x000000009db00000 space 1024K,   0% used [0x000000009db00000, 0x000000009dc00000)
AC   0  F    TS     7 PTAMS 0x000000009dc00000 NTAMS 0x000000009dc00000 space 1024K,   0% used [0x000000009dc00000, 0x000000009dd00000)
AC   0  F    TS     7 PTAMS 0x000000009dd00000 NTAMS 0x000000009dd00000 space 1024K,   0% used [0x000000009dd00000, 0x000000009de00000)
AC   0  F    TS     7 PTAMS 0x000000009de00000 NTAMS 0x000000009de00000 space 1024K,   0% used [0x000000009de00000, 0x000000009df00000)
AC   0  F    TS     7 PTAMS 0x000000009df00000 NTAMS 0x000000009df00000 space 1024K,   0% used [0x000000009df00000, 0x000000009e000000)
AC   0  F    TS     7 PTAMS 0x000000009e000000 NTAMS 0x000000009e000000 space 1024K,   0% used [0x000000009e000000, 0x000000009e100000)
AC   0  F    TS     7 PTAMS 0x000000009e100000 NTAMS 0x000000009e100000 space 1024K,   0% used [0x000000009e100000, 0x000000009e200000)
AC   0  F    TS     7 PTAMS 0x000000009e200000 NTAMS 0x000000009e200000 space 1024K,   0% used [0x000000009e200000, 0x000000009e300000)
AC   0  F    TS     7 PTAMS 0x000000009e300000 NTAMS 0x000000009e300000 space 1024K,   0% used [0x000000009e300000, 0x000000009e400000)
AC   0  F    TS     7 PTAMS 0x000000009e400000 NTAMS 0x000000009e400000 space 1024K,   0% used [0x000000009e400000, 0x000000009e500000)
AC   0  S CS TS     9 PTAMS 0x000000009e500000 NTAMS 0x000000009e500000 space 1024K,  21% used [0x000000009e500000, 0x000000009e600000)
AC   0  S CS TS     9 PTAMS 0x000000009e600000 NTAMS 0x000000009e600000 space 1024K, 100% used [0x000000009e600000, 0x000000009e700000)
AC   0  S CS TS     9 PTAMS 0x000000009e700000 NTAMS 0x000000009e700000 space 1024K, 100% used [0x000000009e700000, 0x000000009e800000)
AC   0  S CS TS     9 PTAMS 0x000000009e800000 NTAMS 0x000000009e800000 space 1024K, 100% used [0x000000009e800000, 0x000000009e900000)
AC   0  F    TS     7 PTAMS 0x000000009e900000 NTAMS 0x000000009e900000 space 1024K,   0% used [0x000000009e900000, 0x000000009ea00000)
AC   0  F    TS     7 PTAMS 0x000000009ea00000 NTAMS 0x000000009ea00000 space 1024K,   0% used [0x000000009ea00000, 0x000000009eb00000)
AC   0  F    TS     7 PTAMS 0x000000009eb00000 NTAMS 0x000000009eb00000 space 1024K,   0% used [0x000000009eb00000, 0x000000009ec00000)
AC   0  F    TS     7 PTAMS 0x000000009ec00000 NTAMS 0x000000009ec00000 space 1024K,   0% used [0x000000009ec00000, 0x000000009ed00000)
AC   0  F    TS     7 PTAMS 0x000000009ed00000 NTAMS 0x000000009ed00000 space 1024K,   0% used [0x000000009ed00000, 0x000000009ee00000)
AC   0  F    TS     7 PTAMS 0x000000009ee00000 NTAMS 0x000000009ee00000 space 1024K,   0% used [0x000000009ee00000, 0x000000009ef00000)
AC   0  F    TS     7 PTAMS 0x000000009ef00000 NTAMS 0x000000009ef00000 space 1024K,   0% used [0x000000009ef00000, 0x000000009f000000)
AC   0  F    TS     7 PTAMS 0x000000009f000000 NTAMS 0x000000009f000000 space 1024K,   0% used [0x000000009f000000, 0x000000009f100000)
AC   0  F    TS     7 PTAMS 0x000000009f100000 NTAMS 0x000000009f100000 space 1024K,   0% used [0x000000009f100000, 0x000000009f200000)
AC   0  F    TS     7 PTAMS 0x000000009f200000 NTAMS 0x000000009f200000 space 1024K,   0% used [0x000000009f200000, 0x000000009f300000)
AC   0  F    TS     7 PTAMS 0x000000009f300000 NTAMS 0x000000009f300000 space 1024K,   0% used [0x000000009f300000, 0x000000009f400000)
AC   0  F    TS     7 PTAMS 0x000000009f400000 NTAMS 0x000000009f400000 space 1024K,   0% used [0x000000009f400000, 0x000000009f500000)
AC   0  F    TS     7 PTAMS 0x000000009f500000 NTAMS 0x000000009f500000 space 1024K,   0% used [0x000000009f500000, 0x000000009f600000)
AC   0  F    TS     7 PTAMS 0x000000009f600000 NTAMS 0x000000009f600000 space 1024K,   0% used [0x000000009f600000, 0x000000009f700000)
AC   0  F    TS     7 PTAMS 0x000000009f700000 NTAMS 0x000000009f700000 space 1024K,   0% used [0x000000009f700000, 0x000000009f800000)
AC   0  F    TS     7 PTAMS 0x000000009f800000 NTAMS 0x000000009f800000 space 1024K,   0% used [0x000000009f800000, 0x000000009f900000)
AC   0  F    TS     7 PTAMS 0x000000009f900000 NTAMS 0x000000009f900000 space 1024K,   0% used [0x000000009f900000, 0x000000009fa00000)
AC   0  F    TS     7 PTAMS 0x000000009fa00000 NTAMS 0x000000009fa00000 space 1024K,   0% used [0x000000009fa00000, 0x000000009fb00000)
AC   0  F    TS     7 PTAMS 0x000000009fb00000 NTAMS 0x000000009fb00000 space 1024K,   0% used [0x000000009fb00000, 0x000000009fc00000)
AC   0  F    TS     7 PTAMS 0x000000009fc00000 NTAMS 0x000000009fc00000 space 1024K,   0% used [0x000000009fc00000, 0x000000009fd00000)
AC   0  F    TS     7 PTAMS 0x000000009fd00000 NTAMS 0x000000009fd00000 space 1024K,   0% used [0x000000009fd00000, 0x000000009fe00000)
AC   0  F    TS     7 PTAMS 0x000000009fe00000 NTAMS 0x000000009fe00000 space 1024K,   0% used [0x000000009fe00000, 0x000000009ff00000)
AC   0  F    TS     7 PTAMS 0x000000009ff00000 NTAMS 0x000000009ff00000 space 1024K,   0% used [0x000000009ff00000, 0x00000000a0000000)

Card table byte_map: [0x0000000016760000,0x0000000016b60000] byte_map_base: 0x0000000016360000

Marking Bits (Prev, Next): (CMBitMap*) 0x0000000014cab4e8, (CMBitMap*) 0x0000000014cab540
 Prev Bits: [0x0000000016f60000, 0x0000000018f60000)
 Next Bits: [0x0000000018f60000, 0x000000001af60000)

Polling page: 0x00000000030e0000

CodeCache: size=245760Kb used=42162Kb max_used=42162Kb free=203598Kb
 bounds [0x0000000003fc0000, 0x0000000006930000, 0x0000000012fc0000]
 total_blobs=12257 nmethods=11304 adapters=859
 compilation: enabled

Compilation events (10 events):
Event: 27.625 Thread 0x000000001ea65800 14037       3       com.sun.org.apache.xerces.internal.utils.XMLSecurityManager::debugPrint (18 bytes)
Event: 27.625 Thread 0x000000001ea6a000 14038       3       com.sun.org.apache.xerces.internal.impl.XMLDocumentScannerImpl::endEntity (51 bytes)
Event: 27.625 Thread 0x000000001ea66800 14039       3       com.sun.org.apache.xerces.internal.impl.XMLDocumentFragmentScannerImpl::endEntity (64 bytes)
Event: 27.626 Thread 0x000000001ea65800 nmethod 14037 0x0000000006917910 code [0x0000000006917a80, 0x0000000006917da0]
Event: 27.626 Thread 0x000000001ea65000 nmethod 13817 0x0000000006917e90 code [0x00000000069188e0, 0x000000000691e438]
Event: 27.626 Thread 0x000000001ea6a000 nmethod 14038 0x0000000006917150 code [0x00000000069172e0, 0x00000000069177b0]
Event: 27.626 Thread 0x000000001e9fe800 14040       4       java.util.stream.StreamOpFlag::combineOpFlags (9 bytes)
Event: 27.627 Thread 0x000000001ea66800 nmethod 14039 0x0000000006916610 code [0x00000000069167c0, 0x0000000006916e70]
Event: 27.627 Thread 0x000000001e9fe800 nmethod 14040 0x00000000065495d0 code [0x0000000006549700, 0x0000000006549778]
Event: 27.627 Thread 0x000000001ea69800 nmethod 14033 0x0000000006922fd0 code [0x0000000006923480, 0x0000000006926bf0]

GC Heap History (10 events):
Event: 26.714 GC heap after
Heap after GC invocations=60 (full 0):
 garbage-first heap   total 262144K, used 190202K [0x0000000080000000, 0x0000000080100800, 0x0000000100000000)
  region size 1024K, 8 young (8192K), 8 survivors (8192K)
 Metaspace       used 117022K, capacity 129090K, committed 129228K, reserved 1161216K
  class space    used 15031K, capacity 18331K, committed 18380K, reserved 1048576K
}
Event: 26.789 GC heap before
{Heap before GC invocations=61 (full 0):
 garbage-first heap   total 262144K, used 219215K [0x0000000080000000, 0x0000000080100800, 0x0000000100000000)
  region size 1024K, 42 young (43008K), 8 survivors (8192K)
 Metaspace       used 117100K, capacity 129160K, committed 129228K, reserved 1161216K
  class space    used 15040K, capacity 18332K, committed 18380K, reserved 1048576K
Event: 26.795 GC heap after
Heap after GC invocations=62 (full 0):
 garbage-first heap   total 262144K, used 195663K [0x0000000080000000, 0x0000000080100800, 0x0000000100000000)
  region size 1024K, 6 young (6144K), 6 survivors (6144K)
 Metaspace       used 117100K, capacity 129160K, committed 129228K, reserved 1161216K
  class space    used 15040K, capacity 18332K, committed 18380K, reserved 1048576K
}
Event: 26.804 GC heap before
{Heap before GC invocations=62 (full 0):
 garbage-first heap   total 262144K, used 201807K [0x0000000080000000, 0x0000000080100800, 0x0000000100000000)
  region size 1024K, 12 young (12288K), 6 survivors (6144K)
 Metaspace       used 117102K, capacity 129160K, committed 129228K, reserved 1161216K
  class space    used 15040K, capacity 18332K, committed 18380K, reserved 1048576K
Event: 26.809 GC heap after
Heap after GC invocations=63 (full 0):
 garbage-first heap   total 262144K, used 181839K [0x0000000080000000, 0x0000000080100800, 0x0000000100000000)
  region size 1024K, 2 young (2048K), 2 survivors (2048K)
 Metaspace       used 117102K, capacity 129160K, committed 129228K, reserved 1161216K
  class space    used 15040K, capacity 18332K, committed 18380K, reserved 1048576K
}
Event: 26.825 GC heap before
{Heap before GC invocations=63 (full 0):
 garbage-first heap   total 262144K, used 192079K [0x0000000080000000, 0x0000000080100800, 0x0000000100000000)
  region size 1024K, 12 young (12288K), 2 survivors (2048K)
 Metaspace       used 117123K, capacity 129162K, committed 129484K, reserved 1161216K
  class space    used 15042K, capacity 18333K, committed 18380K, reserved 1048576K
Event: 26.835 GC heap after
Heap after GC invocations=64 (full 0):
 garbage-first heap   total 262144K, used 176719K [0x0000000080000000, 0x0000000080100800, 0x0000000100000000)
  region size 1024K, 2 young (2048K), 2 survivors (2048K)
 Metaspace       used 117123K, capacity 129162K, committed 129484K, reserved 1161216K
  class space    used 15042K, capacity 18333K, committed 18380K, reserved 1048576K
}
Event: 26.852 GC heap before
{Heap before GC invocations=64 (full 0):
 garbage-first heap   total 262144K, used 186959K [0x0000000080000000, 0x0000000080100800, 0x0000000100000000)
  region size 1024K, 13 young (13312K), 2 survivors (2048K)
 Metaspace       used 117143K, capacity 129162K, committed 129484K, reserved 1161216K
  class space    used 15042K, capacity 18333K, committed 18380K, reserved 1048576K
Event: 27.549 GC heap after
Heap after GC invocations=65 (full 0):
 garbage-first heap   total 524288K, used 179279K [0x0000000080000000, 0x0000000080101000, 0x0000000100000000)
  region size 1024K, 2 young (2048K), 2 survivors (2048K)
 Metaspace       used 117143K, capacity 129162K, committed 129484K, reserved 1161216K
  class space    used 15042K, capacity 18333K, committed 18380K, reserved 1048576K
}
Event: 27.632 GC heap before
{Heap before GC invocations=65 (full 0):
 garbage-first heap   total 524288K, used 202831K [0x0000000080000000, 0x0000000080101000, 0x0000000100000000)
  region size 1024K, 25 young (25600K), 2 survivors (2048K)
 Metaspace       used 117313K, capacity 129398K, committed 129484K, reserved 1161216K
  class space    used 15054K, capacity 18343K, committed 18380K, reserved 1048576K

Deoptimization events (10 events):
Event: 26.674 Thread 0x0000000024e8c000 Uncommon trap: reason=unstable_if action=reinterpret pc=0x00000000067a6164 method=org.eclipse.jgit.lib.ObjectChecker.checkNotWindowsDevice([BIILorg/eclipse/jgit/lib/AnyObjectId;)V @ 154
Event: 26.703 Thread 0x0000000024e8c000 Uncommon trap: reason=unstable_if action=reinterpret pc=0x0000000005c5446c method=java.util.TimSort.mergeLo(IIII)V @ 474
Event: 26.704 Thread 0x0000000024e8c000 Uncommon trap: reason=predicate action=maybe_recompile pc=0x00000000063d063c method=java.util.TimSort.mergeHi(IIII)V @ 191
Event: 26.738 Thread 0x0000000024e92000 Uncommon trap: reason=unstable_if action=reinterpret pc=0x00000000060c92b4 method=sun.nio.cs.StreamDecoder.implRead([CII)I @ 36
Event: 26.739 Thread 0x0000000024e8f000 Uncommon trap: reason=unstable_if action=reinterpret pc=0x0000000005b8ef58 method=com.sun.org.apache.xerces.internal.impl.XMLEntityScanner.normalizeNewlines(SLcom/sun/org/apache/xerces/internal/xni/XMLString;ZZLcom/sun/org/apache/xerces/internal/impl/XMLS
Event: 26.739 Thread 0x0000000024e8f000 Uncommon trap: reason=unstable_if action=reinterpret pc=0x000000000664aa5c method=com.sun.org.apache.xerces.internal.impl.XMLEntityScanner.scanContent(Lcom/sun/org/apache/xerces/internal/xni/XMLString;)I @ 103
Event: 26.740 Thread 0x0000000024e8f000 Uncommon trap: reason=unstable_if action=reinterpret pc=0x0000000005ccc85c method=com.sun.org.apache.xerces.internal.impl.XMLEntityScanner.scanContent(Lcom/sun/org/apache/xerces/internal/xni/XMLString;)I @ 103
Event: 26.748 Thread 0x0000000024e8c000 Uncommon trap: reason=predicate action=maybe_recompile pc=0x0000000004e5d9a0 method=org.eclipse.jgit.dircache.DirCacheTree.contains([BII)Z @ 43
Event: 26.803 Thread 0x0000000024e8c000 Uncommon trap: reason=class_check action=maybe_recompile pc=0x0000000004ad2300 method=java.util.TimSort.mergeHi(IIII)V @ 227
Event: 27.553 Thread 0x0000000024e8f000 Uncommon trap: reason=loop_limit_check action=maybe_recompile pc=0x00000000068a9dd8 method=com.sun.org.apache.xerces.internal.parsers.AbstractDOMParser.startElement(Lcom/sun/org/apache/xerces/internal/xni/QName;Lcom/sun/org/apache/xerces/internal/xni/XMLA

Classes redefined (0 events):
No events

Internal exceptions (10 events):
Event: 25.414 Thread 0x0000000024e93800 Implicit null exception at 0x000000000637a2fd to 0x000000000637a6c1
Event: 25.711 Thread 0x0000000024e8c000 Exception <a 'java/lang/NoSuchMethodError': java.lang.Object.lambda$comparingInt$7b0bb60$1(Ljava/util/function/ToIntFunction;Ljava/lang/Object;Ljava/lang/Object;)I> (0x000000008a86f830) thrown at [C:\jenkins\workspace\8-2-build-windows-x64-cygwin-sans-NAS
Event: 25.712 Thread 0x0000000024e8c000 Exception <a 'java/lang/NoSuchMethodError': java.lang.Object.lambda$thenComparing$36697e65$1(Ljava/util/Comparator;Ljava/lang/Object;Ljava/lang/Object;)I> (0x000000008a877b80) thrown at [C:\jenkins\workspace\8-2-build-windows-x64-cygwin-sans-NAS\jdk8u411\
Event: 25.761 Thread 0x00000000245e5800 Exception <a 'java/io/FileNotFoundException'> (0x000000008e6184f0) thrown at [C:\jenkins\workspace\8-2-build-windows-x64-cygwin-sans-NAS\jdk8u411\893\hotspot\src\share\vm\prims\jni.cpp, line 710]
Event: 25.761 Thread 0x0000000024e93800 Exception <a 'java/io/FileNotFoundException'> (0x000000008e6a2ad0) thrown at [C:\jenkins\workspace\8-2-build-windows-x64-cygwin-sans-NAS\jdk8u411\893\hotspot\src\share\vm\prims\jni.cpp, line 710]
Event: 26.339 Thread 0x0000000024e8c000 Exception <a 'java/io/FileNotFoundException'> (0x000000008b41b6a0) thrown at [C:\jenkins\workspace\8-2-build-windows-x64-cygwin-sans-NAS\jdk8u411\893\hotspot\src\share\vm\prims\jni.cpp, line 710]
Event: 26.360 Thread 0x0000000024e8c000 Exception <a 'java/lang/NoSuchMethodError': ch.qos.logback.core.rolling.SizeBasedTriggeringPolicy.setMaxFileSize(Ljava/lang/String;)V> (0x000000008fbe5ac0) thrown at [C:\jenkins\workspace\8-2-build-windows-x64-cygwin-sans-NAS\jdk8u411\893\hotspot\src\shar
Event: 26.441 Thread 0x0000000024e8c000 Exception <a 'java/io/FileNotFoundException'> (0x000000008c94d778) thrown at [C:\jenkins\workspace\8-2-build-windows-x64-cygwin-sans-NAS\jdk8u411\893\hotspot\src\share\vm\prims\jni.cpp, line 710]
Event: 26.562 Thread 0x0000000024e8c000 Exception <a 'sun/nio/fs/WindowsException'> (0x000000008f8b68b8) thrown at [C:\jenkins\workspace\8-2-build-windows-x64-cygwin-sans-NAS\jdk8u411\893\hotspot\src\share\vm\prims\jni.cpp, line 710]
Event: 26.841 Thread 0x0000000024e8c000 Exception <a 'sun/nio/fs/WindowsException'> (0x000000008fd63550) thrown at [C:\jenkins\workspace\8-2-build-windows-x64-cygwin-sans-NAS\jdk8u411\893\hotspot\src\share\vm\prims\jni.cpp, line 710]

Events (10 events):
Event: 27.627 Thread 0x000000001e9fe800 flushing nmethod 0x000000000440b950
Event: 27.631 loading class org/eclipse/jface/util/PropertyChangeEvent
Event: 27.631 loading class org/eclipse/jface/util/PropertyChangeEvent done
Event: 27.631 loading class org/eclipse/jface/util/PropertyChangeEvent
Event: 27.631 loading class org/eclipse/jface/util/PropertyChangeEvent done
Event: 27.631 loading class org/eclipse/jface/util/IPropertyChangeListener
Event: 27.631 loading class org/eclipse/jface/util/IPropertyChangeListener done
Event: 27.631 Executing VM operation: RevokeBias
Event: 27.631 Executing VM operation: RevokeBias done
Event: 27.632 Executing VM operation: G1IncCollectionPause


Dynamic libraries:
0x00007ff7f1f10000 - 0x00007ff7f1f7a000 	C:\eGovFrameDev-3.10.0-64bit\eclipse\eclipse.exe
0x00007ffa90c40000 - 0x00007ffa90ea7000 	C:\WINDOWS\SYSTEM32\ntdll.dll
0x00007ffa8f560000 - 0x00007ffa8f629000 	C:\WINDOWS\System32\KERNEL32.DLL
0x00007ffa8e5c0000 - 0x00007ffa8e9b7000 	C:\WINDOWS\System32\KERNELBASE.dll
0x00007ffa90850000 - 0x00007ffa90a16000 	C:\WINDOWS\System32\USER32.dll
0x00007ffa8dd20000 - 0x00007ffa8dd47000 	C:\WINDOWS\System32\win32u.dll
0x00007ffa8f000000 - 0x00007ffa8f02b000 	C:\WINDOWS\System32\GDI32.dll
0x00007ffa8dbf0000 - 0x00007ffa8dd1c000 	C:\WINDOWS\System32\gdi32full.dll
0x00007ffa8d670000 - 0x00007ffa8d713000 	C:\WINDOWS\System32\msvcp_win.dll
0x00007ffa8daa0000 - 0x00007ffa8dbeb000 	C:\WINDOWS\System32\ucrtbase.dll
0x00007ffa73b70000 - 0x00007ffa73e02000 	C:\WINDOWS\WinSxS\amd64_microsoft.windows.common-controls_6595b64144ccf1df_6.0.26100.8457_none_3e0b2faee331e92d\COMCTL32.dll
0x00007ffa8ff40000 - 0x00007ffa8ffe9000 	C:\WINDOWS\System32\msvcrt.dll
0x00007ffa8e9c0000 - 0x00007ffa8e9f2000 	C:\WINDOWS\System32\IMM32.DLL
0x00007ffa58fa0000 - 0x00007ffa58fc9000 	C:\eGovFrameDev-3.10.0-64bit\eclipse\plugins\org.eclipse.equinox.launcher.win32.win32.x86_64_1.1.1200.v20200508-1552\eclipse_11000.dll
0x00007ffa8ef40000 - 0x00007ffa8eff6000 	C:\WINDOWS\System32\ADVAPI32.dll
0x00007ffa8fe90000 - 0x00007ffa8ff37000 	C:\WINDOWS\System32\sechost.dll
0x00007ffa900b0000 - 0x00007ffa901c8000 	C:\WINDOWS\System32\RPCRT4.dll
0x00007ffa798c0000 - 0x00007ffa798cb000 	C:\WINDOWS\SYSTEM32\VERSION.dll
0x00007ffa88540000 - 0x00007ffa885ea000 	C:\WINDOWS\system32\uxtheme.dll
0x00007ffa8f030000 - 0x00007ffa8f3b3000 	C:\WINDOWS\System32\combase.dll
0x00007ffa90570000 - 0x00007ffa906cc000 	C:\WINDOWS\System32\MSCTF.dll
0x00007ffa58b10000 - 0x00007ffa58bac000 	C:\WINDOWS\system32\IMGSF50Filter_x64.dll
0x00007ffa901f0000 - 0x00007ffa90387000 	C:\WINDOWS\System32\ole32.dll
0x00007ffa8eaa0000 - 0x00007ffa8eaa8000 	C:\WINDOWS\System32\PSAPI.DLL
0x00007ffa90a20000 - 0x00007ffa90a86000 	C:\WINDOWS\System32\SHLWAPI.dll
0x00007ffa8dd50000 - 0x00007ffa8e5bc000 	C:\WINDOWS\System32\Windows.Storage.dll
0x00007ffa8f630000 - 0x00007ffa8fd9e000 	C:\WINDOWS\System32\SHELL32.dll
0x00007ffa589f0000 - 0x00007ffa58aff000 	C:\WINDOWS\SYSTEM32\Opengl32.dll
0x00007ffa5e120000 - 0x00007ffa5e14d000 	C:\WINDOWS\SYSTEM32\GLU32.dll
0x00007ffa887f0000 - 0x00007ffa88835000 	C:\WINDOWS\SYSTEM32\dxcore.dll
0x00007ffa8c400000 - 0x00007ffa8c41b000 	C:\WINDOWS\SYSTEM32\kernel.appcore.dll
0x00007ffa8d870000 - 0x00007ffa8d918000 	C:\WINDOWS\System32\bcryptPrimitives.dll
0x00007ffa8fdb0000 - 0x00007ffa8fe89000 	C:\WINDOWS\System32\OLEAUT32.dll
0x00007ffa7aac0000 - 0x00007ffa7ac06000 	C:\WINDOWS\SYSTEM32\textinputframework.dll
0x00007ffa87fc0000 - 0x00007ffa880e7000 	C:\WINDOWS\SYSTEM32\CoreMessaging.dll
0x00007ffa85330000 - 0x00007ffa85612000 	C:\WINDOWS\SYSTEM32\CoreUIComponents.dll
0x00007ffa851b0000 - 0x00007ffa8531a000 	C:\WINDOWS\SYSTEM32\wintypes.dll
0x00007ffa8cc70000 - 0x00007ffa8cc7c000 	C:\WINDOWS\SYSTEM32\CRYPTBASE.DLL
0x00007ff9ae0f0000 - 0x00007ff9ae9a1000 	C:\Program Files\Java\jre-1.8\bin\server\jvm.dll
0x00007ffa82bf0000 - 0x00007ffa82c26000 	C:\WINDOWS\SYSTEM32\WINMM.dll
0x00007ffa5b650000 - 0x00007ffa5b65a000 	C:\WINDOWS\SYSTEM32\WSOCK32.dll
0x00007ffa6e060000 - 0x00007ffa6e07e000 	C:\WINDOWS\SYSTEM32\VCRUNTIME140.dll
0x00007ffa8f470000 - 0x00007ffa8f4f0000 	C:\WINDOWS\System32\WS2_32.dll
0x00007ffa5e600000 - 0x00007ffa5e610000 	C:\Program Files\Java\jre-1.8\bin\verify.dll
0x00007ffa55e50000 - 0x00007ffa55e7b000 	C:\Program Files\Java\jre-1.8\bin\java.dll
0x00007ffa375a0000 - 0x00007ffa375d4000 	C:\Program Files\Java\jre-1.8\bin\instrument.dll
0x00007ffa55df0000 - 0x00007ffa55e08000 	C:\Program Files\Java\jre-1.8\bin\zip.dll
0x00007ffa90b00000 - 0x00007ffa90bf6000 	C:\WINDOWS\System32\SHCORE.dll
0x00007ffa8d590000 - 0x00007ffa8d5b9000 	C:\WINDOWS\System32\profapi.dll
0x00007ffa55dd0000 - 0x00007ffa55dec000 	C:\Program Files\Java\jre-1.8\bin\net.dll
0x00007ffa8c970000 - 0x00007ffa8c9dc000 	C:\WINDOWS\system32\mswsock.dll
0x00007ffa55db0000 - 0x00007ffa55dc3000 	C:\Program Files\Java\jre-1.8\bin\nio.dll
0x00007ffa8cc50000 - 0x00007ffa8cc6b000 	C:\WINDOWS\SYSTEM32\CRYPTSP.dll
0x00007ffa8c360000 - 0x00007ffa8c399000 	C:\WINDOWS\system32\rsaenh.dll
0x00007ffa8ca20000 - 0x00007ffa8ca53000 	C:\WINDOWS\SYSTEM32\USERENV.dll
0x00007ffa8d560000 - 0x00007ffa8d58a000 	C:\WINDOWS\SYSTEM32\bcrypt.dll
0x00007ffa8be80000 - 0x00007ffa8beb2000 	C:\WINDOWS\SYSTEM32\IPHLPAPI.DLL
0x00007ffa8ea90000 - 0x00007ffa8ea9a000 	C:\WINDOWS\System32\NSI.dll
0x00007ffa85020000 - 0x00007ffa8503d000 	C:\WINDOWS\SYSTEM32\dhcpcsvc6.DLL
0x00007ffa84ff0000 - 0x00007ffa85015000 	C:\WINDOWS\SYSTEM32\dhcpcsvc.DLL
0x00007ffa8bec0000 - 0x00007ffa8bff2000 	C:\WINDOWS\SYSTEM32\DNSAPI.dll
0x00007ffa37270000 - 0x00007ffa37328000 	C:\eGovFrameDev-3.10.0-64bit\eclipse\configuration\org.eclipse.osgi\743\0\.cp\swt-win32-4934r6.dll
0x00007ffa90750000 - 0x00007ffa90840000 	C:\WINDOWS\System32\COMDLG32.dll
0x00007ffa8d920000 - 0x00007ffa8da98000 	C:\WINDOWS\System32\CRYPT32.dll
0x00007ffa68ba0000 - 0x00007ffa68e35000 	C:\WINDOWS\SYSTEM32\WININET.dll
0x00007ffa85e80000 - 0x00007ffa85f86000 	C:\WINDOWS\SYSTEM32\PROPSYS.dll
0x00007ffa5ba80000 - 0x00007ffa5bb32000 	C:\WINDOWS\SYSTEM32\WINSPOOL.DRV
0x00007ffa12760000 - 0x00007ffa12779000 	C:\WINDOWS\SYSTEM32\USP10.dll
0x00007ffa6b770000 - 0x00007ffa6b94d000 	C:\WINDOWS\SYSTEM32\urlmon.dll
0x00007ffa8d1b0000 - 0x00007ffa8d201000 	C:\WINDOWS\SYSTEM32\cfgmgr32.dll
0x00007ffa79820000 - 0x00007ffa79828000 	C:\WINDOWS\SYSTEM32\MSIMG32.dll
0x00007ffa6b4a0000 - 0x00007ffa6b764000 	C:\WINDOWS\SYSTEM32\iertutil.dll
0x00007ffa8bd20000 - 0x00007ffa8bd2d000 	C:\WINDOWS\SYSTEM32\netutils.dll
0x00007ffa6e820000 - 0x00007ffa6e849000 	C:\WINDOWS\SYSTEM32\srvcli.dll
0x00007ffa8fff0000 - 0x00007ffa9009e000 	C:\WINDOWS\System32\clbcatq.dll
0x00007ffa43d90000 - 0x00007ffa43db6000 	C:\eGovFrameDev-3.10.0-64bit\eclipse\configuration\org.eclipse.osgi\743\0\.cp\swt-gdip-win32-4934r6.dll
0x00007ffa6f840000 - 0x00007ffa6fa18000 	C:\WINDOWS\WinSxS\amd64_microsoft.windows.gdiplus_6595b64144ccf1df_1.1.26100.8328_none_6ef30b123dc73046\gdiplus.dll
0x00007ffa86c00000 - 0x00007ffa86e2d000 	C:\WINDOWS\SYSTEM32\WindowsCodecs.dll
0x00007ffa3a130000 - 0x00007ffa3a1e3000 	C:\WINDOWS\SYSTEM32\TextShaping.dll
0x00007ffa66890000 - 0x00007ffa66906000 	C:\WINDOWS\SYSTEM32\oleacc.dll
0x00007ffa566a0000 - 0x00007ffa566e4000 	C:\WINDOWS\system32\mlang.dll
0x0000000180000000 - 0x0000000180012000 	C:\eGovFrameDev-3.10.0-64bit\eclipse\configuration\org.eclipse.osgi\121\0\.cp\os\win32\x86_64\localfile_1_0_0.dll
0x00007ffa6e590000 - 0x00007ffa6e5ab000 	C:\eGovFrameDev-3.10.0-64bit\eclipse\configuration\org.eclipse.osgi\126\0\.cp\os\win32\x86_64\win32refresh.dll
0x00007ffa64360000 - 0x00007ffa64371000 	C:\eGovFrameDev-3.10.0-64bit\eclipse\configuration\org.eclipse.osgi\124\0\.cp\jWinHttp-1.0.0.dll
0x00007ffa81c90000 - 0x00007ffa81db9000 	C:\WINDOWS\SYSTEM32\WINHTTP.dll
0x00007ffa3f3f0000 - 0x00007ffa3f44a000 	C:\WINDOWS\system32\dataexchange.dll
0x00007ffa7c970000 - 0x00007ffa7cbbe000 	C:\WINDOWS\system32\twinapi.appcore.dll
0x00007ffa5f410000 - 0x00007ffa5f439000 	C:\WINDOWS\SYSTEM32\edputil.dll
0x00007ffa628e0000 - 0x00007ffa62a58000 	C:\Windows\System32\Windows.System.Launcher.dll
0x00007ffa7a9d0000 - 0x00007ffa7a9ed000 	C:\WINDOWS\SYSTEM32\windows.staterepositorycore.dll
0x00007ffa86e30000 - 0x00007ffa87097000 	C:\WINDOWS\SYSTEM32\DWrite.dll
0x00007ffa53cc0000 - 0x00007ffa53fa6000 	C:\WINDOWS\system32\explorerframe.dll
0x00007ffa8d4d0000 - 0x00007ffa8d52e000 	C:\WINDOWS\SYSTEM32\powrprof.dll
0x00007ffa8d4b0000 - 0x00007ffa8d4c4000 	C:\WINDOWS\SYSTEM32\UMPDC.dll
0x00007ffa643c0000 - 0x00007ffa643e5000 	C:\Program Files\Java\jre-1.8\bin\sunec.dll
0x00007ffa6afa0000 - 0x00007ffa6afb8000 	C:\WINDOWS\system32\napinsp.dll
0x00007ffa6af80000 - 0x00007ffa6af93000 	C:\WINDOWS\System32\winrnr.dll
0x00007ffa6af50000 - 0x00007ffa6af72000 	C:\WINDOWS\system32\nlansp_c.dll
0x00007ffa6af30000 - 0x00007ffa6af46000 	C:\WINDOWS\system32\wshbth.dll
0x00007ffa81f00000 - 0x00007ffa81f0b000 	C:\Windows\System32\rasadhlp.dll
0x00007ffa85650000 - 0x00007ffa856d6000 	C:\WINDOWS\System32\fwpuclnt.dll
0x00007ffa8b580000 - 0x00007ffa8b7c2000 	C:\WINDOWS\SYSTEM32\dbghelp.dll

VM Arguments:
jvm_args: -Dfile.encoding=UTF-8 -Dosgi.requiredJavaVersion=1.8 -Dosgi.instance.area.default=@user.home/eclipse-workspace -XX:+UseG1GC -XX:+UseStringDeduplication -Dosgi.requiredJavaVersion=1.8 -Dosgi.dataAreaRequiresExplicitInit=true -Xms256m -Xmx2048m -javaagent:C:\eGovFrameDev-3.10.0-64bit\eclipse\lombok.jar 
java_command: <unknown>
java_class_path (initial): C:\eGovFrameDev-3.10.0-64bit\eclipse\\plugins/org.eclipse.equinox.launcher_1.5.700.v20200207-2156.jar;C:\eGovFrameDev-3.10.0-64bit\eclipse\lombok.jar
Launcher Type: generic

Environment Variables:
PATH=C:/Program Files/Java/jre-1.8/bin/server;C:/Program Files/Java/jre-1.8/bin;C:/Program Files/Java/jre-1.8/lib/amd64;C:\Program Files\Common Files\Oracle\Java\javapath;C:\Program Files (x86)\Common Files\Oracle\Java\java8path;C:\Program Files (x86)\Common Files\Oracle\Java\javapath;C:\WINDOWS\system32;C:\WINDOWS;C:\WINDOWS\System32\Wbem;C:\WINDOWS\System32\WindowsPowerShell\v1.0\;C:\WINDOWS\System32\OpenSSH\;C:\Program Files\Microsoft SQL Server\150\Tools\Binn\;C:\Program Files\dotnet\;C:\Program Files\nodejs\;C:\Program Files\Git\cmd;C:\Java\java-1.8.0-openjdk-1.8.0.332-1.b09.ojdkbuild.windows.x86_64\bin;C:\Program Files\Microsoft SQL Server\170\Tools\Binn\;C:\Program Files\Docker\Docker\resources\bin;C:\Program Files\Microsoft SQL Server\Client SDK\ODBC\170\Tools\Binn\;C:\Users\이근형\AppData\Local\Programs\Python\Python313\Scripts\;C:\Users\이근형\AppData\Local\Programs\Python\Python313\;C:\Users\이근형\AppData\Local\Microsoft\WindowsApps;C:\Users\이근형\AppData\Local\Programs\Microsoft VS Code\bin;C:\Program Files\Java\jdk-17\bin;C:\Program Files\JetBrains\IntelliJ IDEA Community Edition 2025.1.2\bin;;C:\Users\이근형\AppData\Roaming\npm;C:\msys64\ucrt64\bin;C:\Users\이근형\AppData\Local\GitHubDesktop\bin;C:\Users\이근형\.dotnet\tools;C:\eGovFrameDev-3.10.0-64bit\eclipse;
USERNAME=이근형
OS=Windows_NT
PROCESSOR_IDENTIFIER=Intel64 Family 6 Model 186 Stepping 2, GenuineIntel



---------------  S Y S T E M  ---------------

OS: Windows 11 , 64 bit Build 26100 (10.0.26100.8328)

CPU:total 16 (initial active 16) (8 cores per cpu, 2 threads per core) family 6 model 186 stepping 2, cmov, cx8, fxsr, mmx, sse, sse2, sse3, ssse3, sse4.1, sse4.2, popcnt, avx, avx2, aes, clmul, erms, 3dnowpref, lzcnt, ht, tsc, tscinvbit, bmi1, bmi2, adx

Memory: 4k page, physical 16452468k(2036872k free), swap 29035380k(3172k free)

vm_info: Java HotSpot(TM) 64-Bit Server VM (25.411-b09) for windows-amd64 JRE (1.8.0_411-b09), built on Mar 13 2024 07:26:13 by "java_re" with MS VC++ 17.1 (VS2022)

time: Thu Jun  4 13:45:00 2026
timezone: Intel64 Family 6 Model 186 Stepping 2, GenuineIntel
elapsed time: 29.713761 seconds (0d 0h 0m 29s)

