#
# There is insufficient memory for the Java Runtime Environment to continue.
# Native memory allocation (malloc) failed to allocate 1267184 bytes for Chunk::new
# Possible reasons:
#   The system is out of physical RAM or swap space
#   The process is running with CompressedOops enabled, and the Java Heap may be blocking the growth of the native heap
# Possible solutions:
#   Reduce memory load on the system
#   Increase physical memory or swap space
#   Check if swap backing store is full
#   Decrease Java heap size (-Xmx/-Xms)
#   Decrease number of Java threads
#   Decrease Java thread stack sizes (-Xss)
#   Set larger code cache with -XX:ReservedCodeCacheSize=
#   JVM is running with Unscaled Compressed Oops mode in which the Java heap is
#     placed in the first 4GB address space. The Java Heap base address is the
#     maximum limit for the native heap growth. Please use -XX:HeapBaseMinAddress
#     to set the Java Heap base and to place the Java Heap above 4GB virtual address.
# This output file may be truncated or incomplete.
#
#  Out of Memory Error (allocation.cpp:389), pid=39828, tid=0x000000000000a35c
#
# JRE version: Java(TM) SE Runtime Environment (8.0_411) (build 1.8.0_411-b09)
# Java VM: Java HotSpot(TM) 64-Bit Server VM (25.411-b09 mixed mode windows-amd64 compressed oops)
# Failed to write core dump. Minidumps are not enabled by default on client versions of Windows
#

---------------  T H R E A D  ---------------

Current thread (0x000000001e208800):  JavaThread "C2 CompilerThread6" daemon [_thread_in_native, id=41820, stack(0x000000001fd80000,0x000000001fe80000)]

Stack: [0x000000001fd80000,0x000000001fe80000]
Native frames: (J=compiled Java code, j=interpreted, Vv=VM code, C=native code)
V  [jvm.dll+0x3540d9]
V  [jvm.dll+0x291062]
V  [jvm.dll+0x291c2d]
V  [jvm.dll+0x286265]
V  [jvm.dll+0xdb87c]
V  [jvm.dll+0xdc08c]
V  [jvm.dll+0x49da1c]
V  [jvm.dll+0x461193]
V  [jvm.dll+0x46a29f]
V  [jvm.dll+0x469699]
V  [jvm.dll+0x4533cc]
V  [jvm.dll+0xb0626]
V  [jvm.dll+0xaecff]
V  [jvm.dll+0x252182]
V  [jvm.dll+0x2adb2c]
C  [ucrtbase.dll+0x37b0]
C  [KERNEL32.DLL+0x2e957]
C  [ntdll.dll+0x427c]


Current CompileTask:
C2:  32619 17273       4       org.eclipse.emf.ecore.util.BasicExtendedMetaData::getAffiliation (327 bytes)


---------------  P R O C E S S  ---------------

Java Threads: ( => current thread )
  0x00000000371f8000 JavaThread "Worker-43" [_thread_blocked, id=12532, stack(0x0000000039720000,0x0000000039820000)]
  0x00000000371f3000 JavaThread "Worker-42" [_thread_blocked, id=39136, stack(0x000000003a3a0000,0x000000003a4a0000)]
  0x00000000371f3800 JavaThread "Worker-41" [_thread_blocked, id=12840, stack(0x000000003a2a0000,0x000000003a3a0000)]
  0x00000000371f4800 JavaThread "Worker-40" [_thread_blocked, id=38184, stack(0x000000003a1a0000,0x000000003a2a0000)]
  0x0000000036f79800 JavaThread "Worker-39" [_thread_blocked, id=27772, stack(0x000000003a0a0000,0x000000003a1a0000)]
  0x0000000036f7a800 JavaThread "Worker-38" [_thread_blocked, id=6776, stack(0x0000000039e90000,0x0000000039f90000)]
  0x0000000036f78000 JavaThread "Worker-37" [_thread_blocked, id=8700, stack(0x0000000039fa0000,0x000000003a0a0000)]
  0x0000000036f79000 JavaThread "Worker-36" [_thread_blocked, id=17544, stack(0x0000000039c90000,0x0000000039d90000)]
  0x0000000036f74800 JavaThread "Worker-35" [_thread_blocked, id=28064, stack(0x0000000039b90000,0x0000000039c90000)]
  0x0000000036f75000 JavaThread "Worker-34" [_thread_blocked, id=39464, stack(0x0000000039a90000,0x0000000039b90000)]
  0x0000000036f76000 JavaThread "Worker-33" [_thread_blocked, id=41652, stack(0x0000000039990000,0x0000000039a90000)]
  0x0000000036f77800 JavaThread "Worker-32" [_thread_blocked, id=41808, stack(0x0000000039890000,0x0000000039990000)]
  0x0000000036f76800 JavaThread "Worker-31" [_thread_blocked, id=15004, stack(0x0000000039620000,0x0000000039720000)]
  0x0000000036f73800 JavaThread "Worker-30" [_thread_blocked, id=41328, stack(0x0000000039520000,0x0000000039620000)]
  0x0000000036f70800 JavaThread "Worker-29" [_thread_blocked, id=39348, stack(0x0000000039420000,0x0000000039520000)]
  0x0000000036f73000 JavaThread "Worker-28" [_thread_blocked, id=33464, stack(0x0000000039320000,0x0000000039420000)]
  0x0000000036f6d000 JavaThread "Worker-27" [_thread_blocked, id=41604, stack(0x00000000390d0000,0x00000000391d0000)]
  0x0000000036f70000 JavaThread "Worker-26" [_thread_blocked, id=41632, stack(0x0000000039220000,0x0000000039320000)]
  0x0000000036f6f000 JavaThread "Worker-25" [_thread_blocked, id=37652, stack(0x0000000038fd0000,0x00000000390d0000)]
  0x0000000036f6e800 JavaThread "Worker-24" [_thread_blocked, id=35352, stack(0x0000000038ed0000,0x0000000038fd0000)]
  0x0000000036f6b800 JavaThread "Worker-23" [_thread_blocked, id=27908, stack(0x0000000038cb0000,0x0000000038db0000)]
  0x0000000036f6d800 JavaThread "Worker-22" [_thread_blocked, id=3852, stack(0x0000000038dd0000,0x0000000038ed0000)]
  0x0000000036f6c000 JavaThread "Worker-21" [_thread_blocked, id=3188, stack(0x0000000038bb0000,0x0000000038cb0000)]
  0x00000000295eb800 JavaThread "Worker-20" [_thread_blocked, id=41596, stack(0x0000000038ab0000,0x0000000038bb0000)]
  0x00000000295e5800 JavaThread "Worker-19" [_thread_blocked, id=22596, stack(0x00000000389b0000,0x0000000038ab0000)]
  0x000000002b1c7000 JavaThread "Worker-18" [_thread_blocked, id=36084, stack(0x00000000388b0000,0x00000000389b0000)]
  0x000000002b1c4800 JavaThread "Worker-17" [_thread_blocked, id=7832, stack(0x0000000038600000,0x0000000038700000)]
  0x00000000218ea000 JavaThread "Worker-16" [_thread_blocked, id=9640, stack(0x0000000038500000,0x0000000038600000)]
  0x00000000218e0800 JavaThread "Worker-15" [_thread_blocked, id=40676, stack(0x00000000387b0000,0x00000000388b0000)]
  0x00000000203ea800 JavaThread "Timer-3" [_thread_blocked, id=23064, stack(0x0000000034c20000,0x0000000034d20000)]
  0x00000000203e6000 JavaThread "FileStoreAttributeReader-1" daemon [_thread_blocked, id=41672, stack(0x0000000035e20000,0x0000000035f20000)]
  0x00000000295f2000 JavaThread "pool-4-thread-1" [_thread_blocked, id=39600, stack(0x0000000036330000,0x0000000036430000)]
  0x00000000295ea800 JavaThread "pool-3-thread-1" [_thread_blocked, id=37160, stack(0x0000000035fb0000,0x00000000360b0000)]
  0x00000000218ed000 JavaThread "Worker-14" [_thread_blocked, id=41036, stack(0x0000000035220000,0x0000000035320000)]
  0x00000000218e9800 JavaThread "Worker-13" [_thread_blocked, id=13696, stack(0x0000000035120000,0x0000000035220000)]
  0x00000000218ec800 JavaThread "Worker-12" [_thread_blocked, id=42468, stack(0x0000000035020000,0x0000000035120000)]
  0x00000000218e8800 JavaThread "Worker-11" [_thread_blocked, id=42228, stack(0x0000000034f20000,0x0000000035020000)]
  0x00000000218eb000 JavaThread "Worker-10" [_thread_blocked, id=25572, stack(0x0000000034e20000,0x0000000034f20000)]
  0x00000000218eb800 JavaThread "Worker-9" [_thread_blocked, id=42920, stack(0x0000000034d20000,0x0000000034e20000)]
  0x00000000218e8000 JavaThread "Worker-8: Initializing Spring Xml Namespace Tooling" [_thread_in_native, id=33448, stack(0x0000000034b20000,0x0000000034c20000)]
  0x00000000218e6800 JavaThread "Worker-7: Computing Git status for repository eGovFrameDev-3.10.0-64bit" [_thread_blocked, id=9808, stack(0x0000000034a20000,0x0000000034b20000)]
  0x00000000218e4000 JavaThread "Worker-6" [_thread_blocked, id=10340, stack(0x0000000034920000,0x0000000034a20000)]
  0x00000000218e7000 JavaThread "Worker-5: Publishing to server B..." [_thread_blocked, id=42968, stack(0x0000000034820000,0x0000000034920000)]
  0x00000000218e5800 JavaThread "Worker-4: Publishing to server A..." [_thread_blocked, id=42964, stack(0x0000000034720000,0x0000000034820000)]
  0x00000000218e5000 JavaThread "Worker-3: Computing Git status for repository eduHub" [_thread_blocked, id=42956, stack(0x0000000034620000,0x0000000034720000)]
  0x00000000218e3800 JavaThread "Worker-2: Setup check" [_thread_in_native, id=42960, stack(0x0000000034520000,0x0000000034620000)]
  0x00000000218df800 JavaThread "Worker-1" [_thread_blocked, id=28100, stack(0x0000000034420000,0x0000000034520000)]
  0x00000000218e2800 JavaThread "EventAdmin Async Event Dispatcher Thread" daemon [_thread_blocked, id=7912, stack(0x0000000034320000,0x0000000034420000)]
  0x00000000230da000 JavaThread "ForkJoinPool.commonPool-worker-9" daemon [_thread_blocked, id=39548, stack(0x000000002c830000,0x000000002c930000)]
  0x00000000230d6000 JavaThread "org.eclipse.wst.sse.ui.internal.reconcile.StructuredRegionProcessor" daemon [_thread_blocked, id=37360, stack(0x0000000032730000,0x0000000032830000)]
  0x00000000230d8800 JavaThread "org.eclipse.jdt.internal.ui.text.JavaReconciler" daemon [_thread_blocked, id=38676, stack(0x000000002ed50000,0x000000002ee50000)]
  0x00000000230d3000 JavaThread "Java indexing" daemon [_thread_blocked, id=39684, stack(0x000000002df90000,0x000000002e090000)]
  0x0000000022521000 JavaThread "Git Repository Closer" daemon [_thread_blocked, id=36400, stack(0x0000000025f60000,0x0000000026060000)]
  0x000000002251f000 JavaThread "Bundle File Closer" daemon [_thread_blocked, id=41152, stack(0x0000000024750000,0x0000000024850000)]
  0x000000002251d800 JavaThread "Worker-0: Refreshing workspace" [_thread_blocked, id=28272, stack(0x0000000025400000,0x0000000025500000)]
  0x000000002251e800 JavaThread "Gogo shell" [_thread_blocked, id=42752, stack(0x0000000024850000,0x0000000024950000)]
  0x0000000022367000 JavaThread "EMF Reference Cleaner" daemon [_thread_blocked, id=32784, stack(0x0000000024450000,0x0000000024550000)]
  0x00000000224ce000 JavaThread "Worker-JM" [_thread_blocked, id=22144, stack(0x0000000024350000,0x0000000024450000)]
  0x0000000020fa6000 JavaThread "SCR Component Actor" daemon [_thread_blocked, id=15228, stack(0x0000000023bf0000,0x0000000023cf0000)]
  0x0000000021271000 JavaThread "Start Level: Equinox Container: a618462d-9321-47b6-86a8-dfb3460ec05e" daemon [_thread_blocked, id=43004, stack(0x0000000022920000,0x0000000022a20000)]
  0x0000000020e70000 JavaThread "Framework Event Dispatcher: Equinox Container: a618462d-9321-47b6-86a8-dfb3460ec05e" daemon [_thread_blocked, id=39288, stack(0x0000000022820000,0x0000000022920000)]
  0x0000000021827000 JavaThread "Active Thread: Equinox Container: a618462d-9321-47b6-86a8-dfb3460ec05e" [_thread_blocked, id=38612, stack(0x0000000022720000,0x0000000022820000)]
  0x00000000204b4000 JavaThread "Service Thread" daemon [_thread_blocked, id=32164, stack(0x0000000021350000,0x0000000021450000)]
  0x000000001e285800 JavaThread "C1 CompilerThread11" daemon [_thread_blocked, id=34088, stack(0x0000000020280000,0x0000000020380000)]
  0x000000001e242800 JavaThread "C1 CompilerThread10" daemon [_thread_blocked, id=31348, stack(0x0000000020180000,0x0000000020280000)]
  0x000000001e23a000 JavaThread "C1 CompilerThread9" daemon [_thread_blocked, id=40256, stack(0x0000000020080000,0x0000000020180000)]
  0x000000001e235000 JavaThread "C1 CompilerThread8" daemon [_thread_blocked, id=39792, stack(0x000000001ff80000,0x0000000020080000)]
  0x000000001e221800 JavaThread "C2 CompilerThread7" daemon [_thread_in_native, id=26196, stack(0x000000001fe80000,0x000000001ff80000)]
=>0x000000001e208800 JavaThread "C2 CompilerThread6" daemon [_thread_in_native, id=41820, stack(0x000000001fd80000,0x000000001fe80000)]
  0x000000001e1f3800 JavaThread "C2 CompilerThread5" daemon [_thread_blocked, id=36752, stack(0x000000001fc80000,0x000000001fd80000)]
  0x000000001e1d8800 JavaThread "C2 CompilerThread4" daemon [_thread_blocked, id=7576, stack(0x000000001fb80000,0x000000001fc80000)]
  0x000000001e189000 JavaThread "C2 CompilerThread3" daemon [_thread_blocked, id=12440, stack(0x000000001fa80000,0x000000001fb80000)]
  0x000000001e186800 JavaThread "C2 CompilerThread2" daemon [_thread_in_native, id=39276, stack(0x000000001f980000,0x000000001fa80000)]
  0x000000001e1ca000 JavaThread "C2 CompilerThread1" daemon [_thread_in_native, id=4764, stack(0x000000001f880000,0x000000001f980000)]
  0x000000001e180800 JavaThread "C2 CompilerThread0" daemon [_thread_in_native, id=16428, stack(0x000000001f780000,0x000000001f880000)]
  0x000000001e0f9000 JavaThread "Attach Listener" daemon [_thread_blocked, id=11692, stack(0x000000001f680000,0x000000001f780000)]
  0x000000001e0f8000 JavaThread "Signal Dispatcher" daemon [_thread_blocked, id=42344, stack(0x000000001f580000,0x000000001f680000)]
  0x000000001e0f7000 JavaThread "Surrogate Locker Thread (Concurrent GC)" daemon [_thread_blocked, id=41448, stack(0x000000001f480000,0x000000001f580000)]
  0x000000001e07a800 JavaThread "Finalizer" daemon [_thread_blocked, id=40884, stack(0x000000001f2e0000,0x000000001f3e0000)]
  0x000000001e072000 JavaThread "Reference Handler" daemon [_thread_blocked, id=15780, stack(0x000000001f1e0000,0x000000001f2e0000)]
  0x0000000000c7e800 JavaThread "main" [_thread_in_native, id=27388, stack(0x00000000006b0000,0x00000000007b0000)]

Other Threads:
  0x000000001e050800 VMThread [stack: 0x000000001f0e0000,0x000000001f1e0000] [id=41064]
  0x00000000204e9800 WatcherThread [stack: 0x0000000021450000,0x0000000021550000] [id=16508]

VM state:not at safepoint (normal execution)

VM Mutex/Monitor currently owned by a thread: None

heap address: 0x0000000080000000, size: 2048 MB, Compressed Oops mode: 32-bit
Narrow klass base: 0x0000000000000000, Narrow klass shift: 3
Compressed class space size: 1073741824 Address: 0x0000000100000000

Heap:
 garbage-first heap   total 839680K, used 438365K [0x0000000080000000, 0x00000000801019a0, 0x0000000100000000)
  region size 1024K, 251 young (257024K), 47 survivors (48128K)
 Metaspace       used 131625K, capacity 144766K, committed 144844K, reserved 1173504K
  class space    used 16925K, capacity 20362K, committed 20428K, reserved 1048576K

Heap Regions: (E=young(eden), S=young(survivor), O=old, HS=humongous(starts), HC=humongous(continues), CS=collection set, F=free, TS=gc time stamp, PTAMS=previous top-at-mark-start, NTAMS=next top-at-mark-start)
AC   0  O    TS     0 PTAMS 0x0000000080100000 NTAMS 0x0000000080100000 space 1024K, 100% used [0x0000000080000000, 0x0000000080100000)
AC   0  O    TS     0 PTAMS 0x0000000080200000 NTAMS 0x0000000080200000 space 1024K, 100% used [0x0000000080100000, 0x0000000080200000)
AC   0  O    TS     0 PTAMS 0x0000000080300000 NTAMS 0x0000000080300000 space 1024K, 100% used [0x0000000080200000, 0x0000000080300000)
AC   0  O    TS     0 PTAMS 0x0000000080400000 NTAMS 0x0000000080400000 space 1024K, 100% used [0x0000000080300000, 0x0000000080400000)
AC   0  O    TS     0 PTAMS 0x0000000080500000 NTAMS 0x0000000080500000 space 1024K, 100% used [0x0000000080400000, 0x0000000080500000)
AC   0  O    TS     0 PTAMS 0x0000000080600000 NTAMS 0x0000000080600000 space 1024K, 100% used [0x0000000080500000, 0x0000000080600000)
AC   0  O    TS     0 PTAMS 0x0000000080700000 NTAMS 0x0000000080700000 space 1024K, 100% used [0x0000000080600000, 0x0000000080700000)
AC   0  O    TS     0 PTAMS 0x0000000080800000 NTAMS 0x0000000080800000 space 1024K, 100% used [0x0000000080700000, 0x0000000080800000)
AC   0  O    TS     0 PTAMS 0x0000000080900000 NTAMS 0x0000000080900000 space 1024K, 100% used [0x0000000080800000, 0x0000000080900000)
AC   0  O    TS     0 PTAMS 0x0000000080a00000 NTAMS 0x0000000080a00000 space 1024K, 100% used [0x0000000080900000, 0x0000000080a00000)
AC   0  O    TS     0 PTAMS 0x0000000080b00000 NTAMS 0x0000000080b00000 space 1024K, 100% used [0x0000000080a00000, 0x0000000080b00000)
AC   0  O    TS     0 PTAMS 0x0000000080c00000 NTAMS 0x0000000080c00000 space 1024K, 100% used [0x0000000080b00000, 0x0000000080c00000)
AC   0  O    TS     0 PTAMS 0x0000000080d00000 NTAMS 0x0000000080d00000 space 1024K, 100% used [0x0000000080c00000, 0x0000000080d00000)
AC   0  O    TS     0 PTAMS 0x0000000080e00000 NTAMS 0x0000000080e00000 space 1024K, 100% used [0x0000000080d00000, 0x0000000080e00000)
AC   0  O    TS     0 PTAMS 0x0000000080f00000 NTAMS 0x0000000080f00000 space 1024K, 100% used [0x0000000080e00000, 0x0000000080f00000)
AC   0  O    TS     0 PTAMS 0x0000000081000000 NTAMS 0x0000000081000000 space 1024K, 100% used [0x0000000080f00000, 0x0000000081000000)
AC   0  O    TS     0 PTAMS 0x0000000081100000 NTAMS 0x0000000081100000 space 1024K, 100% used [0x0000000081000000, 0x0000000081100000)
AC   0  O    TS     0 PTAMS 0x0000000081200000 NTAMS 0x0000000081200000 space 1024K, 100% used [0x0000000081100000, 0x0000000081200000)
AC   0  O    TS     0 PTAMS 0x0000000081300000 NTAMS 0x0000000081300000 space 1024K, 100% used [0x0000000081200000, 0x0000000081300000)
AC   0  O    TS     0 PTAMS 0x0000000081400000 NTAMS 0x0000000081400000 space 1024K, 100% used [0x0000000081300000, 0x0000000081400000)
AC   0  O    TS     0 PTAMS 0x0000000081500000 NTAMS 0x0000000081500000 space 1024K, 100% used [0x0000000081400000, 0x0000000081500000)
AC   0  O    TS     0 PTAMS 0x0000000081600000 NTAMS 0x0000000081600000 space 1024K, 100% used [0x0000000081500000, 0x0000000081600000)
AC   0  O    TS     0 PTAMS 0x0000000081700000 NTAMS 0x0000000081700000 space 1024K, 100% used [0x0000000081600000, 0x0000000081700000)
AC   0  O    TS     0 PTAMS 0x0000000081800000 NTAMS 0x0000000081800000 space 1024K, 100% used [0x0000000081700000, 0x0000000081800000)
AC   0  O    TS     0 PTAMS 0x0000000081900000 NTAMS 0x0000000081900000 space 1024K, 100% used [0x0000000081800000, 0x0000000081900000)
AC   0  O    TS     5 PTAMS 0x0000000081900000 NTAMS 0x0000000081900000 space 1024K, 100% used [0x0000000081900000, 0x0000000081a00000)
AC   0  O    TS     0 PTAMS 0x0000000081b00000 NTAMS 0x0000000081b00000 space 1024K, 100% used [0x0000000081a00000, 0x0000000081b00000)
AC   0  O    TS     0 PTAMS 0x0000000081c00000 NTAMS 0x0000000081c00000 space 1024K, 100% used [0x0000000081b00000, 0x0000000081c00000)
AC   0  O    TS     0 PTAMS 0x0000000081d00000 NTAMS 0x0000000081d00000 space 1024K, 100% used [0x0000000081c00000, 0x0000000081d00000)
AC   0  O    TS     0 PTAMS 0x0000000081e00000 NTAMS 0x0000000081e00000 space 1024K, 100% used [0x0000000081d00000, 0x0000000081e00000)
AC   0  O    TS     0 PTAMS 0x0000000081f00000 NTAMS 0x0000000081f00000 space 1024K, 100% used [0x0000000081e00000, 0x0000000081f00000)
AC   0  O    TS     0 PTAMS 0x0000000082000000 NTAMS 0x0000000082000000 space 1024K, 100% used [0x0000000081f00000, 0x0000000082000000)
AC   0  O    TS     0 PTAMS 0x0000000082100000 NTAMS 0x0000000082100000 space 1024K, 100% used [0x0000000082000000, 0x0000000082100000)
AC   0  O    TS     0 PTAMS 0x0000000082200000 NTAMS 0x0000000082200000 space 1024K, 100% used [0x0000000082100000, 0x0000000082200000)
AC   0  O    TS     0 PTAMS 0x0000000082300000 NTAMS 0x0000000082300000 space 1024K, 100% used [0x0000000082200000, 0x0000000082300000)
AC   0  O    TS     0 PTAMS 0x0000000082400000 NTAMS 0x0000000082400000 space 1024K, 100% used [0x0000000082300000, 0x0000000082400000)
AC   0  O    TS     0 PTAMS 0x0000000082500000 NTAMS 0x0000000082500000 space 1024K, 100% used [0x0000000082400000, 0x0000000082500000)
AC   0  O    TS     0 PTAMS 0x0000000082600000 NTAMS 0x0000000082600000 space 1024K, 100% used [0x0000000082500000, 0x0000000082600000)
AC   0  O    TS     0 PTAMS 0x0000000082700000 NTAMS 0x0000000082700000 space 1024K, 100% used [0x0000000082600000, 0x0000000082700000)
AC   0  O    TS     0 PTAMS 0x0000000082800000 NTAMS 0x0000000082800000 space 1024K, 100% used [0x0000000082700000, 0x0000000082800000)
AC   0  O    TS     0 PTAMS 0x0000000082900000 NTAMS 0x0000000082900000 space 1024K, 100% used [0x0000000082800000, 0x0000000082900000)
AC   0  O    TS     0 PTAMS 0x0000000082a00000 NTAMS 0x0000000082a00000 space 1024K, 100% used [0x0000000082900000, 0x0000000082a00000)
AC   0  O    TS     0 PTAMS 0x0000000082b00000 NTAMS 0x0000000082b00000 space 1024K, 100% used [0x0000000082a00000, 0x0000000082b00000)
AC   0  O    TS     0 PTAMS 0x0000000082c00000 NTAMS 0x0000000082c00000 space 1024K, 100% used [0x0000000082b00000, 0x0000000082c00000)
AC   0  O    TS     0 PTAMS 0x0000000082d00000 NTAMS 0x0000000082d00000 space 1024K, 100% used [0x0000000082c00000, 0x0000000082d00000)
AC   0  O    TS     0 PTAMS 0x0000000082e00000 NTAMS 0x0000000082e00000 space 1024K, 100% used [0x0000000082d00000, 0x0000000082e00000)
AC   0  O    TS     0 PTAMS 0x0000000082f00000 NTAMS 0x0000000082f00000 space 1024K, 100% used [0x0000000082e00000, 0x0000000082f00000)
AC   0  O    TS     0 PTAMS 0x0000000083000000 NTAMS 0x0000000083000000 space 1024K, 100% used [0x0000000082f00000, 0x0000000083000000)
AC   0  O    TS     5 PTAMS 0x0000000083000000 NTAMS 0x0000000083000000 space 1024K, 100% used [0x0000000083000000, 0x0000000083100000)
AC   0  O    TS     0 PTAMS 0x0000000083200000 NTAMS 0x0000000083200000 space 1024K, 100% used [0x0000000083100000, 0x0000000083200000)
AC   0 HS    TS     0 PTAMS 0x0000000083355660 NTAMS 0x0000000083355660 space 2048K,  66% used [0x0000000083200000, 0x0000000083400000)
AC   0 HC    TS     0 PTAMS 0x0000000083300000 NTAMS 0x0000000083300000 space 1024K,  33% used [0x0000000083300000, 0x0000000083400000)
AC   0  O    TS     5 PTAMS 0x0000000083400000 NTAMS 0x0000000083400000 space 1024K, 100% used [0x0000000083400000, 0x0000000083500000)
AC   0  O    TS     0 PTAMS 0x0000000083600000 NTAMS 0x0000000083600000 space 1024K, 100% used [0x0000000083500000, 0x0000000083600000)
AC   0  O    TS     0 PTAMS 0x0000000083700000 NTAMS 0x0000000083700000 space 1024K, 100% used [0x0000000083600000, 0x0000000083700000)
AC   0  O    TS     0 PTAMS 0x0000000083800000 NTAMS 0x0000000083800000 space 1024K, 100% used [0x0000000083700000, 0x0000000083800000)
AC   0  O    TS     0 PTAMS 0x0000000083900000 NTAMS 0x0000000083900000 space 1024K, 100% used [0x0000000083800000, 0x0000000083900000)
AC   0  O    TS     0 PTAMS 0x0000000083a00000 NTAMS 0x0000000083a00000 space 1024K, 100% used [0x0000000083900000, 0x0000000083a00000)
AC   0  O    TS     0 PTAMS 0x0000000083b00000 NTAMS 0x0000000083b00000 space 1024K, 100% used [0x0000000083a00000, 0x0000000083b00000)
AC   0  O    TS     0 PTAMS 0x0000000083c00000 NTAMS 0x0000000083c00000 space 1024K, 100% used [0x0000000083b00000, 0x0000000083c00000)
AC   0  O    TS     0 PTAMS 0x0000000083d00000 NTAMS 0x0000000083d00000 space 1024K, 100% used [0x0000000083c00000, 0x0000000083d00000)
AC   0  O    TS     0 PTAMS 0x0000000083e00000 NTAMS 0x0000000083e00000 space 1024K, 100% used [0x0000000083d00000, 0x0000000083e00000)
AC   0  O    TS     0 PTAMS 0x0000000083f00000 NTAMS 0x0000000083f00000 space 1024K, 100% used [0x0000000083e00000, 0x0000000083f00000)
AC   0  O    TS     0 PTAMS 0x0000000084000000 NTAMS 0x0000000084000000 space 1024K, 100% used [0x0000000083f00000, 0x0000000084000000)
AC   0  O    TS     0 PTAMS 0x0000000084100000 NTAMS 0x0000000084100000 space 1024K, 100% used [0x0000000084000000, 0x0000000084100000)
AC   0  O    TS     0 PTAMS 0x0000000084200000 NTAMS 0x0000000084200000 space 1024K, 100% used [0x0000000084100000, 0x0000000084200000)
AC   0  O    TS     0 PTAMS 0x0000000084300000 NTAMS 0x0000000084300000 space 1024K, 100% used [0x0000000084200000, 0x0000000084300000)
AC   0  O    TS     0 PTAMS 0x0000000084400000 NTAMS 0x0000000084400000 space 1024K, 100% used [0x0000000084300000, 0x0000000084400000)
AC   0  O    TS     0 PTAMS 0x0000000084500000 NTAMS 0x0000000084500000 space 1024K, 100% used [0x0000000084400000, 0x0000000084500000)
AC   0  O    TS     0 PTAMS 0x0000000084600000 NTAMS 0x0000000084600000 space 1024K, 100% used [0x0000000084500000, 0x0000000084600000)
AC   0  O    TS     0 PTAMS 0x0000000084700000 NTAMS 0x0000000084700000 space 1024K, 100% used [0x0000000084600000, 0x0000000084700000)
AC   0 HS    TS     0 PTAMS 0x0000000084800010 NTAMS 0x0000000084800010 space 2048K,  50% used [0x0000000084700000, 0x0000000084900000)
AC   0 HC    TS     0 PTAMS 0x0000000084800000 NTAMS 0x0000000084800000 space 1024K,   0% used [0x0000000084800000, 0x0000000084900000)
AC   0  O    TS     0 PTAMS 0x0000000084a00000 NTAMS 0x0000000084a00000 space 1024K, 100% used [0x0000000084900000, 0x0000000084a00000)
AC   0  O    TS     0 PTAMS 0x0000000084b00000 NTAMS 0x0000000084b00000 space 1024K, 100% used [0x0000000084a00000, 0x0000000084b00000)
AC   0  O    TS     0 PTAMS 0x0000000084c00000 NTAMS 0x0000000084c00000 space 1024K, 100% used [0x0000000084b00000, 0x0000000084c00000)
AC   0  O    TS     0 PTAMS 0x0000000084d00000 NTAMS 0x0000000084d00000 space 1024K, 100% used [0x0000000084c00000, 0x0000000084d00000)
AC   0  O    TS     0 PTAMS 0x0000000084e00000 NTAMS 0x0000000084e00000 space 1024K, 100% used [0x0000000084d00000, 0x0000000084e00000)
AC   0  O    TS     0 PTAMS 0x0000000084f00000 NTAMS 0x0000000084f00000 space 1024K, 100% used [0x0000000084e00000, 0x0000000084f00000)
AC   0  O    TS     0 PTAMS 0x0000000085000000 NTAMS 0x0000000085000000 space 1024K, 100% used [0x0000000084f00000, 0x0000000085000000)
AC   0  O    TS     0 PTAMS 0x0000000085100000 NTAMS 0x0000000085100000 space 1024K, 100% used [0x0000000085000000, 0x0000000085100000)
AC   0  O    TS     0 PTAMS 0x0000000085200000 NTAMS 0x0000000085200000 space 1024K, 100% used [0x0000000085100000, 0x0000000085200000)
AC   0  O    TS     0 PTAMS 0x0000000085300000 NTAMS 0x0000000085300000 space 1024K, 100% used [0x0000000085200000, 0x0000000085300000)
AC   0  O    TS     0 PTAMS 0x0000000085400000 NTAMS 0x0000000085400000 space 1024K, 100% used [0x0000000085300000, 0x0000000085400000)
AC   0  O    TS     0 PTAMS 0x0000000085500000 NTAMS 0x0000000085500000 space 1024K, 100% used [0x0000000085400000, 0x0000000085500000)
AC   0  O    TS     0 PTAMS 0x0000000085600000 NTAMS 0x0000000085600000 space 1024K, 100% used [0x0000000085500000, 0x0000000085600000)
AC   0  O    TS     0 PTAMS 0x0000000085700000 NTAMS 0x0000000085700000 space 1024K, 100% used [0x0000000085600000, 0x0000000085700000)
AC   0  O    TS     0 PTAMS 0x0000000085800000 NTAMS 0x0000000085800000 space 1024K, 100% used [0x0000000085700000, 0x0000000085800000)
AC   0  O    TS     0 PTAMS 0x0000000085900000 NTAMS 0x0000000085900000 space 1024K, 100% used [0x0000000085800000, 0x0000000085900000)
AC   0  O    TS     0 PTAMS 0x0000000085a00000 NTAMS 0x0000000085a00000 space 1024K, 100% used [0x0000000085900000, 0x0000000085a00000)
AC   0 HS    TS     0 PTAMS 0x0000000085be91d0 NTAMS 0x0000000085be91d0 space 2048K,  95% used [0x0000000085a00000, 0x0000000085c00000)
AC   0 HC    TS     0 PTAMS 0x0000000085b00000 NTAMS 0x0000000085b00000 space 1024K,  91% used [0x0000000085b00000, 0x0000000085c00000)
AC   0  O    TS     0 PTAMS 0x0000000085d00000 NTAMS 0x0000000085d00000 space 1024K, 100% used [0x0000000085c00000, 0x0000000085d00000)
AC   0  O    TS     0 PTAMS 0x0000000085e00000 NTAMS 0x0000000085e00000 space 1024K, 100% used [0x0000000085d00000, 0x0000000085e00000)
AC   0  O    TS     1 PTAMS 0x0000000085e00000 NTAMS 0x0000000085e00000 space 1024K, 100% used [0x0000000085e00000, 0x0000000085f00000)
AC   0  O    TS     0 PTAMS 0x0000000086000000 NTAMS 0x0000000086000000 space 1024K, 100% used [0x0000000085f00000, 0x0000000086000000)
AC   0  O    TS     0 PTAMS 0x0000000086100000 NTAMS 0x0000000086100000 space 1024K, 100% used [0x0000000086000000, 0x0000000086100000)
AC   0  O    TS     0 PTAMS 0x0000000086200000 NTAMS 0x0000000086200000 space 1024K, 100% used [0x0000000086100000, 0x0000000086200000)
AC   0  O    TS     0 PTAMS 0x0000000086300000 NTAMS 0x0000000086300000 space 1024K, 100% used [0x0000000086200000, 0x0000000086300000)
AC   0 HS    TS     0 PTAMS 0x0000000086300000 NTAMS 0x0000000086300000 space 1024K,  50% used [0x0000000086300000, 0x0000000086400000)
AC   0 HS    TS     0 PTAMS 0x0000000086400000 NTAMS 0x0000000086400000 space 1024K,  67% used [0x0000000086400000, 0x0000000086500000)
AC   0  O    TS     5 PTAMS 0x0000000086500000 NTAMS 0x0000000086500000 space 1024K, 100% used [0x0000000086500000, 0x0000000086600000)
AC   0  O    TS     0 PTAMS 0x0000000086700000 NTAMS 0x0000000086700000 space 1024K, 100% used [0x0000000086600000, 0x0000000086700000)
AC   0  O    TS     0 PTAMS 0x0000000086800000 NTAMS 0x0000000086800000 space 1024K, 100% used [0x0000000086700000, 0x0000000086800000)
AC   0  O    TS     5 PTAMS 0x0000000086800000 NTAMS 0x0000000086800000 space 1024K, 100% used [0x0000000086800000, 0x0000000086900000)
AC   0  O    TS     5 PTAMS 0x0000000086900000 NTAMS 0x0000000086900000 space 1024K, 100% used [0x0000000086900000, 0x0000000086a00000)
AC   0  O    TS    11 PTAMS 0x0000000086a00000 NTAMS 0x0000000086a00000 space 1024K,  48% used [0x0000000086a00000, 0x0000000086b00000)
AC   0  O    TS     0 PTAMS 0x0000000086c00000 NTAMS 0x0000000086c00000 space 1024K, 100% used [0x0000000086b00000, 0x0000000086c00000)
AC   0 HS    TS     0 PTAMS 0x0000000086c00000 NTAMS 0x0000000086c00000 space 1024K,  67% used [0x0000000086c00000, 0x0000000086d00000)
AC   0  O    TS     0 PTAMS 0x0000000086e00000 NTAMS 0x0000000086e00000 space 1024K, 100% used [0x0000000086d00000, 0x0000000086e00000)
AC   0  O    TS     0 PTAMS 0x0000000086f00000 NTAMS 0x0000000086f00000 space 1024K, 100% used [0x0000000086e00000, 0x0000000086f00000)
AC   0  O    TS     0 PTAMS 0x0000000087000000 NTAMS 0x0000000087000000 space 1024K, 100% used [0x0000000086f00000, 0x0000000087000000)
AC   0  O    TS     0 PTAMS 0x0000000087100000 NTAMS 0x0000000087100000 space 1024K, 100% used [0x0000000087000000, 0x0000000087100000)
AC   0  O    TS     0 PTAMS 0x0000000087200000 NTAMS 0x0000000087200000 space 1024K, 100% used [0x0000000087100000, 0x0000000087200000)
AC   0  O    TS     0 PTAMS 0x0000000087300000 NTAMS 0x0000000087300000 space 1024K, 100% used [0x0000000087200000, 0x0000000087300000)
AC   0 HS    TS     0 PTAMS 0x0000000087300000 NTAMS 0x0000000087300000 space 2048K,  50% used [0x0000000087300000, 0x0000000087500000)
AC   0 HC    TS     0 PTAMS 0x0000000087400000 NTAMS 0x0000000087400000 space 1024K,   0% used [0x0000000087400000, 0x0000000087500000)
AC   0  O    TS     0 PTAMS 0x0000000087600000 NTAMS 0x0000000087600000 space 1024K, 100% used [0x0000000087500000, 0x0000000087600000)
AC   0  F    TS     0 PTAMS 0x0000000087600000 NTAMS 0x0000000087600000 space 1024K,   0% used [0x0000000087600000, 0x0000000087700000)
AC   0  O    TS     0 PTAMS 0x0000000087800000 NTAMS 0x0000000087800000 space 1024K, 100% used [0x0000000087700000, 0x0000000087800000)
AC   0  O    TS     0 PTAMS 0x0000000087900000 NTAMS 0x0000000087900000 space 1024K, 100% used [0x0000000087800000, 0x0000000087900000)
AC   0  O    TS     1 PTAMS 0x00000000879ea000 NTAMS 0x00000000879ea000 space 1024K, 100% used [0x0000000087900000, 0x0000000087a00000)
AC   0  O    TS     0 PTAMS 0x0000000087b00000 NTAMS 0x0000000087b00000 space 1024K, 100% used [0x0000000087a00000, 0x0000000087b00000)
AC   0  O    TS     0 PTAMS 0x0000000087c00000 NTAMS 0x0000000087c00000 space 1024K, 100% used [0x0000000087b00000, 0x0000000087c00000)
AC   0  O    TS     1 PTAMS 0x0000000087c00000 NTAMS 0x0000000087c00000 space 1024K, 100% used [0x0000000087c00000, 0x0000000087d00000)
AC   0  O    TS     0 PTAMS 0x0000000087e00000 NTAMS 0x0000000087e00000 space 1024K, 100% used [0x0000000087d00000, 0x0000000087e00000)
AC   0  O    TS     0 PTAMS 0x0000000087f00000 NTAMS 0x0000000087f00000 space 1024K, 100% used [0x0000000087e00000, 0x0000000087f00000)
AC   0  O    TS     0 PTAMS 0x0000000088000000 NTAMS 0x0000000088000000 space 1024K, 100% used [0x0000000087f00000, 0x0000000088000000)
AC   0  O    TS     0 PTAMS 0x0000000088100000 NTAMS 0x0000000088100000 space 1024K, 100% used [0x0000000088000000, 0x0000000088100000)
AC   0  O    TS     0 PTAMS 0x0000000088200000 NTAMS 0x0000000088200000 space 1024K, 100% used [0x0000000088100000, 0x0000000088200000)
AC   0  O    TS     0 PTAMS 0x0000000088300000 NTAMS 0x0000000088300000 space 1024K, 100% used [0x0000000088200000, 0x0000000088300000)
AC   0  O    TS     0 PTAMS 0x0000000088400000 NTAMS 0x0000000088400000 space 1024K, 100% used [0x0000000088300000, 0x0000000088400000)
AC   0  O    TS     0 PTAMS 0x0000000088500000 NTAMS 0x0000000088500000 space 1024K, 100% used [0x0000000088400000, 0x0000000088500000)
AC   0  O    TS     0 PTAMS 0x0000000088600000 NTAMS 0x0000000088600000 space 1024K, 100% used [0x0000000088500000, 0x0000000088600000)
AC   0  O    TS     0 PTAMS 0x0000000088700000 NTAMS 0x0000000088700000 space 1024K, 100% used [0x0000000088600000, 0x0000000088700000)
AC   0  O    TS     0 PTAMS 0x0000000088800000 NTAMS 0x0000000088800000 space 1024K, 100% used [0x0000000088700000, 0x0000000088800000)
AC   0  O    TS     0 PTAMS 0x0000000088900000 NTAMS 0x0000000088900000 space 1024K, 100% used [0x0000000088800000, 0x0000000088900000)
AC   0  O    TS     0 PTAMS 0x0000000088a00000 NTAMS 0x0000000088a00000 space 1024K, 100% used [0x0000000088900000, 0x0000000088a00000)
AC   0  O    TS     0 PTAMS 0x0000000088b00000 NTAMS 0x0000000088b00000 space 1024K, 100% used [0x0000000088a00000, 0x0000000088b00000)
AC   0  O    TS     1 PTAMS 0x0000000088b00000 NTAMS 0x0000000088b00000 space 1024K, 100% used [0x0000000088b00000, 0x0000000088c00000)
AC   0  O    TS     1 PTAMS 0x0000000088c00000 NTAMS 0x0000000088c00000 space 1024K, 100% used [0x0000000088c00000, 0x0000000088d00000)
AC   0  O    TS     0 PTAMS 0x0000000088e00000 NTAMS 0x0000000088e00000 space 1024K, 100% used [0x0000000088d00000, 0x0000000088e00000)
AC   0  O    TS     3 PTAMS 0x0000000088e00000 NTAMS 0x0000000088e00000 space 1024K, 100% used [0x0000000088e00000, 0x0000000088f00000)
AC   0  O    TS     0 PTAMS 0x0000000089000000 NTAMS 0x0000000089000000 space 1024K, 100% used [0x0000000088f00000, 0x0000000089000000)
AC   0  O    TS     3 PTAMS 0x0000000089000000 NTAMS 0x0000000089000000 space 1024K, 100% used [0x0000000089000000, 0x0000000089100000)
AC   0  O    TS     3 PTAMS 0x0000000089100000 NTAMS 0x0000000089100000 space 1024K, 100% used [0x0000000089100000, 0x0000000089200000)
AC   0  O    TS     3 PTAMS 0x0000000089200000 NTAMS 0x0000000089200000 space 1024K, 100% used [0x0000000089200000, 0x0000000089300000)
AC   0  O    TS     3 PTAMS 0x0000000089300000 NTAMS 0x0000000089300000 space 1024K, 100% used [0x0000000089300000, 0x0000000089400000)
AC   0  O    TS     0 PTAMS 0x0000000089500000 NTAMS 0x0000000089500000 space 1024K, 100% used [0x0000000089400000, 0x0000000089500000)
AC   0  O    TS     0 PTAMS 0x0000000089600000 NTAMS 0x0000000089600000 space 1024K, 100% used [0x0000000089500000, 0x0000000089600000)
AC   0  O    TS     0 PTAMS 0x0000000089700000 NTAMS 0x0000000089700000 space 1024K, 100% used [0x0000000089600000, 0x0000000089700000)
AC   0 HS    TS     0 PTAMS 0x0000000089700000 NTAMS 0x0000000089700000 space 3072K,  66% used [0x0000000089700000, 0x0000000089a00000)
AC   0 HC    TS     0 PTAMS 0x0000000089800000 NTAMS 0x0000000089800000 space 1024K, 100% used [0x0000000089800000, 0x0000000089900000)
AC   0 HC    TS     0 PTAMS 0x0000000089900000 NTAMS 0x0000000089900000 space 1024K,   0% used [0x0000000089900000, 0x0000000089a00000)
AC   0 HS    TS     0 PTAMS 0x0000000089a00000 NTAMS 0x0000000089a00000 space 2048K,  56% used [0x0000000089a00000, 0x0000000089c00000)
AC   0 HC    TS     0 PTAMS 0x0000000089b00000 NTAMS 0x0000000089b00000 space 1024K,  13% used [0x0000000089b00000, 0x0000000089c00000)
AC   0  O    TS     3 PTAMS 0x0000000089c00000 NTAMS 0x0000000089c00000 space 1024K, 100% used [0x0000000089c00000, 0x0000000089d00000)
AC   0  O    TS     0 PTAMS 0x0000000089e00000 NTAMS 0x0000000089e00000 space 1024K, 100% used [0x0000000089d00000, 0x0000000089e00000)
AC   0  O    TS     0 PTAMS 0x0000000089f00000 NTAMS 0x0000000089f00000 space 1024K, 100% used [0x0000000089e00000, 0x0000000089f00000)
AC   0  O    TS     3 PTAMS 0x0000000089f00000 NTAMS 0x0000000089f00000 space 1024K, 100% used [0x0000000089f00000, 0x000000008a000000)
AC   0  O    TS     3 PTAMS 0x000000008a000000 NTAMS 0x000000008a000000 space 1024K, 100% used [0x000000008a000000, 0x000000008a100000)
AC   0  O    TS     3 PTAMS 0x000000008a100000 NTAMS 0x000000008a100000 space 1024K, 100% used [0x000000008a100000, 0x000000008a200000)
AC   0  O    TS     3 PTAMS 0x000000008a200000 NTAMS 0x000000008a200000 space 1024K, 100% used [0x000000008a200000, 0x000000008a300000)
AC   0  O    TS     5 PTAMS 0x000000008a300000 NTAMS 0x000000008a300000 space 1024K, 100% used [0x000000008a300000, 0x000000008a400000)
AC   0 HS    TS     0 PTAMS 0x000000008a400000 NTAMS 0x000000008a400000 space 2048K,  67% used [0x000000008a400000, 0x000000008a600000)
AC   0 HC    TS     0 PTAMS 0x000000008a500000 NTAMS 0x000000008a500000 space 1024K,  35% used [0x000000008a500000, 0x000000008a600000)
AC   0 HS    TS     0 PTAMS 0x000000008a600000 NTAMS 0x000000008a600000 space 3072K,  90% used [0x000000008a600000, 0x000000008a900000)
AC   0 HC    TS     0 PTAMS 0x000000008a700000 NTAMS 0x000000008a700000 space 1024K, 100% used [0x000000008a700000, 0x000000008a800000)
AC   0 HC    TS     0 PTAMS 0x000000008a800000 NTAMS 0x000000008a800000 space 1024K,  70% used [0x000000008a800000, 0x000000008a900000)
AC   0  F    TS     0 PTAMS 0x000000008a900000 NTAMS 0x000000008a900000 space 1024K,   0% used [0x000000008a900000, 0x000000008aa00000)
AC   0  O    TS     0 PTAMS 0x000000008ab00000 NTAMS 0x000000008ab00000 space 1024K, 100% used [0x000000008aa00000, 0x000000008ab00000)
AC   0  O    TS     0 PTAMS 0x000000008ac00000 NTAMS 0x000000008ac00000 space 1024K, 100% used [0x000000008ab00000, 0x000000008ac00000)
AC   0  O    TS     0 PTAMS 0x000000008ad00000 NTAMS 0x000000008ad00000 space 1024K, 100% used [0x000000008ac00000, 0x000000008ad00000)
AC   0  O    TS     0 PTAMS 0x000000008ae00000 NTAMS 0x000000008ae00000 space 1024K, 100% used [0x000000008ad00000, 0x000000008ae00000)
AC   0  O    TS     0 PTAMS 0x000000008af00000 NTAMS 0x000000008af00000 space 1024K, 100% used [0x000000008ae00000, 0x000000008af00000)
AC   0  O    TS     0 PTAMS 0x000000008b000000 NTAMS 0x000000008b000000 space 1024K, 100% used [0x000000008af00000, 0x000000008b000000)
AC   0  O    TS     0 PTAMS 0x000000008b100000 NTAMS 0x000000008b100000 space 1024K, 100% used [0x000000008b000000, 0x000000008b100000)
AC   0 HS    TS     0 PTAMS 0x000000008b100000 NTAMS 0x000000008b100000 space 2048K,  67% used [0x000000008b100000, 0x000000008b300000)
AC   0 HC    TS     0 PTAMS 0x000000008b200000 NTAMS 0x000000008b200000 space 1024K,  35% used [0x000000008b200000, 0x000000008b300000)
AC   0  O    TS     0 PTAMS 0x000000008b400000 NTAMS 0x000000008b400000 space 1024K, 100% used [0x000000008b300000, 0x000000008b400000)
AC   0  O    TS     0 PTAMS 0x000000008b500000 NTAMS 0x000000008b500000 space 1024K, 100% used [0x000000008b400000, 0x000000008b500000)
AC   0 HS    TS     0 PTAMS 0x000000008b500000 NTAMS 0x000000008b500000 space 3072K,  70% used [0x000000008b500000, 0x000000008b800000)
AC   0 HC    TS     0 PTAMS 0x000000008b600000 NTAMS 0x000000008b600000 space 1024K, 100% used [0x000000008b600000, 0x000000008b700000)
AC   0 HC    TS     0 PTAMS 0x000000008b700000 NTAMS 0x000000008b700000 space 1024K,  12% used [0x000000008b700000, 0x000000008b800000)
AC   0 HS    TS     0 PTAMS 0x000000008b800000 NTAMS 0x000000008b800000 space 3072K,  90% used [0x000000008b800000, 0x000000008bb00000)
AC   0 HC    TS     0 PTAMS 0x000000008b900000 NTAMS 0x000000008b900000 space 1024K, 100% used [0x000000008b900000, 0x000000008ba00000)
AC   0 HC    TS     0 PTAMS 0x000000008ba00000 NTAMS 0x000000008ba00000 space 1024K,  70% used [0x000000008ba00000, 0x000000008bb00000)
AC   0 HS    TS     0 PTAMS 0x000000008bb00000 NTAMS 0x000000008bb00000 space 3072K,  70% used [0x000000008bb00000, 0x000000008be00000)
AC   0 HC    TS     0 PTAMS 0x000000008bc00000 NTAMS 0x000000008bc00000 space 1024K, 100% used [0x000000008bc00000, 0x000000008bd00000)
AC   0 HC    TS     0 PTAMS 0x000000008bd00000 NTAMS 0x000000008bd00000 space 1024K,  12% used [0x000000008bd00000, 0x000000008be00000)
AC   0  F    TS     0 PTAMS 0x000000008be00000 NTAMS 0x000000008be00000 space 1024K,   0% used [0x000000008be00000, 0x000000008bf00000)
AC   0  F    TS     0 PTAMS 0x000000008bf00000 NTAMS 0x000000008bf00000 space 1024K,   0% used [0x000000008bf00000, 0x000000008c000000)
AC   0  F    TS     0 PTAMS 0x000000008c000000 NTAMS 0x000000008c000000 space 1024K,   0% used [0x000000008c000000, 0x000000008c100000)
AC   0  F    TS     0 PTAMS 0x000000008c100000 NTAMS 0x000000008c100000 space 1024K,   0% used [0x000000008c100000, 0x000000008c200000)
AC   0  F    TS     0 PTAMS 0x000000008c200000 NTAMS 0x000000008c200000 space 1024K,   0% used [0x000000008c200000, 0x000000008c300000)
AC   0  F    TS     0 PTAMS 0x000000008c300000 NTAMS 0x000000008c300000 space 1024K,   0% used [0x000000008c300000, 0x000000008c400000)
AC   0  F    TS     0 PTAMS 0x000000008c400000 NTAMS 0x000000008c400000 space 1024K,   0% used [0x000000008c400000, 0x000000008c500000)
AC   0  F    TS     0 PTAMS 0x000000008c500000 NTAMS 0x000000008c500000 space 1024K,   0% used [0x000000008c500000, 0x000000008c600000)
AC   0  F    TS     0 PTAMS 0x000000008c600000 NTAMS 0x000000008c600000 space 1024K,   0% used [0x000000008c600000, 0x000000008c700000)
AC   0  F    TS     0 PTAMS 0x000000008c700000 NTAMS 0x000000008c700000 space 1024K,   0% used [0x000000008c700000, 0x000000008c800000)
AC   0  F    TS     0 PTAMS 0x000000008c800000 NTAMS 0x000000008c800000 space 1024K,   0% used [0x000000008c800000, 0x000000008c900000)
AC   0  F    TS     0 PTAMS 0x000000008c900000 NTAMS 0x000000008c900000 space 1024K,   0% used [0x000000008c900000, 0x000000008ca00000)
AC   0  F    TS     7 PTAMS 0x000000008ca00000 NTAMS 0x000000008ca00000 space 1024K,   0% used [0x000000008ca00000, 0x000000008cb00000)
AC   0  F    TS     7 PTAMS 0x000000008cb00000 NTAMS 0x000000008cb00000 space 1024K,   0% used [0x000000008cb00000, 0x000000008cc00000)
AC   0  F    TS     7 PTAMS 0x000000008cc00000 NTAMS 0x000000008cc00000 space 1024K,   0% used [0x000000008cc00000, 0x000000008cd00000)
AC   0  F    TS     7 PTAMS 0x000000008cd00000 NTAMS 0x000000008cd00000 space 1024K,   0% used [0x000000008cd00000, 0x000000008ce00000)
AC   0  F    TS     7 PTAMS 0x000000008ce00000 NTAMS 0x000000008ce00000 space 1024K,   0% used [0x000000008ce00000, 0x000000008cf00000)
AC   0  F    TS     7 PTAMS 0x000000008cf00000 NTAMS 0x000000008cf00000 space 1024K,   0% used [0x000000008cf00000, 0x000000008d000000)
AC   0  F    TS     7 PTAMS 0x000000008d000000 NTAMS 0x000000008d000000 space 1024K,   0% used [0x000000008d000000, 0x000000008d100000)
AC   0  F    TS     7 PTAMS 0x000000008d100000 NTAMS 0x000000008d100000 space 1024K,   0% used [0x000000008d100000, 0x000000008d200000)
AC   0  F    TS     7 PTAMS 0x000000008d200000 NTAMS 0x000000008d200000 space 1024K,   0% used [0x000000008d200000, 0x000000008d300000)
AC   0  F    TS     7 PTAMS 0x000000008d300000 NTAMS 0x000000008d300000 space 1024K,   0% used [0x000000008d300000, 0x000000008d400000)
AC   0  F    TS     7 PTAMS 0x000000008d400000 NTAMS 0x000000008d400000 space 1024K,   0% used [0x000000008d400000, 0x000000008d500000)
AC   0  F    TS     7 PTAMS 0x000000008d500000 NTAMS 0x000000008d500000 space 1024K,   0% used [0x000000008d500000, 0x000000008d600000)
AC   0  F    TS     7 PTAMS 0x000000008d600000 NTAMS 0x000000008d600000 space 1024K,   0% used [0x000000008d600000, 0x000000008d700000)
AC   0  F    TS     7 PTAMS 0x000000008d700000 NTAMS 0x000000008d700000 space 1024K,   0% used [0x000000008d700000, 0x000000008d800000)
AC   0  F    TS     7 PTAMS 0x000000008d800000 NTAMS 0x000000008d800000 space 1024K,   0% used [0x000000008d800000, 0x000000008d900000)
AC   0  F    TS     7 PTAMS 0x000000008d900000 NTAMS 0x000000008d900000 space 1024K,   0% used [0x000000008d900000, 0x000000008da00000)
AC   0  F    TS     7 PTAMS 0x000000008da00000 NTAMS 0x000000008da00000 space 1024K,   0% used [0x000000008da00000, 0x000000008db00000)
AC   0  F    TS     7 PTAMS 0x000000008db00000 NTAMS 0x000000008db00000 space 1024K,   0% used [0x000000008db00000, 0x000000008dc00000)
AC   0  F    TS     7 PTAMS 0x000000008dc00000 NTAMS 0x000000008dc00000 space 1024K,   0% used [0x000000008dc00000, 0x000000008dd00000)
AC   0  F    TS     7 PTAMS 0x000000008dd00000 NTAMS 0x000000008dd00000 space 1024K,   0% used [0x000000008dd00000, 0x000000008de00000)
AC   0  F    TS     7 PTAMS 0x000000008de00000 NTAMS 0x000000008de00000 space 1024K,   0% used [0x000000008de00000, 0x000000008df00000)
AC   0  F    TS     7 PTAMS 0x000000008df00000 NTAMS 0x000000008df00000 space 1024K,   0% used [0x000000008df00000, 0x000000008e000000)
AC   0  F    TS     7 PTAMS 0x000000008e000000 NTAMS 0x000000008e000000 space 1024K,   0% used [0x000000008e000000, 0x000000008e100000)
AC   0  F    TS     7 PTAMS 0x000000008e100000 NTAMS 0x000000008e100000 space 1024K,   0% used [0x000000008e100000, 0x000000008e200000)
AC   0  F    TS     7 PTAMS 0x000000008e200000 NTAMS 0x000000008e200000 space 1024K,   0% used [0x000000008e200000, 0x000000008e300000)
AC   0  F    TS     7 PTAMS 0x000000008e300000 NTAMS 0x000000008e300000 space 1024K,   0% used [0x000000008e300000, 0x000000008e400000)
AC   0  F    TS     7 PTAMS 0x000000008e400000 NTAMS 0x000000008e400000 space 1024K,   0% used [0x000000008e400000, 0x000000008e500000)
AC   0  F    TS     7 PTAMS 0x000000008e500000 NTAMS 0x000000008e500000 space 1024K,   0% used [0x000000008e500000, 0x000000008e600000)
AC   0  F    TS     0 PTAMS 0x000000008e600000 NTAMS 0x000000008e600000 space 1024K,   0% used [0x000000008e600000, 0x000000008e700000)
AC   0  F    TS     0 PTAMS 0x000000008e700000 NTAMS 0x000000008e700000 space 1024K,   0% used [0x000000008e700000, 0x000000008e800000)
AC   0  F    TS     0 PTAMS 0x000000008e800000 NTAMS 0x000000008e800000 space 1024K,   0% used [0x000000008e800000, 0x000000008e900000)
AC   0  F    TS     0 PTAMS 0x000000008e900000 NTAMS 0x000000008e900000 space 1024K,   0% used [0x000000008e900000, 0x000000008ea00000)
AC   0  F    TS     0 PTAMS 0x000000008ea00000 NTAMS 0x000000008ea00000 space 1024K,   0% used [0x000000008ea00000, 0x000000008eb00000)
AC   0  F    TS     0 PTAMS 0x000000008eb00000 NTAMS 0x000000008eb00000 space 1024K,   0% used [0x000000008eb00000, 0x000000008ec00000)
AC   0  F    TS     0 PTAMS 0x000000008ec00000 NTAMS 0x000000008ec00000 space 1024K,   0% used [0x000000008ec00000, 0x000000008ed00000)
AC   0  F    TS     0 PTAMS 0x000000008ed00000 NTAMS 0x000000008ed00000 space 1024K,   0% used [0x000000008ed00000, 0x000000008ee00000)
AC   0  F    TS     0 PTAMS 0x000000008ee00000 NTAMS 0x000000008ee00000 space 1024K,   0% used [0x000000008ee00000, 0x000000008ef00000)
AC   0  F    TS     0 PTAMS 0x000000008ef00000 NTAMS 0x000000008ef00000 space 1024K,   0% used [0x000000008ef00000, 0x000000008f000000)
AC   0  F    TS     0 PTAMS 0x000000008f000000 NTAMS 0x000000008f000000 space 1024K,   0% used [0x000000008f000000, 0x000000008f100000)
AC   0  F    TS     0 PTAMS 0x000000008f100000 NTAMS 0x000000008f100000 space 1024K,   0% used [0x000000008f100000, 0x000000008f200000)
AC   0  F    TS     5 PTAMS 0x000000008f200000 NTAMS 0x000000008f200000 space 1024K,   0% used [0x000000008f200000, 0x000000008f300000)
AC   0  F    TS     5 PTAMS 0x000000008f300000 NTAMS 0x000000008f300000 space 1024K,   0% used [0x000000008f300000, 0x000000008f400000)
AC   0  F    TS     0 PTAMS 0x000000008f400000 NTAMS 0x000000008f400000 space 1024K,   0% used [0x000000008f400000, 0x000000008f500000)
AC   0  F    TS     0 PTAMS 0x000000008f500000 NTAMS 0x000000008f500000 space 1024K,   0% used [0x000000008f500000, 0x000000008f600000)
AC   0  F    TS     0 PTAMS 0x000000008f600000 NTAMS 0x000000008f600000 space 1024K,   0% used [0x000000008f600000, 0x000000008f700000)
AC   0  F    TS     0 PTAMS 0x000000008f700000 NTAMS 0x000000008f700000 space 1024K,   0% used [0x000000008f700000, 0x000000008f800000)
AC   0  F    TS     3 PTAMS 0x000000008f800000 NTAMS 0x000000008f800000 space 1024K,   0% used [0x000000008f800000, 0x000000008f900000)
AC   0  F    TS     3 PTAMS 0x000000008f900000 NTAMS 0x000000008f900000 space 1024K,   0% used [0x000000008f900000, 0x000000008fa00000)
AC   0  F    TS     0 PTAMS 0x000000008fa00000 NTAMS 0x000000008fa00000 space 1024K,   0% used [0x000000008fa00000, 0x000000008fb00000)
AC   0  F    TS     0 PTAMS 0x000000008fb00000 NTAMS 0x000000008fb00000 space 1024K,   0% used [0x000000008fb00000, 0x000000008fc00000)
AC   0  F    TS     0 PTAMS 0x000000008fc00000 NTAMS 0x000000008fc00000 space 1024K,   0% used [0x000000008fc00000, 0x000000008fd00000)
AC   0  F    TS     0 PTAMS 0x000000008fd00000 NTAMS 0x000000008fd00000 space 1024K,   0% used [0x000000008fd00000, 0x000000008fe00000)
AC   0  F    TS     0 PTAMS 0x000000008fe00000 NTAMS 0x000000008fe00000 space 1024K,   0% used [0x000000008fe00000, 0x000000008ff00000)
AC   0  F    TS     0 PTAMS 0x000000008ff00000 NTAMS 0x000000008ff00000 space 1024K,   0% used [0x000000008ff00000, 0x0000000090000000)
AC   0  F    TS     5 PTAMS 0x0000000090000000 NTAMS 0x0000000090000000 space 1024K,   0% used [0x0000000090000000, 0x0000000090100000)
AC   0  F    TS     5 PTAMS 0x0000000090100000 NTAMS 0x0000000090100000 space 1024K,   0% used [0x0000000090100000, 0x0000000090200000)
AC   0  F    TS     5 PTAMS 0x0000000090200000 NTAMS 0x0000000090200000 space 1024K,   0% used [0x0000000090200000, 0x0000000090300000)
AC   0  F    TS     5 PTAMS 0x0000000090300000 NTAMS 0x0000000090300000 space 1024K,   0% used [0x0000000090300000, 0x0000000090400000)
AC   0  F    TS     5 PTAMS 0x0000000090400000 NTAMS 0x0000000090400000 space 1024K,   0% used [0x0000000090400000, 0x0000000090500000)
AC   0  F    TS     5 PTAMS 0x0000000090500000 NTAMS 0x0000000090500000 space 1024K,   0% used [0x0000000090500000, 0x0000000090600000)
AC   0  F    TS     5 PTAMS 0x0000000090600000 NTAMS 0x0000000090600000 space 1024K,   0% used [0x0000000090600000, 0x0000000090700000)
AC   0  F    TS     5 PTAMS 0x0000000090700000 NTAMS 0x0000000090700000 space 1024K,   0% used [0x0000000090700000, 0x0000000090800000)
AC   0  F    TS     5 PTAMS 0x0000000090800000 NTAMS 0x0000000090800000 space 1024K,   0% used [0x0000000090800000, 0x0000000090900000)
AC   0  F    TS     5 PTAMS 0x0000000090900000 NTAMS 0x0000000090900000 space 1024K,   0% used [0x0000000090900000, 0x0000000090a00000)
AC   0  F    TS     5 PTAMS 0x0000000090a00000 NTAMS 0x0000000090a00000 space 1024K,   0% used [0x0000000090a00000, 0x0000000090b00000)
AC   0  F    TS     5 PTAMS 0x0000000090b00000 NTAMS 0x0000000090b00000 space 1024K,   0% used [0x0000000090b00000, 0x0000000090c00000)
AC   0  F    TS     5 PTAMS 0x0000000090c00000 NTAMS 0x0000000090c00000 space 1024K,   0% used [0x0000000090c00000, 0x0000000090d00000)
AC   0  F    TS     5 PTAMS 0x0000000090d00000 NTAMS 0x0000000090d00000 space 1024K,   0% used [0x0000000090d00000, 0x0000000090e00000)
AC   0  F    TS     5 PTAMS 0x0000000090e00000 NTAMS 0x0000000090e00000 space 1024K,   0% used [0x0000000090e00000, 0x0000000090f00000)
AC   0  F    TS     5 PTAMS 0x0000000090f00000 NTAMS 0x0000000090f00000 space 1024K,   0% used [0x0000000090f00000, 0x0000000091000000)
AC   0  F    TS     5 PTAMS 0x0000000091000000 NTAMS 0x0000000091000000 space 1024K,   0% used [0x0000000091000000, 0x0000000091100000)
AC   0  F    TS     5 PTAMS 0x0000000091100000 NTAMS 0x0000000091100000 space 1024K,   0% used [0x0000000091100000, 0x0000000091200000)
AC   0  F    TS     5 PTAMS 0x0000000091200000 NTAMS 0x0000000091200000 space 1024K,   0% used [0x0000000091200000, 0x0000000091300000)
AC   0  F    TS     5 PTAMS 0x0000000091300000 NTAMS 0x0000000091300000 space 1024K,   0% used [0x0000000091300000, 0x0000000091400000)
AC   0  F    TS     5 PTAMS 0x0000000091400000 NTAMS 0x0000000091400000 space 1024K,   0% used [0x0000000091400000, 0x0000000091500000)
AC   0  F    TS     5 PTAMS 0x0000000091500000 NTAMS 0x0000000091500000 space 1024K,   0% used [0x0000000091500000, 0x0000000091600000)
AC   0  F    TS     5 PTAMS 0x0000000091600000 NTAMS 0x0000000091600000 space 1024K,   0% used [0x0000000091600000, 0x0000000091700000)
AC   0  F    TS     5 PTAMS 0x0000000091700000 NTAMS 0x0000000091700000 space 1024K,   0% used [0x0000000091700000, 0x0000000091800000)
AC   0  F    TS     5 PTAMS 0x0000000091800000 NTAMS 0x0000000091800000 space 1024K,   0% used [0x0000000091800000, 0x0000000091900000)
AC   0  S CS TS    11 PTAMS 0x0000000091900000 NTAMS 0x0000000091900000 space 1024K,  99% used [0x0000000091900000, 0x0000000091a00000)
AC   0  S CS TS    11 PTAMS 0x0000000091a00000 NTAMS 0x0000000091a00000 space 1024K, 100% used [0x0000000091a00000, 0x0000000091b00000)
AC   0  S CS TS    11 PTAMS 0x0000000091b00000 NTAMS 0x0000000091b00000 space 1024K, 100% used [0x0000000091b00000, 0x0000000091c00000)
AC   0  S CS TS    11 PTAMS 0x0000000091c00000 NTAMS 0x0000000091c00000 space 1024K, 100% used [0x0000000091c00000, 0x0000000091d00000)
AC   0  S CS TS    11 PTAMS 0x0000000091d00000 NTAMS 0x0000000091d00000 space 1024K, 100% used [0x0000000091d00000, 0x0000000091e00000)
AC   0  S CS TS    11 PTAMS 0x0000000091e00000 NTAMS 0x0000000091e00000 space 1024K, 100% used [0x0000000091e00000, 0x0000000091f00000)
AC   0  S CS TS    11 PTAMS 0x0000000091f00000 NTAMS 0x0000000091f00000 space 1024K, 100% used [0x0000000091f00000, 0x0000000092000000)
AC   0  S CS TS    11 PTAMS 0x0000000092000000 NTAMS 0x0000000092000000 space 1024K, 100% used [0x0000000092000000, 0x0000000092100000)
AC   0  S CS TS    11 PTAMS 0x0000000092100000 NTAMS 0x0000000092100000 space 1024K, 100% used [0x0000000092100000, 0x0000000092200000)
AC   0  S CS TS    11 PTAMS 0x0000000092200000 NTAMS 0x0000000092200000 space 1024K, 100% used [0x0000000092200000, 0x0000000092300000)
AC   0  S CS TS    11 PTAMS 0x0000000092300000 NTAMS 0x0000000092300000 space 1024K, 100% used [0x0000000092300000, 0x0000000092400000)
AC   0  S CS TS    11 PTAMS 0x0000000092400000 NTAMS 0x0000000092400000 space 1024K, 100% used [0x0000000092400000, 0x0000000092500000)
AC   0  S CS TS    11 PTAMS 0x0000000092500000 NTAMS 0x0000000092500000 space 1024K, 100% used [0x0000000092500000, 0x0000000092600000)
AC   0  S CS TS    11 PTAMS 0x0000000092600000 NTAMS 0x0000000092600000 space 1024K, 100% used [0x0000000092600000, 0x0000000092700000)
AC   0  S CS TS    11 PTAMS 0x0000000092700000 NTAMS 0x0000000092700000 space 1024K, 100% used [0x0000000092700000, 0x0000000092800000)
AC   0  S CS TS    11 PTAMS 0x0000000092800000 NTAMS 0x0000000092800000 space 1024K, 100% used [0x0000000092800000, 0x0000000092900000)
AC   0  S CS TS    11 PTAMS 0x0000000092900000 NTAMS 0x0000000092900000 space 1024K, 100% used [0x0000000092900000, 0x0000000092a00000)
AC   0  F    TS     9 PTAMS 0x0000000092a00000 NTAMS 0x0000000092a00000 space 1024K,   0% used [0x0000000092a00000, 0x0000000092b00000)
AC   0  F    TS     9 PTAMS 0x0000000092b00000 NTAMS 0x0000000092b00000 space 1024K,   0% used [0x0000000092b00000, 0x0000000092c00000)
AC   0  F    TS     9 PTAMS 0x0000000092c00000 NTAMS 0x0000000092c00000 space 1024K,   0% used [0x0000000092c00000, 0x0000000092d00000)
AC   0  F    TS     9 PTAMS 0x0000000092d00000 NTAMS 0x0000000092d00000 space 1024K,   0% used [0x0000000092d00000, 0x0000000092e00000)
AC   0  F    TS     9 PTAMS 0x0000000092e00000 NTAMS 0x0000000092e00000 space 1024K,   0% used [0x0000000092e00000, 0x0000000092f00000)
AC   0  F    TS     9 PTAMS 0x0000000092f00000 NTAMS 0x0000000092f00000 space 1024K,   0% used [0x0000000092f00000, 0x0000000093000000)
AC   0  F    TS     9 PTAMS 0x0000000093000000 NTAMS 0x0000000093000000 space 1024K,   0% used [0x0000000093000000, 0x0000000093100000)
AC   0  F    TS     9 PTAMS 0x0000000093100000 NTAMS 0x0000000093100000 space 1024K,   0% used [0x0000000093100000, 0x0000000093200000)
AC   0  F    TS     9 PTAMS 0x0000000093200000 NTAMS 0x0000000093200000 space 1024K,   0% used [0x0000000093200000, 0x0000000093300000)
AC   0  F    TS     9 PTAMS 0x0000000093300000 NTAMS 0x0000000093300000 space 1024K,   0% used [0x0000000093300000, 0x0000000093400000)
AC   0  F    TS     9 PTAMS 0x0000000093400000 NTAMS 0x0000000093400000 space 1024K,   0% used [0x0000000093400000, 0x0000000093500000)
AC   0  F    TS     9 PTAMS 0x0000000093500000 NTAMS 0x0000000093500000 space 1024K,   0% used [0x0000000093500000, 0x0000000093600000)
AC   0  F    TS     9 PTAMS 0x0000000093600000 NTAMS 0x0000000093600000 space 1024K,   0% used [0x0000000093600000, 0x0000000093700000)
AC   0  F    TS     9 PTAMS 0x0000000093700000 NTAMS 0x0000000093700000 space 1024K,   0% used [0x0000000093700000, 0x0000000093800000)
AC   0  F    TS     9 PTAMS 0x0000000093800000 NTAMS 0x0000000093800000 space 1024K,   0% used [0x0000000093800000, 0x0000000093900000)
AC   0  F    TS     9 PTAMS 0x0000000093900000 NTAMS 0x0000000093900000 space 1024K,   0% used [0x0000000093900000, 0x0000000093a00000)
AC   0  F    TS     9 PTAMS 0x0000000093a00000 NTAMS 0x0000000093a00000 space 1024K,   0% used [0x0000000093a00000, 0x0000000093b00000)
AC   0  F    TS     9 PTAMS 0x0000000093b00000 NTAMS 0x0000000093b00000 space 1024K,   0% used [0x0000000093b00000, 0x0000000093c00000)
AC   0  F    TS     9 PTAMS 0x0000000093c00000 NTAMS 0x0000000093c00000 space 1024K,   0% used [0x0000000093c00000, 0x0000000093d00000)
AC   0  F    TS     9 PTAMS 0x0000000093d00000 NTAMS 0x0000000093d00000 space 1024K,   0% used [0x0000000093d00000, 0x0000000093e00000)
AC   0  F    TS     9 PTAMS 0x0000000093e00000 NTAMS 0x0000000093e00000 space 1024K,   0% used [0x0000000093e00000, 0x0000000093f00000)
AC   0  F    TS     9 PTAMS 0x0000000093f00000 NTAMS 0x0000000093f00000 space 1024K,   0% used [0x0000000093f00000, 0x0000000094000000)
AC   0  F    TS     9 PTAMS 0x0000000094000000 NTAMS 0x0000000094000000 space 1024K,   0% used [0x0000000094000000, 0x0000000094100000)
AC   0  F    TS     9 PTAMS 0x0000000094100000 NTAMS 0x0000000094100000 space 1024K,   0% used [0x0000000094100000, 0x0000000094200000)
AC   0  F    TS     9 PTAMS 0x0000000094200000 NTAMS 0x0000000094200000 space 1024K,   0% used [0x0000000094200000, 0x0000000094300000)
AC   0  F    TS     9 PTAMS 0x0000000094300000 NTAMS 0x0000000094300000 space 1024K,   0% used [0x0000000094300000, 0x0000000094400000)
AC   0  F    TS     9 PTAMS 0x0000000094400000 NTAMS 0x0000000094400000 space 1024K,   0% used [0x0000000094400000, 0x0000000094500000)
AC   0  F    TS     9 PTAMS 0x0000000094500000 NTAMS 0x0000000094500000 space 1024K,   0% used [0x0000000094500000, 0x0000000094600000)
AC   0  F    TS     9 PTAMS 0x0000000094600000 NTAMS 0x0000000094600000 space 1024K,   0% used [0x0000000094600000, 0x0000000094700000)
AC   0  F    TS     9 PTAMS 0x0000000094700000 NTAMS 0x0000000094700000 space 1024K,   0% used [0x0000000094700000, 0x0000000094800000)
AC   0  F    TS     9 PTAMS 0x0000000094800000 NTAMS 0x0000000094800000 space 1024K,   0% used [0x0000000094800000, 0x0000000094900000)
AC   0  F    TS     9 PTAMS 0x0000000094900000 NTAMS 0x0000000094900000 space 1024K,   0% used [0x0000000094900000, 0x0000000094a00000)
AC   0  F    TS     9 PTAMS 0x0000000094a00000 NTAMS 0x0000000094a00000 space 1024K,   0% used [0x0000000094a00000, 0x0000000094b00000)
AC   0  F    TS     9 PTAMS 0x0000000094b00000 NTAMS 0x0000000094b00000 space 1024K,   0% used [0x0000000094b00000, 0x0000000094c00000)
AC   0  F    TS     9 PTAMS 0x0000000094c00000 NTAMS 0x0000000094c00000 space 1024K,   0% used [0x0000000094c00000, 0x0000000094d00000)
AC   0  F    TS     9 PTAMS 0x0000000094d00000 NTAMS 0x0000000094d00000 space 1024K,   0% used [0x0000000094d00000, 0x0000000094e00000)
AC   0  F    TS     9 PTAMS 0x0000000094e00000 NTAMS 0x0000000094e00000 space 1024K,   0% used [0x0000000094e00000, 0x0000000094f00000)
AC   0  F    TS     9 PTAMS 0x0000000094f00000 NTAMS 0x0000000094f00000 space 1024K,   0% used [0x0000000094f00000, 0x0000000095000000)
AC   0  F    TS     9 PTAMS 0x0000000095000000 NTAMS 0x0000000095000000 space 1024K,   0% used [0x0000000095000000, 0x0000000095100000)
AC   0  F    TS     9 PTAMS 0x0000000095100000 NTAMS 0x0000000095100000 space 1024K,   0% used [0x0000000095100000, 0x0000000095200000)
AC   0  F    TS     9 PTAMS 0x0000000095200000 NTAMS 0x0000000095200000 space 1024K,   0% used [0x0000000095200000, 0x0000000095300000)
AC   0  F    TS     9 PTAMS 0x0000000095300000 NTAMS 0x0000000095300000 space 1024K,   0% used [0x0000000095300000, 0x0000000095400000)
AC   0  F    TS     9 PTAMS 0x0000000095400000 NTAMS 0x0000000095400000 space 1024K,   0% used [0x0000000095400000, 0x0000000095500000)
AC   0  F    TS     9 PTAMS 0x0000000095500000 NTAMS 0x0000000095500000 space 1024K,   0% used [0x0000000095500000, 0x0000000095600000)
AC   0  F    TS     9 PTAMS 0x0000000095600000 NTAMS 0x0000000095600000 space 1024K,   0% used [0x0000000095600000, 0x0000000095700000)
AC   0  F    TS     9 PTAMS 0x0000000095700000 NTAMS 0x0000000095700000 space 1024K,   0% used [0x0000000095700000, 0x0000000095800000)
AC   0  F    TS     9 PTAMS 0x0000000095800000 NTAMS 0x0000000095800000 space 1024K,   0% used [0x0000000095800000, 0x0000000095900000)
AC   0  F    TS     9 PTAMS 0x0000000095900000 NTAMS 0x0000000095900000 space 1024K,   0% used [0x0000000095900000, 0x0000000095a00000)
AC   0  F    TS     9 PTAMS 0x0000000095a00000 NTAMS 0x0000000095a00000 space 1024K,   0% used [0x0000000095a00000, 0x0000000095b00000)
AC   0  F    TS     9 PTAMS 0x0000000095b00000 NTAMS 0x0000000095b00000 space 1024K,   0% used [0x0000000095b00000, 0x0000000095c00000)
AC   0  F    TS     9 PTAMS 0x0000000095c00000 NTAMS 0x0000000095c00000 space 1024K,   0% used [0x0000000095c00000, 0x0000000095d00000)
AC   0  F    TS     9 PTAMS 0x0000000095d00000 NTAMS 0x0000000095d00000 space 1024K,   0% used [0x0000000095d00000, 0x0000000095e00000)
AC   0  F    TS     9 PTAMS 0x0000000095e00000 NTAMS 0x0000000095e00000 space 1024K,   0% used [0x0000000095e00000, 0x0000000095f00000)
AC   0  F    TS     9 PTAMS 0x0000000095f00000 NTAMS 0x0000000095f00000 space 1024K,   0% used [0x0000000095f00000, 0x0000000096000000)
AC   0  F    TS     9 PTAMS 0x0000000096000000 NTAMS 0x0000000096000000 space 1024K,   0% used [0x0000000096000000, 0x0000000096100000)
AC   0  F    TS     9 PTAMS 0x0000000096100000 NTAMS 0x0000000096100000 space 1024K,   0% used [0x0000000096100000, 0x0000000096200000)
AC   0  F    TS     9 PTAMS 0x0000000096200000 NTAMS 0x0000000096200000 space 1024K,   0% used [0x0000000096200000, 0x0000000096300000)
AC   0  F    TS     9 PTAMS 0x0000000096300000 NTAMS 0x0000000096300000 space 1024K,   0% used [0x0000000096300000, 0x0000000096400000)
AC   0  S CS TS    11 PTAMS 0x0000000096400000 NTAMS 0x0000000096400000 space 1024K, 100% used [0x0000000096400000, 0x0000000096500000)
AC   0  S CS TS    11 PTAMS 0x0000000096500000 NTAMS 0x0000000096500000 space 1024K, 100% used [0x0000000096500000, 0x0000000096600000)
AC   0  S CS TS    11 PTAMS 0x0000000096600000 NTAMS 0x0000000096600000 space 1024K, 100% used [0x0000000096600000, 0x0000000096700000)
AC   0  S CS TS    11 PTAMS 0x0000000096700000 NTAMS 0x0000000096700000 space 1024K, 100% used [0x0000000096700000, 0x0000000096800000)
AC   0  S CS TS    11 PTAMS 0x0000000096800000 NTAMS 0x0000000096800000 space 1024K, 100% used [0x0000000096800000, 0x0000000096900000)
AC   0  S CS TS    11 PTAMS 0x0000000096900000 NTAMS 0x0000000096900000 space 1024K, 100% used [0x0000000096900000, 0x0000000096a00000)
AC   0  S CS TS    11 PTAMS 0x0000000096a00000 NTAMS 0x0000000096a00000 space 1024K, 100% used [0x0000000096a00000, 0x0000000096b00000)
AC   0  S CS TS    11 PTAMS 0x0000000096b00000 NTAMS 0x0000000096b00000 space 1024K, 100% used [0x0000000096b00000, 0x0000000096c00000)
AC   0  S CS TS    11 PTAMS 0x0000000096c00000 NTAMS 0x0000000096c00000 space 1024K, 100% used [0x0000000096c00000, 0x0000000096d00000)
AC   0  S CS TS    11 PTAMS 0x0000000096d00000 NTAMS 0x0000000096d00000 space 1024K, 100% used [0x0000000096d00000, 0x0000000096e00000)
AC   0  S CS TS    11 PTAMS 0x0000000096e00000 NTAMS 0x0000000096e00000 space 1024K, 100% used [0x0000000096e00000, 0x0000000096f00000)
AC   0  S CS TS    11 PTAMS 0x0000000096f00000 NTAMS 0x0000000096f00000 space 1024K, 100% used [0x0000000096f00000, 0x0000000097000000)
AC   0  S CS TS    11 PTAMS 0x0000000097000000 NTAMS 0x0000000097000000 space 1024K, 100% used [0x0000000097000000, 0x0000000097100000)
AC   0  S CS TS    11 PTAMS 0x0000000097100000 NTAMS 0x0000000097100000 space 1024K, 100% used [0x0000000097100000, 0x0000000097200000)
AC   0  S CS TS    11 PTAMS 0x0000000097200000 NTAMS 0x0000000097200000 space 1024K, 100% used [0x0000000097200000, 0x0000000097300000)
AC   0  S CS TS    11 PTAMS 0x0000000097300000 NTAMS 0x0000000097300000 space 1024K, 100% used [0x0000000097300000, 0x0000000097400000)
AC   0  S CS TS    11 PTAMS 0x0000000097400000 NTAMS 0x0000000097400000 space 1024K, 100% used [0x0000000097400000, 0x0000000097500000)
AC   0  S CS TS    11 PTAMS 0x0000000097500000 NTAMS 0x0000000097500000 space 1024K, 100% used [0x0000000097500000, 0x0000000097600000)
AC   0  S CS TS    11 PTAMS 0x0000000097600000 NTAMS 0x0000000097600000 space 1024K, 100% used [0x0000000097600000, 0x0000000097700000)
AC   0  S CS TS    11 PTAMS 0x0000000097700000 NTAMS 0x0000000097700000 space 1024K, 100% used [0x0000000097700000, 0x0000000097800000)
AC   0  S CS TS    11 PTAMS 0x0000000097800000 NTAMS 0x0000000097800000 space 1024K, 100% used [0x0000000097800000, 0x0000000097900000)
AC   0  S CS TS    11 PTAMS 0x0000000097900000 NTAMS 0x0000000097900000 space 1024K, 100% used [0x0000000097900000, 0x0000000097a00000)
AC   0  S CS TS    11 PTAMS 0x0000000097a00000 NTAMS 0x0000000097a00000 space 1024K, 100% used [0x0000000097a00000, 0x0000000097b00000)
AC   0  S CS TS    11 PTAMS 0x0000000097b00000 NTAMS 0x0000000097b00000 space 1024K, 100% used [0x0000000097b00000, 0x0000000097c00000)
AC   0  S CS TS    11 PTAMS 0x0000000097c00000 NTAMS 0x0000000097c00000 space 1024K, 100% used [0x0000000097c00000, 0x0000000097d00000)
AC   0  S CS TS    11 PTAMS 0x0000000097d00000 NTAMS 0x0000000097d00000 space 1024K, 100% used [0x0000000097d00000, 0x0000000097e00000)
AC   0  S CS TS    11 PTAMS 0x0000000097e00000 NTAMS 0x0000000097e00000 space 1024K, 100% used [0x0000000097e00000, 0x0000000097f00000)
AC   0  S CS TS    11 PTAMS 0x0000000097f00000 NTAMS 0x0000000097f00000 space 1024K, 100% used [0x0000000097f00000, 0x0000000098000000)
AC   0  S CS TS    11 PTAMS 0x0000000098000000 NTAMS 0x0000000098000000 space 1024K, 100% used [0x0000000098000000, 0x0000000098100000)
AC   0  S CS TS    11 PTAMS 0x0000000098100000 NTAMS 0x0000000098100000 space 1024K, 100% used [0x0000000098100000, 0x0000000098200000)
AC   0  F    TS     5 PTAMS 0x0000000098200000 NTAMS 0x0000000098200000 space 1024K,   0% used [0x0000000098200000, 0x0000000098300000)
AC   0  F    TS     5 PTAMS 0x0000000098300000 NTAMS 0x0000000098300000 space 1024K,   0% used [0x0000000098300000, 0x0000000098400000)
AC   0  F    TS     5 PTAMS 0x0000000098400000 NTAMS 0x0000000098400000 space 1024K,   0% used [0x0000000098400000, 0x0000000098500000)
AC   0  F    TS     5 PTAMS 0x0000000098500000 NTAMS 0x0000000098500000 space 1024K,   0% used [0x0000000098500000, 0x0000000098600000)
AC   0  F    TS     5 PTAMS 0x0000000098600000 NTAMS 0x0000000098600000 space 1024K,   0% used [0x0000000098600000, 0x0000000098700000)
AC   0  F    TS     5 PTAMS 0x0000000098700000 NTAMS 0x0000000098700000 space 1024K,   0% used [0x0000000098700000, 0x0000000098800000)
AC   0  F    TS     5 PTAMS 0x0000000098800000 NTAMS 0x0000000098800000 space 1024K,   0% used [0x0000000098800000, 0x0000000098900000)
AC   0  F    TS     5 PTAMS 0x0000000098900000 NTAMS 0x0000000098900000 space 1024K,   0% used [0x0000000098900000, 0x0000000098a00000)
AC   0  F    TS     5 PTAMS 0x0000000098a00000 NTAMS 0x0000000098a00000 space 1024K,   0% used [0x0000000098a00000, 0x0000000098b00000)
AC   0  F    TS     5 PTAMS 0x0000000098b00000 NTAMS 0x0000000098b00000 space 1024K,   0% used [0x0000000098b00000, 0x0000000098c00000)
AC   0  F    TS     5 PTAMS 0x0000000098c00000 NTAMS 0x0000000098c00000 space 1024K,   0% used [0x0000000098c00000, 0x0000000098d00000)
AC   0  F    TS     5 PTAMS 0x0000000098d00000 NTAMS 0x0000000098d00000 space 1024K,   0% used [0x0000000098d00000, 0x0000000098e00000)
AC   0  F    TS     5 PTAMS 0x0000000098e00000 NTAMS 0x0000000098e00000 space 1024K,   0% used [0x0000000098e00000, 0x0000000098f00000)
AC   0  F    TS     5 PTAMS 0x0000000098f00000 NTAMS 0x0000000098f00000 space 1024K,   0% used [0x0000000098f00000, 0x0000000099000000)
AC   0  F    TS     5 PTAMS 0x0000000099000000 NTAMS 0x0000000099000000 space 1024K,   0% used [0x0000000099000000, 0x0000000099100000)
AC   0  F    TS     5 PTAMS 0x0000000099100000 NTAMS 0x0000000099100000 space 1024K,   0% used [0x0000000099100000, 0x0000000099200000)
AC   0  F    TS     5 PTAMS 0x0000000099200000 NTAMS 0x0000000099200000 space 1024K,   0% used [0x0000000099200000, 0x0000000099300000)
AC   0  F    TS     5 PTAMS 0x0000000099300000 NTAMS 0x0000000099300000 space 1024K,   0% used [0x0000000099300000, 0x0000000099400000)
AC   0  F    TS     5 PTAMS 0x0000000099400000 NTAMS 0x0000000099400000 space 1024K,   0% used [0x0000000099400000, 0x0000000099500000)
AC   0  F    TS     5 PTAMS 0x0000000099500000 NTAMS 0x0000000099500000 space 1024K,   0% used [0x0000000099500000, 0x0000000099600000)
AC   0  F    TS     5 PTAMS 0x0000000099600000 NTAMS 0x0000000099600000 space 1024K,   0% used [0x0000000099600000, 0x0000000099700000)
AC   0  F    TS     5 PTAMS 0x0000000099700000 NTAMS 0x0000000099700000 space 1024K,   0% used [0x0000000099700000, 0x0000000099800000)
AC   0  F    TS     5 PTAMS 0x0000000099800000 NTAMS 0x0000000099800000 space 1024K,   0% used [0x0000000099800000, 0x0000000099900000)
AC   0  F    TS     5 PTAMS 0x0000000099900000 NTAMS 0x0000000099900000 space 1024K,   0% used [0x0000000099900000, 0x0000000099a00000)
AC   0  F    TS     5 PTAMS 0x0000000099a00000 NTAMS 0x0000000099a00000 space 1024K,   0% used [0x0000000099a00000, 0x0000000099b00000)
AC   0  F    TS     5 PTAMS 0x0000000099b00000 NTAMS 0x0000000099b00000 space 1024K,   0% used [0x0000000099b00000, 0x0000000099c00000)
AC   0  F    TS     5 PTAMS 0x0000000099c00000 NTAMS 0x0000000099c00000 space 1024K,   0% used [0x0000000099c00000, 0x0000000099d00000)
AC   0  F    TS     5 PTAMS 0x0000000099d00000 NTAMS 0x0000000099d00000 space 1024K,   0% used [0x0000000099d00000, 0x0000000099e00000)
AC   0  F    TS     5 PTAMS 0x0000000099e00000 NTAMS 0x0000000099e00000 space 1024K,   0% used [0x0000000099e00000, 0x0000000099f00000)
AC   0  F    TS     5 PTAMS 0x0000000099f00000 NTAMS 0x0000000099f00000 space 1024K,   0% used [0x0000000099f00000, 0x000000009a000000)
AC   0  F    TS     5 PTAMS 0x000000009a000000 NTAMS 0x000000009a000000 space 1024K,   0% used [0x000000009a000000, 0x000000009a100000)
AC   0  F    TS     5 PTAMS 0x000000009a100000 NTAMS 0x000000009a100000 space 1024K,   0% used [0x000000009a100000, 0x000000009a200000)
AC   0  F    TS     5 PTAMS 0x000000009a200000 NTAMS 0x000000009a200000 space 1024K,   0% used [0x000000009a200000, 0x000000009a300000)
AC   0  F    TS     5 PTAMS 0x000000009a300000 NTAMS 0x000000009a300000 space 1024K,   0% used [0x000000009a300000, 0x000000009a400000)
AC   0  F    TS     5 PTAMS 0x000000009a400000 NTAMS 0x000000009a400000 space 1024K,   0% used [0x000000009a400000, 0x000000009a500000)
AC   0  F    TS     5 PTAMS 0x000000009a500000 NTAMS 0x000000009a500000 space 1024K,   0% used [0x000000009a500000, 0x000000009a600000)
AC   0  F    TS     5 PTAMS 0x000000009a600000 NTAMS 0x000000009a600000 space 1024K,   0% used [0x000000009a600000, 0x000000009a700000)
AC   0  F    TS     5 PTAMS 0x000000009a700000 NTAMS 0x000000009a700000 space 1024K,   0% used [0x000000009a700000, 0x000000009a800000)
AC   0  F    TS     5 PTAMS 0x000000009a800000 NTAMS 0x000000009a800000 space 1024K,   0% used [0x000000009a800000, 0x000000009a900000)
AC   0  F    TS     5 PTAMS 0x000000009a900000 NTAMS 0x000000009a900000 space 1024K,   0% used [0x000000009a900000, 0x000000009aa00000)
AC   0  F    TS     5 PTAMS 0x000000009aa00000 NTAMS 0x000000009aa00000 space 1024K,   0% used [0x000000009aa00000, 0x000000009ab00000)
AC   0  F    TS     5 PTAMS 0x000000009ab00000 NTAMS 0x000000009ab00000 space 1024K,   0% used [0x000000009ab00000, 0x000000009ac00000)
AC   0  F    TS     5 PTAMS 0x000000009ac00000 NTAMS 0x000000009ac00000 space 1024K,   0% used [0x000000009ac00000, 0x000000009ad00000)
AC   0  F    TS     5 PTAMS 0x000000009ad00000 NTAMS 0x000000009ad00000 space 1024K,   0% used [0x000000009ad00000, 0x000000009ae00000)
AC   0  F    TS     5 PTAMS 0x000000009ae00000 NTAMS 0x000000009ae00000 space 1024K,   0% used [0x000000009ae00000, 0x000000009af00000)
AC   0  F    TS     5 PTAMS 0x000000009af00000 NTAMS 0x000000009af00000 space 1024K,   0% used [0x000000009af00000, 0x000000009b000000)
AC   0  F    TS     5 PTAMS 0x000000009b000000 NTAMS 0x000000009b000000 space 1024K,   0% used [0x000000009b000000, 0x000000009b100000)
AC   0  F    TS     5 PTAMS 0x000000009b100000 NTAMS 0x000000009b100000 space 1024K,   0% used [0x000000009b100000, 0x000000009b200000)
AC   0  F    TS     5 PTAMS 0x000000009b200000 NTAMS 0x000000009b200000 space 1024K,   0% used [0x000000009b200000, 0x000000009b300000)
AC   0  F    TS     5 PTAMS 0x000000009b300000 NTAMS 0x000000009b300000 space 1024K,   0% used [0x000000009b300000, 0x000000009b400000)
AC   0  F    TS     5 PTAMS 0x000000009b400000 NTAMS 0x000000009b400000 space 1024K,   0% used [0x000000009b400000, 0x000000009b500000)
AC   0  F    TS     5 PTAMS 0x000000009b500000 NTAMS 0x000000009b500000 space 1024K,   0% used [0x000000009b500000, 0x000000009b600000)
AC   0  F    TS     5 PTAMS 0x000000009b600000 NTAMS 0x000000009b600000 space 1024K,   0% used [0x000000009b600000, 0x000000009b700000)
AC   0  F    TS     5 PTAMS 0x000000009b700000 NTAMS 0x000000009b700000 space 1024K,   0% used [0x000000009b700000, 0x000000009b800000)
AC   0  F    TS     5 PTAMS 0x000000009b800000 NTAMS 0x000000009b800000 space 1024K,   0% used [0x000000009b800000, 0x000000009b900000)
AC   0  F    TS     5 PTAMS 0x000000009b900000 NTAMS 0x000000009b900000 space 1024K,   0% used [0x000000009b900000, 0x000000009ba00000)
AC   0  F    TS     5 PTAMS 0x000000009ba00000 NTAMS 0x000000009ba00000 space 1024K,   0% used [0x000000009ba00000, 0x000000009bb00000)
AC   0  F    TS     5 PTAMS 0x000000009bb00000 NTAMS 0x000000009bb00000 space 1024K,   0% used [0x000000009bb00000, 0x000000009bc00000)
AC   0  F    TS     5 PTAMS 0x000000009bc00000 NTAMS 0x000000009bc00000 space 1024K,   0% used [0x000000009bc00000, 0x000000009bd00000)
AC   0  F    TS     5 PTAMS 0x000000009bd00000 NTAMS 0x000000009bd00000 space 1024K,   0% used [0x000000009bd00000, 0x000000009be00000)
AC   0  F    TS     5 PTAMS 0x000000009be00000 NTAMS 0x000000009be00000 space 1024K,   0% used [0x000000009be00000, 0x000000009bf00000)
AC   0  F    TS     5 PTAMS 0x000000009bf00000 NTAMS 0x000000009bf00000 space 1024K,   0% used [0x000000009bf00000, 0x000000009c000000)
AC   0  F    TS     5 PTAMS 0x000000009c000000 NTAMS 0x000000009c000000 space 1024K,   0% used [0x000000009c000000, 0x000000009c100000)
AC   0  F    TS     5 PTAMS 0x000000009c100000 NTAMS 0x000000009c100000 space 1024K,   0% used [0x000000009c100000, 0x000000009c200000)
AC   0  F    TS     5 PTAMS 0x000000009c200000 NTAMS 0x000000009c200000 space 1024K,   0% used [0x000000009c200000, 0x000000009c300000)
AC   0  F    TS     5 PTAMS 0x000000009c300000 NTAMS 0x000000009c300000 space 1024K,   0% used [0x000000009c300000, 0x000000009c400000)
AC   0  F    TS     5 PTAMS 0x000000009c400000 NTAMS 0x000000009c400000 space 1024K,   0% used [0x000000009c400000, 0x000000009c500000)
AC   0  F    TS     5 PTAMS 0x000000009c500000 NTAMS 0x000000009c500000 space 1024K,   0% used [0x000000009c500000, 0x000000009c600000)
AC   0  F    TS     5 PTAMS 0x000000009c600000 NTAMS 0x000000009c600000 space 1024K,   0% used [0x000000009c600000, 0x000000009c700000)
AC   0  F    TS     5 PTAMS 0x000000009c700000 NTAMS 0x000000009c700000 space 1024K,   0% used [0x000000009c700000, 0x000000009c800000)
AC   0  F    TS     5 PTAMS 0x000000009c800000 NTAMS 0x000000009c800000 space 1024K,   0% used [0x000000009c800000, 0x000000009c900000)
AC   0  F    TS     5 PTAMS 0x000000009c900000 NTAMS 0x000000009c900000 space 1024K,   0% used [0x000000009c900000, 0x000000009ca00000)
AC   0  F    TS     5 PTAMS 0x000000009ca00000 NTAMS 0x000000009ca00000 space 1024K,   0% used [0x000000009ca00000, 0x000000009cb00000)
AC   0  F    TS     5 PTAMS 0x000000009cb00000 NTAMS 0x000000009cb00000 space 1024K,   0% used [0x000000009cb00000, 0x000000009cc00000)
AC   0  F    TS     5 PTAMS 0x000000009cc00000 NTAMS 0x000000009cc00000 space 1024K,   0% used [0x000000009cc00000, 0x000000009cd00000)
AC   0  F    TS     5 PTAMS 0x000000009cd00000 NTAMS 0x000000009cd00000 space 1024K,   0% used [0x000000009cd00000, 0x000000009ce00000)
AC   0  F    TS     5 PTAMS 0x000000009ce00000 NTAMS 0x000000009ce00000 space 1024K,   0% used [0x000000009ce00000, 0x000000009cf00000)
AC   0  F    TS     5 PTAMS 0x000000009cf00000 NTAMS 0x000000009cf00000 space 1024K,   0% used [0x000000009cf00000, 0x000000009d000000)
AC   0  F    TS     5 PTAMS 0x000000009d000000 NTAMS 0x000000009d000000 space 1024K,   0% used [0x000000009d000000, 0x000000009d100000)
AC   0  F    TS     5 PTAMS 0x000000009d100000 NTAMS 0x000000009d100000 space 1024K,   0% used [0x000000009d100000, 0x000000009d200000)
AC   0  F    TS     5 PTAMS 0x000000009d200000 NTAMS 0x000000009d200000 space 1024K,   0% used [0x000000009d200000, 0x000000009d300000)
AC   0  F    TS     5 PTAMS 0x000000009d300000 NTAMS 0x000000009d300000 space 1024K,   0% used [0x000000009d300000, 0x000000009d400000)
AC   0  F    TS     5 PTAMS 0x000000009d400000 NTAMS 0x000000009d400000 space 1024K,   0% used [0x000000009d400000, 0x000000009d500000)
AC   0  F    TS     5 PTAMS 0x000000009d500000 NTAMS 0x000000009d500000 space 1024K,   0% used [0x000000009d500000, 0x000000009d600000)
AC   0  F    TS     5 PTAMS 0x000000009d600000 NTAMS 0x000000009d600000 space 1024K,   0% used [0x000000009d600000, 0x000000009d700000)
AC   0  F    TS     5 PTAMS 0x000000009d700000 NTAMS 0x000000009d700000 space 1024K,   0% used [0x000000009d700000, 0x000000009d800000)
AC   0  F    TS     5 PTAMS 0x000000009d800000 NTAMS 0x000000009d800000 space 1024K,   0% used [0x000000009d800000, 0x000000009d900000)
AC   0  F    TS     5 PTAMS 0x000000009d900000 NTAMS 0x000000009d900000 space 1024K,   0% used [0x000000009d900000, 0x000000009da00000)
AC   0  F    TS     5 PTAMS 0x000000009da00000 NTAMS 0x000000009da00000 space 1024K,   0% used [0x000000009da00000, 0x000000009db00000)
AC   0  F    TS     5 PTAMS 0x000000009db00000 NTAMS 0x000000009db00000 space 1024K,   0% used [0x000000009db00000, 0x000000009dc00000)
AC   0  F    TS     5 PTAMS 0x000000009dc00000 NTAMS 0x000000009dc00000 space 1024K,   0% used [0x000000009dc00000, 0x000000009dd00000)
AC   0  F    TS     5 PTAMS 0x000000009dd00000 NTAMS 0x000000009dd00000 space 1024K,   0% used [0x000000009dd00000, 0x000000009de00000)
AC   0  F    TS     5 PTAMS 0x000000009de00000 NTAMS 0x000000009de00000 space 1024K,   0% used [0x000000009de00000, 0x000000009df00000)
AC   0  F    TS     5 PTAMS 0x000000009df00000 NTAMS 0x000000009df00000 space 1024K,   0% used [0x000000009df00000, 0x000000009e000000)
AC   0  F    TS     5 PTAMS 0x000000009e000000 NTAMS 0x000000009e000000 space 1024K,   0% used [0x000000009e000000, 0x000000009e100000)
AC   0  F    TS     5 PTAMS 0x000000009e100000 NTAMS 0x000000009e100000 space 1024K,   0% used [0x000000009e100000, 0x000000009e200000)
AC   0  F    TS     5 PTAMS 0x000000009e200000 NTAMS 0x000000009e200000 space 1024K,   0% used [0x000000009e200000, 0x000000009e300000)
AC   0  F    TS     5 PTAMS 0x000000009e300000 NTAMS 0x000000009e300000 space 1024K,   0% used [0x000000009e300000, 0x000000009e400000)
AC   0  F    TS     5 PTAMS 0x000000009e400000 NTAMS 0x000000009e400000 space 1024K,   0% used [0x000000009e400000, 0x000000009e500000)
AC   0  F    TS     5 PTAMS 0x000000009e500000 NTAMS 0x000000009e500000 space 1024K,   0% used [0x000000009e500000, 0x000000009e600000)
AC   0  F    TS     5 PTAMS 0x000000009e600000 NTAMS 0x000000009e600000 space 1024K,   0% used [0x000000009e600000, 0x000000009e700000)
AC   0  F    TS     5 PTAMS 0x000000009e700000 NTAMS 0x000000009e700000 space 1024K,   0% used [0x000000009e700000, 0x000000009e800000)
AC   0  F    TS     5 PTAMS 0x000000009e800000 NTAMS 0x000000009e800000 space 1024K,   0% used [0x000000009e800000, 0x000000009e900000)
AC   0  F    TS     5 PTAMS 0x000000009e900000 NTAMS 0x000000009e900000 space 1024K,   0% used [0x000000009e900000, 0x000000009ea00000)
AC   0  F    TS     5 PTAMS 0x000000009ea00000 NTAMS 0x000000009ea00000 space 1024K,   0% used [0x000000009ea00000, 0x000000009eb00000)
AC   0  F    TS     5 PTAMS 0x000000009eb00000 NTAMS 0x000000009eb00000 space 1024K,   0% used [0x000000009eb00000, 0x000000009ec00000)
AC   0  F    TS     5 PTAMS 0x000000009ec00000 NTAMS 0x000000009ec00000 space 1024K,   0% used [0x000000009ec00000, 0x000000009ed00000)
AC   0  F    TS     5 PTAMS 0x000000009ed00000 NTAMS 0x000000009ed00000 space 1024K,   0% used [0x000000009ed00000, 0x000000009ee00000)
AC   0  F    TS     5 PTAMS 0x000000009ee00000 NTAMS 0x000000009ee00000 space 1024K,   0% used [0x000000009ee00000, 0x000000009ef00000)
AC   0  F    TS     5 PTAMS 0x000000009ef00000 NTAMS 0x000000009ef00000 space 1024K,   0% used [0x000000009ef00000, 0x000000009f000000)
AC   0  F    TS     5 PTAMS 0x000000009f000000 NTAMS 0x000000009f000000 space 1024K,   0% used [0x000000009f000000, 0x000000009f100000)
AC   0  F    TS     5 PTAMS 0x000000009f100000 NTAMS 0x000000009f100000 space 1024K,   0% used [0x000000009f100000, 0x000000009f200000)
AC   0  F    TS     5 PTAMS 0x000000009f200000 NTAMS 0x000000009f200000 space 1024K,   0% used [0x000000009f200000, 0x000000009f300000)
AC   0  F    TS     5 PTAMS 0x000000009f300000 NTAMS 0x000000009f300000 space 1024K,   0% used [0x000000009f300000, 0x000000009f400000)
AC   0  F    TS     5 PTAMS 0x000000009f400000 NTAMS 0x000000009f400000 space 1024K,   0% used [0x000000009f400000, 0x000000009f500000)
AC   0  F    TS     5 PTAMS 0x000000009f500000 NTAMS 0x000000009f500000 space 1024K,   0% used [0x000000009f500000, 0x000000009f600000)
AC   0  F    TS     5 PTAMS 0x000000009f600000 NTAMS 0x000000009f600000 space 1024K,   0% used [0x000000009f600000, 0x000000009f700000)
AC   0  F    TS     5 PTAMS 0x000000009f700000 NTAMS 0x000000009f700000 space 1024K,   0% used [0x000000009f700000, 0x000000009f800000)
AC   0  F    TS     5 PTAMS 0x000000009f800000 NTAMS 0x000000009f800000 space 1024K,   0% used [0x000000009f800000, 0x000000009f900000)
AC   0  F    TS     5 PTAMS 0x000000009f900000 NTAMS 0x000000009f900000 space 1024K,   0% used [0x000000009f900000, 0x000000009fa00000)
AC   0  F    TS     5 PTAMS 0x000000009fa00000 NTAMS 0x000000009fa00000 space 1024K,   0% used [0x000000009fa00000, 0x000000009fb00000)
AC   0  F    TS     5 PTAMS 0x000000009fb00000 NTAMS 0x000000009fb00000 space 1024K,   0% used [0x000000009fb00000, 0x000000009fc00000)
AC   0  F    TS     5 PTAMS 0x000000009fc00000 NTAMS 0x000000009fc00000 space 1024K,   0% used [0x000000009fc00000, 0x000000009fd00000)
AC   0  F    TS     5 PTAMS 0x000000009fd00000 NTAMS 0x000000009fd00000 space 1024K,   0% used [0x000000009fd00000, 0x000000009fe00000)
AC   0  F    TS     5 PTAMS 0x000000009fe00000 NTAMS 0x000000009fe00000 space 1024K,   0% used [0x000000009fe00000, 0x000000009ff00000)
AC   0  F    TS     5 PTAMS 0x000000009ff00000 NTAMS 0x000000009ff00000 space 1024K,   0% used [0x000000009ff00000, 0x00000000a0000000)
AC   0  F    TS     7 PTAMS 0x00000000a0000000 NTAMS 0x00000000a0000000 space 1024K,   0% used [0x00000000a0000000, 0x00000000a0100000)
AC   0  F    TS     7 PTAMS 0x00000000a0100000 NTAMS 0x00000000a0100000 space 1024K,   0% used [0x00000000a0100000, 0x00000000a0200000)
AC   0  F    TS     7 PTAMS 0x00000000a0200000 NTAMS 0x00000000a0200000 space 1024K,   0% used [0x00000000a0200000, 0x00000000a0300000)
AC   0  F    TS     7 PTAMS 0x00000000a0300000 NTAMS 0x00000000a0300000 space 1024K,   0% used [0x00000000a0300000, 0x00000000a0400000)
AC   0  F    TS     7 PTAMS 0x00000000a0400000 NTAMS 0x00000000a0400000 space 1024K,   0% used [0x00000000a0400000, 0x00000000a0500000)
AC   0  F    TS     7 PTAMS 0x00000000a0500000 NTAMS 0x00000000a0500000 space 1024K,   0% used [0x00000000a0500000, 0x00000000a0600000)
AC   0  F    TS     7 PTAMS 0x00000000a0600000 NTAMS 0x00000000a0600000 space 1024K,   0% used [0x00000000a0600000, 0x00000000a0700000)
AC   0  F    TS     7 PTAMS 0x00000000a0700000 NTAMS 0x00000000a0700000 space 1024K,   0% used [0x00000000a0700000, 0x00000000a0800000)
AC   0  F    TS     7 PTAMS 0x00000000a0800000 NTAMS 0x00000000a0800000 space 1024K,   0% used [0x00000000a0800000, 0x00000000a0900000)
AC   0  F    TS     7 PTAMS 0x00000000a0900000 NTAMS 0x00000000a0900000 space 1024K,   0% used [0x00000000a0900000, 0x00000000a0a00000)
AC   0  F    TS     7 PTAMS 0x00000000a0a00000 NTAMS 0x00000000a0a00000 space 1024K,   0% used [0x00000000a0a00000, 0x00000000a0b00000)
AC   0  F    TS     7 PTAMS 0x00000000a0b00000 NTAMS 0x00000000a0b00000 space 1024K,   0% used [0x00000000a0b00000, 0x00000000a0c00000)
AC   0  F    TS     7 PTAMS 0x00000000a0c00000 NTAMS 0x00000000a0c00000 space 1024K,   0% used [0x00000000a0c00000, 0x00000000a0d00000)
AC   0  F    TS     7 PTAMS 0x00000000a0d00000 NTAMS 0x00000000a0d00000 space 1024K,   0% used [0x00000000a0d00000, 0x00000000a0e00000)
AC   0  F    TS     7 PTAMS 0x00000000a0e00000 NTAMS 0x00000000a0e00000 space 1024K,   0% used [0x00000000a0e00000, 0x00000000a0f00000)
AC   0  F    TS     7 PTAMS 0x00000000a0f00000 NTAMS 0x00000000a0f00000 space 1024K,   0% used [0x00000000a0f00000, 0x00000000a1000000)
AC   0  F    TS     7 PTAMS 0x00000000a1000000 NTAMS 0x00000000a1000000 space 1024K,   0% used [0x00000000a1000000, 0x00000000a1100000)
AC   0  F    TS     7 PTAMS 0x00000000a1100000 NTAMS 0x00000000a1100000 space 1024K,   0% used [0x00000000a1100000, 0x00000000a1200000)
AC   0  F    TS     7 PTAMS 0x00000000a1200000 NTAMS 0x00000000a1200000 space 1024K,   0% used [0x00000000a1200000, 0x00000000a1300000)
AC   0  F    TS     7 PTAMS 0x00000000a1300000 NTAMS 0x00000000a1300000 space 1024K,   0% used [0x00000000a1300000, 0x00000000a1400000)
AC   0  F    TS     7 PTAMS 0x00000000a1400000 NTAMS 0x00000000a1400000 space 1024K,   0% used [0x00000000a1400000, 0x00000000a1500000)
AC   0  F    TS     7 PTAMS 0x00000000a1500000 NTAMS 0x00000000a1500000 space 1024K,   0% used [0x00000000a1500000, 0x00000000a1600000)
AC   0  F    TS     7 PTAMS 0x00000000a1600000 NTAMS 0x00000000a1600000 space 1024K,   0% used [0x00000000a1600000, 0x00000000a1700000)
AC   0  F    TS     7 PTAMS 0x00000000a1700000 NTAMS 0x00000000a1700000 space 1024K,   0% used [0x00000000a1700000, 0x00000000a1800000)
AC   0  F    TS     7 PTAMS 0x00000000a1800000 NTAMS 0x00000000a1800000 space 1024K,   0% used [0x00000000a1800000, 0x00000000a1900000)
AC   0  F    TS     7 PTAMS 0x00000000a1900000 NTAMS 0x00000000a1900000 space 1024K,   0% used [0x00000000a1900000, 0x00000000a1a00000)
AC   0  F    TS     7 PTAMS 0x00000000a1a00000 NTAMS 0x00000000a1a00000 space 1024K,   0% used [0x00000000a1a00000, 0x00000000a1b00000)
AC   0  F    TS     7 PTAMS 0x00000000a1b00000 NTAMS 0x00000000a1b00000 space 1024K,   0% used [0x00000000a1b00000, 0x00000000a1c00000)
AC   0  F    TS     7 PTAMS 0x00000000a1c00000 NTAMS 0x00000000a1c00000 space 1024K,   0% used [0x00000000a1c00000, 0x00000000a1d00000)
AC   0  F    TS     7 PTAMS 0x00000000a1d00000 NTAMS 0x00000000a1d00000 space 1024K,   0% used [0x00000000a1d00000, 0x00000000a1e00000)
AC   0  F    TS     7 PTAMS 0x00000000a1e00000 NTAMS 0x00000000a1e00000 space 1024K,   0% used [0x00000000a1e00000, 0x00000000a1f00000)
AC   0  F    TS     7 PTAMS 0x00000000a1f00000 NTAMS 0x00000000a1f00000 space 1024K,   0% used [0x00000000a1f00000, 0x00000000a2000000)
AC   0  F    TS     7 PTAMS 0x00000000a2000000 NTAMS 0x00000000a2000000 space 1024K,   0% used [0x00000000a2000000, 0x00000000a2100000)
AC   0  F    TS     7 PTAMS 0x00000000a2100000 NTAMS 0x00000000a2100000 space 1024K,   0% used [0x00000000a2100000, 0x00000000a2200000)
AC   0  F    TS     7 PTAMS 0x00000000a2200000 NTAMS 0x00000000a2200000 space 1024K,   0% used [0x00000000a2200000, 0x00000000a2300000)
AC   0  F    TS     7 PTAMS 0x00000000a2300000 NTAMS 0x00000000a2300000 space 1024K,   0% used [0x00000000a2300000, 0x00000000a2400000)
AC   0  F    TS     7 PTAMS 0x00000000a2400000 NTAMS 0x00000000a2400000 space 1024K,   0% used [0x00000000a2400000, 0x00000000a2500000)
AC   0  F    TS     7 PTAMS 0x00000000a2500000 NTAMS 0x00000000a2500000 space 1024K,   0% used [0x00000000a2500000, 0x00000000a2600000)
AC   0  F    TS     7 PTAMS 0x00000000a2600000 NTAMS 0x00000000a2600000 space 1024K,   0% used [0x00000000a2600000, 0x00000000a2700000)
AC   0  F    TS     7 PTAMS 0x00000000a2700000 NTAMS 0x00000000a2700000 space 1024K,   0% used [0x00000000a2700000, 0x00000000a2800000)
AC   0  F    TS     7 PTAMS 0x00000000a2800000 NTAMS 0x00000000a2800000 space 1024K,   0% used [0x00000000a2800000, 0x00000000a2900000)
AC   0  F    TS     7 PTAMS 0x00000000a2900000 NTAMS 0x00000000a2900000 space 1024K,   0% used [0x00000000a2900000, 0x00000000a2a00000)
AC   0  F    TS     7 PTAMS 0x00000000a2a00000 NTAMS 0x00000000a2a00000 space 1024K,   0% used [0x00000000a2a00000, 0x00000000a2b00000)
AC   0  F    TS     7 PTAMS 0x00000000a2b00000 NTAMS 0x00000000a2b00000 space 1024K,   0% used [0x00000000a2b00000, 0x00000000a2c00000)
AC   0  F    TS     7 PTAMS 0x00000000a2c00000 NTAMS 0x00000000a2c00000 space 1024K,   0% used [0x00000000a2c00000, 0x00000000a2d00000)
AC   0  F    TS     7 PTAMS 0x00000000a2d00000 NTAMS 0x00000000a2d00000 space 1024K,   0% used [0x00000000a2d00000, 0x00000000a2e00000)
AC   0  F    TS     7 PTAMS 0x00000000a2e00000 NTAMS 0x00000000a2e00000 space 1024K,   0% used [0x00000000a2e00000, 0x00000000a2f00000)
AC   0  F    TS     7 PTAMS 0x00000000a2f00000 NTAMS 0x00000000a2f00000 space 1024K,   0% used [0x00000000a2f00000, 0x00000000a3000000)
AC   0  F    TS     7 PTAMS 0x00000000a3000000 NTAMS 0x00000000a3000000 space 1024K,   0% used [0x00000000a3000000, 0x00000000a3100000)
AC   0  F    TS     7 PTAMS 0x00000000a3100000 NTAMS 0x00000000a3100000 space 1024K,   0% used [0x00000000a3100000, 0x00000000a3200000)
AC   0  F    TS     7 PTAMS 0x00000000a3200000 NTAMS 0x00000000a3200000 space 1024K,   0% used [0x00000000a3200000, 0x00000000a3300000)
AC   0  F    TS     7 PTAMS 0x00000000a3300000 NTAMS 0x00000000a3300000 space 1024K,   0% used [0x00000000a3300000, 0x00000000a3400000)
AC   0  F    TS     7 PTAMS 0x00000000a3400000 NTAMS 0x00000000a3400000 space 1024K,   0% used [0x00000000a3400000, 0x00000000a3500000)
AC   0  F    TS     7 PTAMS 0x00000000a3500000 NTAMS 0x00000000a3500000 space 1024K,   0% used [0x00000000a3500000, 0x00000000a3600000)
AC   0  F    TS     7 PTAMS 0x00000000a3600000 NTAMS 0x00000000a3600000 space 1024K,   0% used [0x00000000a3600000, 0x00000000a3700000)
AC   0  F    TS     7 PTAMS 0x00000000a3700000 NTAMS 0x00000000a3700000 space 1024K,   0% used [0x00000000a3700000, 0x00000000a3800000)
AC   0  F    TS     7 PTAMS 0x00000000a3800000 NTAMS 0x00000000a3800000 space 1024K,   0% used [0x00000000a3800000, 0x00000000a3900000)
AC   0  F    TS     7 PTAMS 0x00000000a3900000 NTAMS 0x00000000a3900000 space 1024K,   0% used [0x00000000a3900000, 0x00000000a3a00000)
AC   0  F    TS     7 PTAMS 0x00000000a3a00000 NTAMS 0x00000000a3a00000 space 1024K,   0% used [0x00000000a3a00000, 0x00000000a3b00000)
AC   0  F    TS     7 PTAMS 0x00000000a3b00000 NTAMS 0x00000000a3b00000 space 1024K,   0% used [0x00000000a3b00000, 0x00000000a3c00000)
AC   0  F    TS     7 PTAMS 0x00000000a3c00000 NTAMS 0x00000000a3c00000 space 1024K,   0% used [0x00000000a3c00000, 0x00000000a3d00000)
AC   0  F    TS     7 PTAMS 0x00000000a3d00000 NTAMS 0x00000000a3d00000 space 1024K,   0% used [0x00000000a3d00000, 0x00000000a3e00000)
AC   0  F    TS     7 PTAMS 0x00000000a3e00000 NTAMS 0x00000000a3e00000 space 1024K,   0% used [0x00000000a3e00000, 0x00000000a3f00000)
AC   0  F    TS     7 PTAMS 0x00000000a3f00000 NTAMS 0x00000000a3f00000 space 1024K,   0% used [0x00000000a3f00000, 0x00000000a4000000)
AC   0  F    TS     7 PTAMS 0x00000000a4000000 NTAMS 0x00000000a4000000 space 1024K,   0% used [0x00000000a4000000, 0x00000000a4100000)
AC   0  F    TS     7 PTAMS 0x00000000a4100000 NTAMS 0x00000000a4100000 space 1024K,   0% used [0x00000000a4100000, 0x00000000a4200000)
AC   0  F    TS     7 PTAMS 0x00000000a4200000 NTAMS 0x00000000a4200000 space 1024K,   0% used [0x00000000a4200000, 0x00000000a4300000)
AC   0  F    TS     7 PTAMS 0x00000000a4300000 NTAMS 0x00000000a4300000 space 1024K,   0% used [0x00000000a4300000, 0x00000000a4400000)
AC   0  F    TS     7 PTAMS 0x00000000a4400000 NTAMS 0x00000000a4400000 space 1024K,   0% used [0x00000000a4400000, 0x00000000a4500000)
AC   0  F    TS     7 PTAMS 0x00000000a4500000 NTAMS 0x00000000a4500000 space 1024K,   0% used [0x00000000a4500000, 0x00000000a4600000)
AC   0  F    TS     7 PTAMS 0x00000000a4600000 NTAMS 0x00000000a4600000 space 1024K,   0% used [0x00000000a4600000, 0x00000000a4700000)
AC   0  F    TS     7 PTAMS 0x00000000a4700000 NTAMS 0x00000000a4700000 space 1024K,   0% used [0x00000000a4700000, 0x00000000a4800000)
AC   0  F    TS     7 PTAMS 0x00000000a4800000 NTAMS 0x00000000a4800000 space 1024K,   0% used [0x00000000a4800000, 0x00000000a4900000)
AC   0  F    TS     7 PTAMS 0x00000000a4900000 NTAMS 0x00000000a4900000 space 1024K,   0% used [0x00000000a4900000, 0x00000000a4a00000)
AC   0  F    TS     7 PTAMS 0x00000000a4a00000 NTAMS 0x00000000a4a00000 space 1024K,   0% used [0x00000000a4a00000, 0x00000000a4b00000)
AC   0  F    TS     7 PTAMS 0x00000000a4b00000 NTAMS 0x00000000a4b00000 space 1024K,   0% used [0x00000000a4b00000, 0x00000000a4c00000)
AC   0  F    TS     7 PTAMS 0x00000000a4c00000 NTAMS 0x00000000a4c00000 space 1024K,   0% used [0x00000000a4c00000, 0x00000000a4d00000)
AC   0  F    TS     7 PTAMS 0x00000000a4d00000 NTAMS 0x00000000a4d00000 space 1024K,   0% used [0x00000000a4d00000, 0x00000000a4e00000)
AC   0  F    TS     7 PTAMS 0x00000000a4e00000 NTAMS 0x00000000a4e00000 space 1024K,   0% used [0x00000000a4e00000, 0x00000000a4f00000)
AC   0  F    TS     7 PTAMS 0x00000000a4f00000 NTAMS 0x00000000a4f00000 space 1024K,   0% used [0x00000000a4f00000, 0x00000000a5000000)
AC   0  F    TS     7 PTAMS 0x00000000a5000000 NTAMS 0x00000000a5000000 space 1024K,   0% used [0x00000000a5000000, 0x00000000a5100000)
AC   0  F    TS     7 PTAMS 0x00000000a5100000 NTAMS 0x00000000a5100000 space 1024K,   0% used [0x00000000a5100000, 0x00000000a5200000)
AC   0  F    TS     7 PTAMS 0x00000000a5200000 NTAMS 0x00000000a5200000 space 1024K,   0% used [0x00000000a5200000, 0x00000000a5300000)
AC   0  F    TS     7 PTAMS 0x00000000a5300000 NTAMS 0x00000000a5300000 space 1024K,   0% used [0x00000000a5300000, 0x00000000a5400000)
AC   0  F    TS     7 PTAMS 0x00000000a5400000 NTAMS 0x00000000a5400000 space 1024K,   0% used [0x00000000a5400000, 0x00000000a5500000)
AC   0  F    TS     7 PTAMS 0x00000000a5500000 NTAMS 0x00000000a5500000 space 1024K,   0% used [0x00000000a5500000, 0x00000000a5600000)
AC   0  F    TS     7 PTAMS 0x00000000a5600000 NTAMS 0x00000000a5600000 space 1024K,   0% used [0x00000000a5600000, 0x00000000a5700000)
AC   0  F    TS     7 PTAMS 0x00000000a5700000 NTAMS 0x00000000a5700000 space 1024K,   0% used [0x00000000a5700000, 0x00000000a5800000)
AC   0  F    TS     7 PTAMS 0x00000000a5800000 NTAMS 0x00000000a5800000 space 1024K,   0% used [0x00000000a5800000, 0x00000000a5900000)
AC   0  F    TS     7 PTAMS 0x00000000a5900000 NTAMS 0x00000000a5900000 space 1024K,   0% used [0x00000000a5900000, 0x00000000a5a00000)
AC   0  F    TS     7 PTAMS 0x00000000a5a00000 NTAMS 0x00000000a5a00000 space 1024K,   0% used [0x00000000a5a00000, 0x00000000a5b00000)
AC   0  F    TS     7 PTAMS 0x00000000a5b00000 NTAMS 0x00000000a5b00000 space 1024K,   0% used [0x00000000a5b00000, 0x00000000a5c00000)
AC   0  F    TS     7 PTAMS 0x00000000a5c00000 NTAMS 0x00000000a5c00000 space 1024K,   0% used [0x00000000a5c00000, 0x00000000a5d00000)
AC   0  F    TS     7 PTAMS 0x00000000a5d00000 NTAMS 0x00000000a5d00000 space 1024K,   0% used [0x00000000a5d00000, 0x00000000a5e00000)
AC   0  F    TS     7 PTAMS 0x00000000a5e00000 NTAMS 0x00000000a5e00000 space 1024K,   0% used [0x00000000a5e00000, 0x00000000a5f00000)
AC   0  F    TS     7 PTAMS 0x00000000a5f00000 NTAMS 0x00000000a5f00000 space 1024K,   0% used [0x00000000a5f00000, 0x00000000a6000000)
AC   0  F    TS     7 PTAMS 0x00000000a6000000 NTAMS 0x00000000a6000000 space 1024K,   0% used [0x00000000a6000000, 0x00000000a6100000)
AC   0  F    TS     7 PTAMS 0x00000000a6100000 NTAMS 0x00000000a6100000 space 1024K,   0% used [0x00000000a6100000, 0x00000000a6200000)
AC   0  F    TS     7 PTAMS 0x00000000a6200000 NTAMS 0x00000000a6200000 space 1024K,   0% used [0x00000000a6200000, 0x00000000a6300000)
AC   0  F    TS     7 PTAMS 0x00000000a6300000 NTAMS 0x00000000a6300000 space 1024K,   0% used [0x00000000a6300000, 0x00000000a6400000)
AC   0  F    TS     7 PTAMS 0x00000000a6400000 NTAMS 0x00000000a6400000 space 1024K,   0% used [0x00000000a6400000, 0x00000000a6500000)
AC   0  F    TS     7 PTAMS 0x00000000a6500000 NTAMS 0x00000000a6500000 space 1024K,   0% used [0x00000000a6500000, 0x00000000a6600000)
AC   0  E    TS     7 PTAMS 0x00000000a6600000 NTAMS 0x00000000a6600000 space 1024K,  88% used [0x00000000a6600000, 0x00000000a6700000)
AC   0  E CS TS     7 PTAMS 0x00000000a6700000 NTAMS 0x00000000a6700000 space 1024K, 100% used [0x00000000a6700000, 0x00000000a6800000)
AC   0  E CS TS     7 PTAMS 0x00000000a6800000 NTAMS 0x00000000a6800000 space 1024K, 100% used [0x00000000a6800000, 0x00000000a6900000)
AC   0  E CS TS     7 PTAMS 0x00000000a6900000 NTAMS 0x00000000a6900000 space 1024K, 100% used [0x00000000a6900000, 0x00000000a6a00000)
AC   0  E CS TS     7 PTAMS 0x00000000a6a00000 NTAMS 0x00000000a6a00000 space 1024K, 100% used [0x00000000a6a00000, 0x00000000a6b00000)
AC   0  E CS TS     7 PTAMS 0x00000000a6b00000 NTAMS 0x00000000a6b00000 space 1024K, 100% used [0x00000000a6b00000, 0x00000000a6c00000)
AC   0  E CS TS     7 PTAMS 0x00000000a6c00000 NTAMS 0x00000000a6c00000 space 1024K, 100% used [0x00000000a6c00000, 0x00000000a6d00000)
AC   0  E CS TS     7 PTAMS 0x00000000a6d00000 NTAMS 0x00000000a6d00000 space 1024K, 100% used [0x00000000a6d00000, 0x00000000a6e00000)
AC   0  E CS TS     7 PTAMS 0x00000000a6e00000 NTAMS 0x00000000a6e00000 space 1024K, 100% used [0x00000000a6e00000, 0x00000000a6f00000)
AC   0  E CS TS     7 PTAMS 0x00000000a6f00000 NTAMS 0x00000000a6f00000 space 1024K, 100% used [0x00000000a6f00000, 0x00000000a7000000)
AC   0  E CS TS     7 PTAMS 0x00000000a7000000 NTAMS 0x00000000a7000000 space 1024K, 100% used [0x00000000a7000000, 0x00000000a7100000)
AC   0  E CS TS     7 PTAMS 0x00000000a7100000 NTAMS 0x00000000a7100000 space 1024K, 100% used [0x00000000a7100000, 0x00000000a7200000)
AC   0  E CS TS     7 PTAMS 0x00000000a7200000 NTAMS 0x00000000a7200000 space 1024K, 100% used [0x00000000a7200000, 0x00000000a7300000)
AC   0  E CS TS     7 PTAMS 0x00000000a7300000 NTAMS 0x00000000a7300000 space 1024K, 100% used [0x00000000a7300000, 0x00000000a7400000)
AC   0  E CS TS     7 PTAMS 0x00000000a7400000 NTAMS 0x00000000a7400000 space 1024K, 100% used [0x00000000a7400000, 0x00000000a7500000)
AC   0  E CS TS     7 PTAMS 0x00000000a7500000 NTAMS 0x00000000a7500000 space 1024K, 100% used [0x00000000a7500000, 0x00000000a7600000)
AC   0  E CS TS     7 PTAMS 0x00000000a7600000 NTAMS 0x00000000a7600000 space 1024K, 100% used [0x00000000a7600000, 0x00000000a7700000)
AC   0  E CS TS     7 PTAMS 0x00000000a7700000 NTAMS 0x00000000a7700000 space 1024K, 100% used [0x00000000a7700000, 0x00000000a7800000)
AC   0  E CS TS     7 PTAMS 0x00000000a7800000 NTAMS 0x00000000a7800000 space 1024K, 100% used [0x00000000a7800000, 0x00000000a7900000)
AC   0  E CS TS     7 PTAMS 0x00000000a7900000 NTAMS 0x00000000a7900000 space 1024K, 100% used [0x00000000a7900000, 0x00000000a7a00000)
AC   0  E CS TS     7 PTAMS 0x00000000a7a00000 NTAMS 0x00000000a7a00000 space 1024K, 100% used [0x00000000a7a00000, 0x00000000a7b00000)
AC   0  E CS TS     7 PTAMS 0x00000000a7b00000 NTAMS 0x00000000a7b00000 space 1024K, 100% used [0x00000000a7b00000, 0x00000000a7c00000)
AC   0  E CS TS     7 PTAMS 0x00000000a7c00000 NTAMS 0x00000000a7c00000 space 1024K, 100% used [0x00000000a7c00000, 0x00000000a7d00000)
AC   0  E CS TS     7 PTAMS 0x00000000a7d00000 NTAMS 0x00000000a7d00000 space 1024K, 100% used [0x00000000a7d00000, 0x00000000a7e00000)
AC   0  E CS TS     7 PTAMS 0x00000000a7e00000 NTAMS 0x00000000a7e00000 space 1024K, 100% used [0x00000000a7e00000, 0x00000000a7f00000)
AC   0  E CS TS     7 PTAMS 0x00000000a7f00000 NTAMS 0x00000000a7f00000 space 1024K, 100% used [0x00000000a7f00000, 0x00000000a8000000)
AC   0  E CS TS     7 PTAMS 0x00000000a8000000 NTAMS 0x00000000a8000000 space 1024K, 100% used [0x00000000a8000000, 0x00000000a8100000)
AC   0  E CS TS     7 PTAMS 0x00000000a8100000 NTAMS 0x00000000a8100000 space 1024K, 100% used [0x00000000a8100000, 0x00000000a8200000)
AC   0  E CS TS     7 PTAMS 0x00000000a8200000 NTAMS 0x00000000a8200000 space 1024K, 100% used [0x00000000a8200000, 0x00000000a8300000)
AC   0  E CS TS     7 PTAMS 0x00000000a8300000 NTAMS 0x00000000a8300000 space 1024K, 100% used [0x00000000a8300000, 0x00000000a8400000)
AC   0  E CS TS     7 PTAMS 0x00000000a8400000 NTAMS 0x00000000a8400000 space 1024K, 100% used [0x00000000a8400000, 0x00000000a8500000)
AC   0  E CS TS     7 PTAMS 0x00000000a8500000 NTAMS 0x00000000a8500000 space 1024K, 100% used [0x00000000a8500000, 0x00000000a8600000)
AC   0  E CS TS     7 PTAMS 0x00000000a8600000 NTAMS 0x00000000a8600000 space 1024K, 100% used [0x00000000a8600000, 0x00000000a8700000)
AC   0  E CS TS     7 PTAMS 0x00000000a8700000 NTAMS 0x00000000a8700000 space 1024K, 100% used [0x00000000a8700000, 0x00000000a8800000)
AC   0  E CS TS     7 PTAMS 0x00000000a8800000 NTAMS 0x00000000a8800000 space 1024K, 100% used [0x00000000a8800000, 0x00000000a8900000)
AC   0  E CS TS     7 PTAMS 0x00000000a8900000 NTAMS 0x00000000a8900000 space 1024K, 100% used [0x00000000a8900000, 0x00000000a8a00000)
AC   0  E CS TS     7 PTAMS 0x00000000a8a00000 NTAMS 0x00000000a8a00000 space 1024K, 100% used [0x00000000a8a00000, 0x00000000a8b00000)
AC   0  E CS TS     7 PTAMS 0x00000000a8b00000 NTAMS 0x00000000a8b00000 space 1024K, 100% used [0x00000000a8b00000, 0x00000000a8c00000)
AC   0  E CS TS     7 PTAMS 0x00000000a8c00000 NTAMS 0x00000000a8c00000 space 1024K, 100% used [0x00000000a8c00000, 0x00000000a8d00000)
AC   0  E CS TS     7 PTAMS 0x00000000a8d00000 NTAMS 0x00000000a8d00000 space 1024K, 100% used [0x00000000a8d00000, 0x00000000a8e00000)
AC   0  E CS TS     7 PTAMS 0x00000000a8e00000 NTAMS 0x00000000a8e00000 space 1024K, 100% used [0x00000000a8e00000, 0x00000000a8f00000)
AC   0  E CS TS     7 PTAMS 0x00000000a8f00000 NTAMS 0x00000000a8f00000 space 1024K, 100% used [0x00000000a8f00000, 0x00000000a9000000)
AC   0  E CS TS     7 PTAMS 0x00000000a9000000 NTAMS 0x00000000a9000000 space 1024K, 100% used [0x00000000a9000000, 0x00000000a9100000)
AC   0  E CS TS     7 PTAMS 0x00000000a9100000 NTAMS 0x00000000a9100000 space 1024K, 100% used [0x00000000a9100000, 0x00000000a9200000)
AC   0  E CS TS     7 PTAMS 0x00000000a9200000 NTAMS 0x00000000a9200000 space 1024K, 100% used [0x00000000a9200000, 0x00000000a9300000)
AC   0  E CS TS     7 PTAMS 0x00000000a9300000 NTAMS 0x00000000a9300000 space 1024K, 100% used [0x00000000a9300000, 0x00000000a9400000)
AC   0  E CS TS     7 PTAMS 0x00000000a9400000 NTAMS 0x00000000a9400000 space 1024K, 100% used [0x00000000a9400000, 0x00000000a9500000)
AC   0  E CS TS     7 PTAMS 0x00000000a9500000 NTAMS 0x00000000a9500000 space 1024K, 100% used [0x00000000a9500000, 0x00000000a9600000)
AC   0  E CS TS     7 PTAMS 0x00000000a9600000 NTAMS 0x00000000a9600000 space 1024K, 100% used [0x00000000a9600000, 0x00000000a9700000)
AC   0  E CS TS     7 PTAMS 0x00000000a9700000 NTAMS 0x00000000a9700000 space 1024K, 100% used [0x00000000a9700000, 0x00000000a9800000)
AC   0  E CS TS     7 PTAMS 0x00000000a9800000 NTAMS 0x00000000a9800000 space 1024K, 100% used [0x00000000a9800000, 0x00000000a9900000)
AC   0  E CS TS     7 PTAMS 0x00000000a9900000 NTAMS 0x00000000a9900000 space 1024K, 100% used [0x00000000a9900000, 0x00000000a9a00000)
AC   0  E CS TS     7 PTAMS 0x00000000a9a00000 NTAMS 0x00000000a9a00000 space 1024K, 100% used [0x00000000a9a00000, 0x00000000a9b00000)
AC   0  E CS TS     7 PTAMS 0x00000000a9b00000 NTAMS 0x00000000a9b00000 space 1024K, 100% used [0x00000000a9b00000, 0x00000000a9c00000)
AC   0  E CS TS     7 PTAMS 0x00000000a9c00000 NTAMS 0x00000000a9c00000 space 1024K, 100% used [0x00000000a9c00000, 0x00000000a9d00000)
AC   0  E CS TS     7 PTAMS 0x00000000a9d00000 NTAMS 0x00000000a9d00000 space 1024K, 100% used [0x00000000a9d00000, 0x00000000a9e00000)
AC   0  E CS TS     7 PTAMS 0x00000000a9e00000 NTAMS 0x00000000a9e00000 space 1024K, 100% used [0x00000000a9e00000, 0x00000000a9f00000)
AC   0  E CS TS     7 PTAMS 0x00000000a9f00000 NTAMS 0x00000000a9f00000 space 1024K, 100% used [0x00000000a9f00000, 0x00000000aa000000)
AC   0  E CS TS     7 PTAMS 0x00000000aa000000 NTAMS 0x00000000aa000000 space 1024K, 100% used [0x00000000aa000000, 0x00000000aa100000)
AC   0  E CS TS     7 PTAMS 0x00000000aa100000 NTAMS 0x00000000aa100000 space 1024K, 100% used [0x00000000aa100000, 0x00000000aa200000)
AC   0  E CS TS     7 PTAMS 0x00000000aa200000 NTAMS 0x00000000aa200000 space 1024K, 100% used [0x00000000aa200000, 0x00000000aa300000)
AC   0  E CS TS     7 PTAMS 0x00000000aa300000 NTAMS 0x00000000aa300000 space 1024K, 100% used [0x00000000aa300000, 0x00000000aa400000)
AC   0  E CS TS     7 PTAMS 0x00000000aa400000 NTAMS 0x00000000aa400000 space 1024K, 100% used [0x00000000aa400000, 0x00000000aa500000)
AC   0  E CS TS     7 PTAMS 0x00000000aa500000 NTAMS 0x00000000aa500000 space 1024K, 100% used [0x00000000aa500000, 0x00000000aa600000)
AC   0  E CS TS     7 PTAMS 0x00000000aa600000 NTAMS 0x00000000aa600000 space 1024K, 100% used [0x00000000aa600000, 0x00000000aa700000)
AC   0  E CS TS     7 PTAMS 0x00000000aa700000 NTAMS 0x00000000aa700000 space 1024K, 100% used [0x00000000aa700000, 0x00000000aa800000)
AC   0  E CS TS     7 PTAMS 0x00000000aa800000 NTAMS 0x00000000aa800000 space 1024K, 100% used [0x00000000aa800000, 0x00000000aa900000)
AC   0  E CS TS     7 PTAMS 0x00000000aa900000 NTAMS 0x00000000aa900000 space 1024K, 100% used [0x00000000aa900000, 0x00000000aaa00000)
AC   0  E CS TS     7 PTAMS 0x00000000aaa00000 NTAMS 0x00000000aaa00000 space 1024K, 100% used [0x00000000aaa00000, 0x00000000aab00000)
AC   0  E CS TS     7 PTAMS 0x00000000aab00000 NTAMS 0x00000000aab00000 space 1024K, 100% used [0x00000000aab00000, 0x00000000aac00000)
AC   0  E CS TS     7 PTAMS 0x00000000aac00000 NTAMS 0x00000000aac00000 space 1024K, 100% used [0x00000000aac00000, 0x00000000aad00000)
AC   0  E CS TS     7 PTAMS 0x00000000aad00000 NTAMS 0x00000000aad00000 space 1024K, 100% used [0x00000000aad00000, 0x00000000aae00000)
AC   0  E CS TS     7 PTAMS 0x00000000aae00000 NTAMS 0x00000000aae00000 space 1024K, 100% used [0x00000000aae00000, 0x00000000aaf00000)
AC   0  E CS TS     7 PTAMS 0x00000000aaf00000 NTAMS 0x00000000aaf00000 space 1024K, 100% used [0x00000000aaf00000, 0x00000000ab000000)
AC   0  E CS TS     7 PTAMS 0x00000000ab000000 NTAMS 0x00000000ab000000 space 1024K, 100% used [0x00000000ab000000, 0x00000000ab100000)
AC   0  E CS TS     7 PTAMS 0x00000000ab100000 NTAMS 0x00000000ab100000 space 1024K, 100% used [0x00000000ab100000, 0x00000000ab200000)
AC   0  E CS TS     7 PTAMS 0x00000000ab200000 NTAMS 0x00000000ab200000 space 1024K, 100% used [0x00000000ab200000, 0x00000000ab300000)
AC   0  E CS TS     7 PTAMS 0x00000000ab300000 NTAMS 0x00000000ab300000 space 1024K, 100% used [0x00000000ab300000, 0x00000000ab400000)
AC   0  E CS TS     7 PTAMS 0x00000000ab400000 NTAMS 0x00000000ab400000 space 1024K, 100% used [0x00000000ab400000, 0x00000000ab500000)
AC   0  E CS TS     7 PTAMS 0x00000000ab500000 NTAMS 0x00000000ab500000 space 1024K, 100% used [0x00000000ab500000, 0x00000000ab600000)
AC   0  E CS TS     7 PTAMS 0x00000000ab600000 NTAMS 0x00000000ab600000 space 1024K, 100% used [0x00000000ab600000, 0x00000000ab700000)
AC   0  E CS TS     7 PTAMS 0x00000000ab700000 NTAMS 0x00000000ab700000 space 1024K, 100% used [0x00000000ab700000, 0x00000000ab800000)
AC   0  E CS TS     7 PTAMS 0x00000000ab800000 NTAMS 0x00000000ab800000 space 1024K, 100% used [0x00000000ab800000, 0x00000000ab900000)
AC   0  E CS TS     7 PTAMS 0x00000000ab900000 NTAMS 0x00000000ab900000 space 1024K, 100% used [0x00000000ab900000, 0x00000000aba00000)
AC   0  E CS TS     7 PTAMS 0x00000000aba00000 NTAMS 0x00000000aba00000 space 1024K, 100% used [0x00000000aba00000, 0x00000000abb00000)
AC   0  E CS TS     7 PTAMS 0x00000000abb00000 NTAMS 0x00000000abb00000 space 1024K, 100% used [0x00000000abb00000, 0x00000000abc00000)
AC   0  E CS TS     7 PTAMS 0x00000000abc00000 NTAMS 0x00000000abc00000 space 1024K, 100% used [0x00000000abc00000, 0x00000000abd00000)
AC   0  E CS TS     7 PTAMS 0x00000000abd00000 NTAMS 0x00000000abd00000 space 1024K, 100% used [0x00000000abd00000, 0x00000000abe00000)
AC   0  E CS TS     7 PTAMS 0x00000000abe00000 NTAMS 0x00000000abe00000 space 1024K, 100% used [0x00000000abe00000, 0x00000000abf00000)
AC   0  E CS TS     7 PTAMS 0x00000000abf00000 NTAMS 0x00000000abf00000 space 1024K, 100% used [0x00000000abf00000, 0x00000000ac000000)
AC   0  E CS TS     7 PTAMS 0x00000000ac000000 NTAMS 0x00000000ac000000 space 1024K, 100% used [0x00000000ac000000, 0x00000000ac100000)
AC   0  E CS TS     7 PTAMS 0x00000000ac100000 NTAMS 0x00000000ac100000 space 1024K, 100% used [0x00000000ac100000, 0x00000000ac200000)
AC   0  E CS TS     7 PTAMS 0x00000000ac200000 NTAMS 0x00000000ac200000 space 1024K, 100% used [0x00000000ac200000, 0x00000000ac300000)
AC   0  E CS TS     7 PTAMS 0x00000000ac300000 NTAMS 0x00000000ac300000 space 1024K, 100% used [0x00000000ac300000, 0x00000000ac400000)
AC   0  E CS TS     7 PTAMS 0x00000000ac400000 NTAMS 0x00000000ac400000 space 1024K, 100% used [0x00000000ac400000, 0x00000000ac500000)
AC   0  E CS TS     7 PTAMS 0x00000000ac500000 NTAMS 0x00000000ac500000 space 1024K, 100% used [0x00000000ac500000, 0x00000000ac600000)
AC   0  E CS TS     7 PTAMS 0x00000000ac600000 NTAMS 0x00000000ac600000 space 1024K, 100% used [0x00000000ac600000, 0x00000000ac700000)
AC   0  E CS TS     7 PTAMS 0x00000000ac700000 NTAMS 0x00000000ac700000 space 1024K, 100% used [0x00000000ac700000, 0x00000000ac800000)
AC   0  E CS TS     7 PTAMS 0x00000000ac800000 NTAMS 0x00000000ac800000 space 1024K, 100% used [0x00000000ac800000, 0x00000000ac900000)
AC   0  E CS TS     7 PTAMS 0x00000000ac900000 NTAMS 0x00000000ac900000 space 1024K, 100% used [0x00000000ac900000, 0x00000000aca00000)
AC   0  E CS TS     7 PTAMS 0x00000000aca00000 NTAMS 0x00000000aca00000 space 1024K, 100% used [0x00000000aca00000, 0x00000000acb00000)
AC   0  E CS TS     7 PTAMS 0x00000000acb00000 NTAMS 0x00000000acb00000 space 1024K, 100% used [0x00000000acb00000, 0x00000000acc00000)
AC   0  E CS TS     7 PTAMS 0x00000000acc00000 NTAMS 0x00000000acc00000 space 1024K, 100% used [0x00000000acc00000, 0x00000000acd00000)
AC   0  E CS TS     7 PTAMS 0x00000000acd00000 NTAMS 0x00000000acd00000 space 1024K, 100% used [0x00000000acd00000, 0x00000000ace00000)
AC   0  E CS TS     7 PTAMS 0x00000000ace00000 NTAMS 0x00000000ace00000 space 1024K, 100% used [0x00000000ace00000, 0x00000000acf00000)
AC   0  E CS TS     7 PTAMS 0x00000000acf00000 NTAMS 0x00000000acf00000 space 1024K, 100% used [0x00000000acf00000, 0x00000000ad000000)
AC   0  E CS TS     7 PTAMS 0x00000000ad000000 NTAMS 0x00000000ad000000 space 1024K, 100% used [0x00000000ad000000, 0x00000000ad100000)
AC   0  E CS TS     7 PTAMS 0x00000000ad100000 NTAMS 0x00000000ad100000 space 1024K, 100% used [0x00000000ad100000, 0x00000000ad200000)
AC   0  E CS TS     7 PTAMS 0x00000000ad200000 NTAMS 0x00000000ad200000 space 1024K, 100% used [0x00000000ad200000, 0x00000000ad300000)
AC   0  E CS TS     7 PTAMS 0x00000000ad300000 NTAMS 0x00000000ad300000 space 1024K, 100% used [0x00000000ad300000, 0x00000000ad400000)
AC   0  E CS TS     7 PTAMS 0x00000000ad400000 NTAMS 0x00000000ad400000 space 1024K, 100% used [0x00000000ad400000, 0x00000000ad500000)
AC   0  E CS TS     7 PTAMS 0x00000000ad500000 NTAMS 0x00000000ad500000 space 1024K, 100% used [0x00000000ad500000, 0x00000000ad600000)
AC   0  E CS TS     7 PTAMS 0x00000000ad600000 NTAMS 0x00000000ad600000 space 1024K, 100% used [0x00000000ad600000, 0x00000000ad700000)
AC   0  E CS TS     7 PTAMS 0x00000000ad700000 NTAMS 0x00000000ad700000 space 1024K, 100% used [0x00000000ad700000, 0x00000000ad800000)
AC   0  E CS TS     7 PTAMS 0x00000000ad800000 NTAMS 0x00000000ad800000 space 1024K, 100% used [0x00000000ad800000, 0x00000000ad900000)
AC   0  E CS TS     7 PTAMS 0x00000000ad900000 NTAMS 0x00000000ad900000 space 1024K, 100% used [0x00000000ad900000, 0x00000000ada00000)
AC   0  E CS TS     7 PTAMS 0x00000000ada00000 NTAMS 0x00000000ada00000 space 1024K, 100% used [0x00000000ada00000, 0x00000000adb00000)
AC   0  E CS TS     7 PTAMS 0x00000000adb00000 NTAMS 0x00000000adb00000 space 1024K, 100% used [0x00000000adb00000, 0x00000000adc00000)
AC   0  E CS TS     7 PTAMS 0x00000000adc00000 NTAMS 0x00000000adc00000 space 1024K, 100% used [0x00000000adc00000, 0x00000000add00000)
AC   0  E CS TS     7 PTAMS 0x00000000add00000 NTAMS 0x00000000add00000 space 1024K, 100% used [0x00000000add00000, 0x00000000ade00000)
AC   0  E CS TS     7 PTAMS 0x00000000ade00000 NTAMS 0x00000000ade00000 space 1024K, 100% used [0x00000000ade00000, 0x00000000adf00000)
AC   0  E CS TS     7 PTAMS 0x00000000adf00000 NTAMS 0x00000000adf00000 space 1024K, 100% used [0x00000000adf00000, 0x00000000ae000000)
AC   0  E CS TS     7 PTAMS 0x00000000ae000000 NTAMS 0x00000000ae000000 space 1024K, 100% used [0x00000000ae000000, 0x00000000ae100000)
AC   0  E CS TS     7 PTAMS 0x00000000ae100000 NTAMS 0x00000000ae100000 space 1024K, 100% used [0x00000000ae100000, 0x00000000ae200000)
AC   0  E CS TS     7 PTAMS 0x00000000ae200000 NTAMS 0x00000000ae200000 space 1024K, 100% used [0x00000000ae200000, 0x00000000ae300000)
AC   0  E CS TS     7 PTAMS 0x00000000ae300000 NTAMS 0x00000000ae300000 space 1024K, 100% used [0x00000000ae300000, 0x00000000ae400000)
AC   0  E CS TS     7 PTAMS 0x00000000ae400000 NTAMS 0x00000000ae400000 space 1024K, 100% used [0x00000000ae400000, 0x00000000ae500000)
AC   0  E CS TS     7 PTAMS 0x00000000ae500000 NTAMS 0x00000000ae500000 space 1024K, 100% used [0x00000000ae500000, 0x00000000ae600000)
AC   0  E CS TS     7 PTAMS 0x00000000ae600000 NTAMS 0x00000000ae600000 space 1024K, 100% used [0x00000000ae600000, 0x00000000ae700000)
AC   0  E CS TS     7 PTAMS 0x00000000ae700000 NTAMS 0x00000000ae700000 space 1024K, 100% used [0x00000000ae700000, 0x00000000ae800000)
AC   0  E CS TS     7 PTAMS 0x00000000ae800000 NTAMS 0x00000000ae800000 space 1024K, 100% used [0x00000000ae800000, 0x00000000ae900000)
AC   0  E CS TS     7 PTAMS 0x00000000ae900000 NTAMS 0x00000000ae900000 space 1024K, 100% used [0x00000000ae900000, 0x00000000aea00000)
AC   0  E CS TS     7 PTAMS 0x00000000aea00000 NTAMS 0x00000000aea00000 space 1024K, 100% used [0x00000000aea00000, 0x00000000aeb00000)
AC   0  E CS TS     7 PTAMS 0x00000000aeb00000 NTAMS 0x00000000aeb00000 space 1024K, 100% used [0x00000000aeb00000, 0x00000000aec00000)
AC   0  E CS TS     7 PTAMS 0x00000000aec00000 NTAMS 0x00000000aec00000 space 1024K, 100% used [0x00000000aec00000, 0x00000000aed00000)
AC   0  E CS TS     7 PTAMS 0x00000000aed00000 NTAMS 0x00000000aed00000 space 1024K, 100% used [0x00000000aed00000, 0x00000000aee00000)
AC   0  E CS TS     7 PTAMS 0x00000000aee00000 NTAMS 0x00000000aee00000 space 1024K, 100% used [0x00000000aee00000, 0x00000000aef00000)
AC   0  E CS TS     7 PTAMS 0x00000000aef00000 NTAMS 0x00000000aef00000 space 1024K, 100% used [0x00000000aef00000, 0x00000000af000000)
AC   0  E CS TS     7 PTAMS 0x00000000af000000 NTAMS 0x00000000af000000 space 1024K, 100% used [0x00000000af000000, 0x00000000af100000)
AC   0  E CS TS     7 PTAMS 0x00000000af100000 NTAMS 0x00000000af100000 space 1024K, 100% used [0x00000000af100000, 0x00000000af200000)
AC   0  E CS TS     7 PTAMS 0x00000000af200000 NTAMS 0x00000000af200000 space 1024K, 100% used [0x00000000af200000, 0x00000000af300000)
AC   0  E CS TS     7 PTAMS 0x00000000af300000 NTAMS 0x00000000af300000 space 1024K, 100% used [0x00000000af300000, 0x00000000af400000)
AC   0  E CS TS     7 PTAMS 0x00000000af400000 NTAMS 0x00000000af400000 space 1024K, 100% used [0x00000000af400000, 0x00000000af500000)
AC   0  E CS TS     7 PTAMS 0x00000000af500000 NTAMS 0x00000000af500000 space 1024K, 100% used [0x00000000af500000, 0x00000000af600000)
AC   0  E CS TS     7 PTAMS 0x00000000af600000 NTAMS 0x00000000af600000 space 1024K, 100% used [0x00000000af600000, 0x00000000af700000)
AC   0  E CS TS     7 PTAMS 0x00000000af700000 NTAMS 0x00000000af700000 space 1024K, 100% used [0x00000000af700000, 0x00000000af800000)
AC   0  E CS TS     7 PTAMS 0x00000000af800000 NTAMS 0x00000000af800000 space 1024K, 100% used [0x00000000af800000, 0x00000000af900000)
AC   0  E CS TS     7 PTAMS 0x00000000af900000 NTAMS 0x00000000af900000 space 1024K, 100% used [0x00000000af900000, 0x00000000afa00000)
AC   0  E CS TS     7 PTAMS 0x00000000afa00000 NTAMS 0x00000000afa00000 space 1024K, 100% used [0x00000000afa00000, 0x00000000afb00000)
AC   0  E CS TS     7 PTAMS 0x00000000afb00000 NTAMS 0x00000000afb00000 space 1024K, 100% used [0x00000000afb00000, 0x00000000afc00000)
AC   0  E CS TS     7 PTAMS 0x00000000afc00000 NTAMS 0x00000000afc00000 space 1024K, 100% used [0x00000000afc00000, 0x00000000afd00000)
AC   0  E CS TS     7 PTAMS 0x00000000afd00000 NTAMS 0x00000000afd00000 space 1024K, 100% used [0x00000000afd00000, 0x00000000afe00000)
AC   0  E CS TS     7 PTAMS 0x00000000afe00000 NTAMS 0x00000000afe00000 space 1024K, 100% used [0x00000000afe00000, 0x00000000aff00000)
AC   0  E CS TS     7 PTAMS 0x00000000aff00000 NTAMS 0x00000000aff00000 space 1024K, 100% used [0x00000000aff00000, 0x00000000b0000000)
AC   0  E CS TS     7 PTAMS 0x00000000b0000000 NTAMS 0x00000000b0000000 space 1024K, 100% used [0x00000000b0000000, 0x00000000b0100000)
AC   0  E CS TS     7 PTAMS 0x00000000b0100000 NTAMS 0x00000000b0100000 space 1024K, 100% used [0x00000000b0100000, 0x00000000b0200000)
AC   0  E CS TS     7 PTAMS 0x00000000b0200000 NTAMS 0x00000000b0200000 space 1024K, 100% used [0x00000000b0200000, 0x00000000b0300000)
AC   0  E CS TS     7 PTAMS 0x00000000b0300000 NTAMS 0x00000000b0300000 space 1024K, 100% used [0x00000000b0300000, 0x00000000b0400000)
AC   0  E CS TS     7 PTAMS 0x00000000b0400000 NTAMS 0x00000000b0400000 space 1024K, 100% used [0x00000000b0400000, 0x00000000b0500000)
AC   0  E CS TS     7 PTAMS 0x00000000b0500000 NTAMS 0x00000000b0500000 space 1024K, 100% used [0x00000000b0500000, 0x00000000b0600000)
AC   0  E CS TS     7 PTAMS 0x00000000b0600000 NTAMS 0x00000000b0600000 space 1024K, 100% used [0x00000000b0600000, 0x00000000b0700000)
AC   0  E CS TS     7 PTAMS 0x00000000b0700000 NTAMS 0x00000000b0700000 space 1024K, 100% used [0x00000000b0700000, 0x00000000b0800000)
AC   0  E CS TS     7 PTAMS 0x00000000b0800000 NTAMS 0x00000000b0800000 space 1024K, 100% used [0x00000000b0800000, 0x00000000b0900000)
AC   0  E CS TS     7 PTAMS 0x00000000b0900000 NTAMS 0x00000000b0900000 space 1024K, 100% used [0x00000000b0900000, 0x00000000b0a00000)
AC   0  E CS TS     7 PTAMS 0x00000000b0a00000 NTAMS 0x00000000b0a00000 space 1024K, 100% used [0x00000000b0a00000, 0x00000000b0b00000)
AC   0  E CS TS     7 PTAMS 0x00000000b0b00000 NTAMS 0x00000000b0b00000 space 1024K, 100% used [0x00000000b0b00000, 0x00000000b0c00000)
AC   0  E CS TS     7 PTAMS 0x00000000b0c00000 NTAMS 0x00000000b0c00000 space 1024K, 100% used [0x00000000b0c00000, 0x00000000b0d00000)
AC   0  E CS TS     7 PTAMS 0x00000000b0d00000 NTAMS 0x00000000b0d00000 space 1024K, 100% used [0x00000000b0d00000, 0x00000000b0e00000)
AC   0  E CS TS     7 PTAMS 0x00000000b0e00000 NTAMS 0x00000000b0e00000 space 1024K, 100% used [0x00000000b0e00000, 0x00000000b0f00000)
AC   0  E CS TS     7 PTAMS 0x00000000b0f00000 NTAMS 0x00000000b0f00000 space 1024K, 100% used [0x00000000b0f00000, 0x00000000b1000000)
AC   0  E CS TS     7 PTAMS 0x00000000b1000000 NTAMS 0x00000000b1000000 space 1024K, 100% used [0x00000000b1000000, 0x00000000b1100000)
AC   0  E CS TS     7 PTAMS 0x00000000b1100000 NTAMS 0x00000000b1100000 space 1024K, 100% used [0x00000000b1100000, 0x00000000b1200000)
AC   0  E CS TS     7 PTAMS 0x00000000b1200000 NTAMS 0x00000000b1200000 space 1024K, 100% used [0x00000000b1200000, 0x00000000b1300000)
AC   0  E CS TS     7 PTAMS 0x00000000b1300000 NTAMS 0x00000000b1300000 space 1024K, 100% used [0x00000000b1300000, 0x00000000b1400000)
AC   0  E CS TS     7 PTAMS 0x00000000b1400000 NTAMS 0x00000000b1400000 space 1024K, 100% used [0x00000000b1400000, 0x00000000b1500000)
AC   0  E CS TS     7 PTAMS 0x00000000b1500000 NTAMS 0x00000000b1500000 space 1024K, 100% used [0x00000000b1500000, 0x00000000b1600000)
AC   0  E CS TS     7 PTAMS 0x00000000b1600000 NTAMS 0x00000000b1600000 space 1024K, 100% used [0x00000000b1600000, 0x00000000b1700000)
AC   0  E CS TS     7 PTAMS 0x00000000b1700000 NTAMS 0x00000000b1700000 space 1024K, 100% used [0x00000000b1700000, 0x00000000b1800000)
AC   0  E CS TS     7 PTAMS 0x00000000b1800000 NTAMS 0x00000000b1800000 space 1024K, 100% used [0x00000000b1800000, 0x00000000b1900000)
AC   0  E CS TS     7 PTAMS 0x00000000b1900000 NTAMS 0x00000000b1900000 space 1024K, 100% used [0x00000000b1900000, 0x00000000b1a00000)
AC   0  E CS TS     7 PTAMS 0x00000000b1a00000 NTAMS 0x00000000b1a00000 space 1024K, 100% used [0x00000000b1a00000, 0x00000000b1b00000)
AC   0  E CS TS     7 PTAMS 0x00000000b1b00000 NTAMS 0x00000000b1b00000 space 1024K, 100% used [0x00000000b1b00000, 0x00000000b1c00000)
AC   0  E CS TS     7 PTAMS 0x00000000b1c00000 NTAMS 0x00000000b1c00000 space 1024K, 100% used [0x00000000b1c00000, 0x00000000b1d00000)
AC   0  E CS TS     7 PTAMS 0x00000000b1d00000 NTAMS 0x00000000b1d00000 space 1024K, 100% used [0x00000000b1d00000, 0x00000000b1e00000)
AC   0  E CS TS     7 PTAMS 0x00000000b1e00000 NTAMS 0x00000000b1e00000 space 1024K, 100% used [0x00000000b1e00000, 0x00000000b1f00000)
AC   0  E CS TS     7 PTAMS 0x00000000b1f00000 NTAMS 0x00000000b1f00000 space 1024K, 100% used [0x00000000b1f00000, 0x00000000b2000000)
AC   0  E CS TS     7 PTAMS 0x00000000b2000000 NTAMS 0x00000000b2000000 space 1024K, 100% used [0x00000000b2000000, 0x00000000b2100000)
AC   0  E CS TS     7 PTAMS 0x00000000b2100000 NTAMS 0x00000000b2100000 space 1024K, 100% used [0x00000000b2100000, 0x00000000b2200000)
AC   0  E CS TS     7 PTAMS 0x00000000b2200000 NTAMS 0x00000000b2200000 space 1024K, 100% used [0x00000000b2200000, 0x00000000b2300000)
AC   0  E CS TS     7 PTAMS 0x00000000b2300000 NTAMS 0x00000000b2300000 space 1024K, 100% used [0x00000000b2300000, 0x00000000b2400000)
AC   0  E CS TS     7 PTAMS 0x00000000b2400000 NTAMS 0x00000000b2400000 space 1024K, 100% used [0x00000000b2400000, 0x00000000b2500000)
AC   0  E CS TS     7 PTAMS 0x00000000b2500000 NTAMS 0x00000000b2500000 space 1024K, 100% used [0x00000000b2500000, 0x00000000b2600000)
AC   0  E CS TS     7 PTAMS 0x00000000b2600000 NTAMS 0x00000000b2600000 space 1024K, 100% used [0x00000000b2600000, 0x00000000b2700000)
AC   0  E CS TS     7 PTAMS 0x00000000b2700000 NTAMS 0x00000000b2700000 space 1024K, 100% used [0x00000000b2700000, 0x00000000b2800000)
AC   0  E CS TS     7 PTAMS 0x00000000b2800000 NTAMS 0x00000000b2800000 space 1024K, 100% used [0x00000000b2800000, 0x00000000b2900000)
AC   0  E CS TS     7 PTAMS 0x00000000b2900000 NTAMS 0x00000000b2900000 space 1024K, 100% used [0x00000000b2900000, 0x00000000b2a00000)
AC   0  E CS TS     7 PTAMS 0x00000000b2a00000 NTAMS 0x00000000b2a00000 space 1024K, 100% used [0x00000000b2a00000, 0x00000000b2b00000)
AC   0  E CS TS     7 PTAMS 0x00000000b2b00000 NTAMS 0x00000000b2b00000 space 1024K, 100% used [0x00000000b2b00000, 0x00000000b2c00000)
AC   0  E CS TS     7 PTAMS 0x00000000b2c00000 NTAMS 0x00000000b2c00000 space 1024K, 100% used [0x00000000b2c00000, 0x00000000b2d00000)
AC   0  E CS TS     7 PTAMS 0x00000000b2d00000 NTAMS 0x00000000b2d00000 space 1024K, 100% used [0x00000000b2d00000, 0x00000000b2e00000)
AC   0  E CS TS     7 PTAMS 0x00000000b2e00000 NTAMS 0x00000000b2e00000 space 1024K, 100% used [0x00000000b2e00000, 0x00000000b2f00000)
AC   0  E CS TS     7 PTAMS 0x00000000b2f00000 NTAMS 0x00000000b2f00000 space 1024K, 100% used [0x00000000b2f00000, 0x00000000b3000000)
AC   0  E CS TS     7 PTAMS 0x00000000b3000000 NTAMS 0x00000000b3000000 space 1024K, 100% used [0x00000000b3000000, 0x00000000b3100000)
AC   0  E CS TS     7 PTAMS 0x00000000b3100000 NTAMS 0x00000000b3100000 space 1024K, 100% used [0x00000000b3100000, 0x00000000b3200000)
AC   0  E CS TS     7 PTAMS 0x00000000b3200000 NTAMS 0x00000000b3200000 space 1024K, 100% used [0x00000000b3200000, 0x00000000b3300000)
AC   0  E CS TS     7 PTAMS 0x00000000b3300000 NTAMS 0x00000000b3300000 space 1024K, 100% used [0x00000000b3300000, 0x00000000b3400000)

Card table byte_map: [0x0000000016000000,0x0000000016400000] byte_map_base: 0x0000000015c00000

Marking Bits (Prev, Next): (CMBitMap*) 0x0000000000d0e910, (CMBitMap*) 0x0000000000d0e8b8
 Prev Bits: [0x0000000018800000, 0x000000001a800000)
 Next Bits: [0x0000000016800000, 0x0000000018800000)

Polling page: 0x0000000002990000

CodeCache: size=245760Kb used=52824Kb max_used=52873Kb free=192935Kb
 bounds [0x0000000003850000, 0x0000000006c50000, 0x0000000012850000]
 total_blobs=15119 nmethods=14133 adapters=892
 compilation: enabled

Compilation events (10 events):
Event: 32.469 Thread 0x000000001e242800 17882       1       org.eclipse.oomph.p2.impl.RequirementImpl::getName (5 bytes)
Event: 32.469 Thread 0x000000001e285800 17883       1       org.eclipse.oomph.p2.impl.RequirementImpl::getVersionRange (5 bytes)
Event: 32.469 Thread 0x000000001e242800 nmethod 17882 0x00000000064a3090 code [0x00000000064a31e0, 0x00000000064a32f8]
Event: 32.469 Thread 0x000000001e285800 nmethod 17883 0x00000000064a2dd0 code [0x00000000064a2f20, 0x00000000064a3038]
Event: 32.471 Thread 0x000000001e1f3800 nmethod 17881 0x0000000003c8e450 code [0x0000000003c8e5a0, 0x0000000003c8e8d8]
Event: 32.477 Thread 0x000000001e235000 17884       3       org.eclipse.emf.common.util.CommonUtil$StringPool$StringsAccessUnit::append (28 bytes)
Event: 32.477 Thread 0x000000001e235000 nmethod 17884 0x00000000069c01d0 code [0x00000000069c03a0, 0x00000000069c09c0]
Event: 32.478 Thread 0x000000001e189000 nmethod 17869 0x0000000005fb6150 code [0x0000000005fb6340, 0x0000000005fb6e10]
Event: 32.478 Thread 0x000000001e23a000 17885       3       java.util.LinkedHashMap$LinkedEntrySet::forEach (67 bytes)
Event: 32.478 Thread 0x000000001e23a000 nmethod 17885 0x0000000005c77650 code [0x0000000005c77800, 0x0000000005c77cf0]

GC Heap History (10 events):
Event: 26.421 GC heap before
{Heap before GC invocations=76 (full 0):
 garbage-first heap   total 262144K, used 188205K [0x0000000080000000, 0x0000000080100800, 0x0000000100000000)
  region size 1024K, 12 young (12288K), 6 survivors (6144K)
 Metaspace       used 118386K, capacity 130454K, committed 130636K, reserved 1161216K
  class space    used 15157K, capacity 18411K, committed 18508K, reserved 1048576K
Event: 26.427 GC heap after
Heap after GC invocations=77 (full 0):
 garbage-first heap   total 262144K, used 161859K [0x0000000080000000, 0x0000000080100800, 0x0000000100000000)
  region size 1024K, 2 young (2048K), 2 survivors (2048K)
 Metaspace       used 118386K, capacity 130454K, committed 130636K, reserved 1161216K
  class space    used 15157K, capacity 18411K, committed 18508K, reserved 1048576K
}
Event: 26.435 GC heap before
{Heap before GC invocations=77 (full 0):
 garbage-first heap   total 262144K, used 172099K [0x0000000080000000, 0x0000000080100800, 0x0000000100000000)
  region size 1024K, 12 young (12288K), 2 survivors (2048K)
 Metaspace       used 118525K, capacity 130702K, committed 130892K, reserved 1161216K
  class space    used 15173K, capacity 18451K, committed 18508K, reserved 1048576K
Event: 26.445 GC heap after
Heap after GC invocations=78 (full 0):
 garbage-first heap   total 524288K, used 165233K [0x0000000080000000, 0x0000000080101000, 0x0000000100000000)
  region size 1024K, 2 young (2048K), 2 survivors (2048K)
 Metaspace       used 118525K, capacity 130702K, committed 130892K, reserved 1161216K
  class space    used 15173K, capacity 18451K, committed 18508K, reserved 1048576K
}
Event: 26.793 GC heap before
{Heap before GC invocations=78 (full 0):
 garbage-first heap   total 524288K, used 451953K [0x0000000080000000, 0x0000000080101000, 0x0000000100000000)
  region size 1024K, 282 young (288768K), 2 survivors (2048K)
 Metaspace       used 121867K, capacity 134058K, committed 134220K, reserved 1165312K
  class space    used 15650K, capacity 18912K, committed 19020K, reserved 1048576K
Event: 26.811 GC heap after
Heap after GC invocations=79 (full 0):
 garbage-first heap   total 839680K, used 192118K [0x0000000080000000, 0x00000000801019a0, 0x0000000100000000)
  region size 1024K, 28 young (28672K), 28 survivors (28672K)
 Metaspace       used 121867K, capacity 134058K, committed 134220K, reserved 1165312K
  class space    used 15650K, capacity 18912K, committed 19020K, reserved 1048576K
}
Event: 27.575 GC heap before
{Heap before GC invocations=79 (full 0):
 garbage-first heap   total 839680K, used 667254K [0x0000000080000000, 0x00000000801019a0, 0x0000000100000000)
  region size 1024K, 492 young (503808K), 28 survivors (28672K)
 Metaspace       used 122899K, capacity 135346K, committed 135500K, reserved 1165312K
  class space    used 15745K, capacity 19013K, committed 19020K, reserved 1048576K
Event: 27.594 GC heap after
Heap after GC invocations=80 (full 0):
 garbage-first heap   total 839680K, used 222954K [0x0000000080000000, 0x00000000801019a0, 0x0000000100000000)
  region size 1024K, 58 young (59392K), 58 survivors (59392K)
 Metaspace       used 122899K, capacity 135346K, committed 135500K, reserved 1165312K
  class space    used 15745K, capacity 19013K, committed 19020K, reserved 1048576K
}
Event: 31.302 GC heap before
{Heap before GC invocations=80 (full 0):
 garbage-first heap   total 839680K, used 667370K [0x0000000080000000, 0x00000000801019a0, 0x0000000100000000)
  region size 1024K, 492 young (503808K), 58 survivors (59392K)
 Metaspace       used 128865K, capacity 141938K, committed 142156K, reserved 1171456K
  class space    used 16530K, capacity 19978K, committed 20044K, reserved 1048576K
Event: 31.317 GC heap after
Heap after GC invocations=81 (full 0):
 garbage-first heap   total 839680K, used 211690K [0x0000000080000000, 0x00000000801019a0, 0x0000000100000000)
  region size 1024K, 47 young (48128K), 47 survivors (48128K)
 Metaspace       used 128865K, capacity 141938K, committed 142156K, reserved 1171456K
  class space    used 16530K, capacity 19978K, committed 20044K, reserved 1048576K
}

Deoptimization events (10 events):
Event: 32.459 Thread 0x00000000218e3800 Uncommon trap: reason=class_check action=maybe_recompile pc=0x0000000003f445c8 method=org.eclipse.emf.common.util.ArrayDelegatingEList.assign([Ljava/lang/Object;ILjava/lang/Object;)Ljava/lang/Object; @ 3
Event: 32.459 Thread 0x00000000218e3800 Uncommon trap: reason=bimorphic action=maybe_recompile pc=0x000000000594bb5c method=org.eclipse.emf.ecore.impl.MinimalEObjectImpl$1ArrayDelegatingAdapterList.didAdd(ILorg/eclipse/emf/common/notify/Adapter;)V @ 5
Event: 32.459 Thread 0x00000000218e3800 Uncommon trap: reason=class_check action=maybe_recompile pc=0x0000000003f445c8 method=org.eclipse.emf.common.util.ArrayDelegatingEList.assign([Ljava/lang/Object;ILjava/lang/Object;)Ljava/lang/Object; @ 3
Event: 32.459 Thread 0x00000000218e3800 Uncommon trap: reason=bimorphic action=maybe_recompile pc=0x000000000594bb5c method=org.eclipse.emf.ecore.impl.MinimalEObjectImpl$1ArrayDelegatingAdapterList.didAdd(ILorg/eclipse/emf/common/notify/Adapter;)V @ 5
Event: 32.459 Thread 0x00000000218e3800 Uncommon trap: reason=class_check action=maybe_recompile pc=0x0000000003f445c8 method=org.eclipse.emf.common.util.ArrayDelegatingEList.assign([Ljava/lang/Object;ILjava/lang/Object;)Ljava/lang/Object; @ 3
Event: 32.459 Thread 0x00000000218e3800 Uncommon trap: reason=bimorphic action=maybe_recompile pc=0x000000000594bb5c method=org.eclipse.emf.ecore.impl.MinimalEObjectImpl$1ArrayDelegatingAdapterList.didAdd(ILorg/eclipse/emf/common/notify/Adapter;)V @ 5
Event: 32.459 Thread 0x00000000218e3800 Uncommon trap: reason=class_check action=maybe_recompile pc=0x0000000003f445c8 method=org.eclipse.emf.common.util.ArrayDelegatingEList.assign([Ljava/lang/Object;ILjava/lang/Object;)Ljava/lang/Object; @ 3
Event: 32.459 Thread 0x00000000218e3800 Uncommon trap: reason=bimorphic action=maybe_recompile pc=0x000000000594bb5c method=org.eclipse.emf.ecore.impl.MinimalEObjectImpl$1ArrayDelegatingAdapterList.didAdd(ILorg/eclipse/emf/common/notify/Adapter;)V @ 5
Event: 32.459 Thread 0x00000000218e3800 Uncommon trap: reason=bimorphic action=maybe_recompile pc=0x0000000006398158 method=org.eclipse.emf.ecore.impl.MinimalEObjectImpl$1ArrayDelegatingAdapterList.didAdd(ILorg/eclipse/emf/common/notify/Adapter;)V @ 5
Event: 32.460 Thread 0x00000000218e3800 Uncommon trap: reason=unstable_if action=reinterpret pc=0x0000000004b48604 method=java.util.AbstractCollection.toArray([Ljava/lang/Object;)[Ljava/lang/Object; @ 56

Classes redefined (0 events):
No events

Internal exceptions (10 events):
Event: 30.529 Thread 0x00000000218ec800 Exception <a 'java/io/IOException'> (0x000000009df14298) thrown at [C:\jenkins\workspace\8-2-build-windows-x64-cygwin-sans-NAS\jdk8u411\893\hotspot\src\share\vm\prims\jni.cpp, line 710]
Event: 30.529 Thread 0x00000000218ec800 Exception <a 'java/io/IOException'> (0x000000009df14760) thrown at [C:\jenkins\workspace\8-2-build-windows-x64-cygwin-sans-NAS\jdk8u411\893\hotspot\src\share\vm\prims\jni.cpp, line 710]
Event: 30.529 Thread 0x00000000218ec800 Exception <a 'java/io/IOException'> (0x000000009df14bf8) thrown at [C:\jenkins\workspace\8-2-build-windows-x64-cygwin-sans-NAS\jdk8u411\893\hotspot\src\share\vm\prims\jni.cpp, line 710]
Event: 31.153 Thread 0x00000000218ec800 Implicit null exception at 0x0000000004a09ad8 to 0x0000000004a09c0d
Event: 31.682 Thread 0x00000000218ec800 Exception <a 'java/lang/reflect/InvocationTargetException'> (0x00000000b15d77c0) thrown at [C:\jenkins\workspace\8-2-build-windows-x64-cygwin-sans-NAS\jdk8u411\893\hotspot\src\share\vm\runtime\reflection.cpp, line 1092]
Event: 31.692 Thread 0x00000000218ec800 Exception <a 'java/io/FileNotFoundException'> (0x00000000b0f11890) thrown at [C:\jenkins\workspace\8-2-build-windows-x64-cygwin-sans-NAS\jdk8u411\893\hotspot\src\share\vm\prims\jni.cpp, line 710]
Event: 31.780 Thread 0x00000000218e4000 Exception <a 'java/lang/reflect/InvocationTargetException'> (0x00000000af7b48d0) thrown at [C:\jenkins\workspace\8-2-build-windows-x64-cygwin-sans-NAS\jdk8u411\893\hotspot\src\share\vm\runtime\reflection.cpp, line 1092]
Event: 31.918 Thread 0x00000000218ec800 Exception <a 'java/lang/reflect/InvocationTargetException'> (0x00000000b034b298) thrown at [C:\jenkins\workspace\8-2-build-windows-x64-cygwin-sans-NAS\jdk8u411\893\hotspot\src\share\vm\runtime\reflection.cpp, line 1092]
Event: 31.918 Thread 0x0000000036f6e800 Exception <a 'java/lang/reflect/InvocationTargetException'> (0x00000000acf03cf8) thrown at [C:\jenkins\workspace\8-2-build-windows-x64-cygwin-sans-NAS\jdk8u411\893\hotspot\src\share\vm\runtime\reflection.cpp, line 1092]
Event: 31.944 Thread 0x0000000036f70000 Implicit null exception at 0x0000000006a42f9b to 0x0000000006a43316

Events (10 events):
Event: 32.459 Thread 0x00000000218e3800 DEOPT UNPACKING pc=0x00000000038958c3 sp=0x000000003461ec68 mode 2
Event: 32.459 Thread 0x00000000218e3800 Uncommon trap: trap_request=0xffffffc6 fr.pc=0x000000000594bb5c
Event: 32.459 Thread 0x00000000218e3800 DEOPT PACKING pc=0x000000000594bb5c sp=0x000000003461ec70
Event: 32.459 Thread 0x00000000218e3800 DEOPT UNPACKING pc=0x00000000038958c3 sp=0x000000003461ebe0 mode 2
Event: 32.459 Thread 0x00000000218e3800 Uncommon trap: trap_request=0xffffffc6 fr.pc=0x0000000006398158
Event: 32.459 Thread 0x00000000218e3800 DEOPT PACKING pc=0x0000000006398158 sp=0x000000003461ec30
Event: 32.459 Thread 0x00000000218e3800 DEOPT UNPACKING pc=0x00000000038958c3 sp=0x000000003461ebd8 mode 2
Event: 32.460 Thread 0x00000000218e3800 Uncommon trap: trap_request=0xffffff65 fr.pc=0x0000000004b48604
Event: 32.460 Thread 0x00000000218e3800 DEOPT PACKING pc=0x0000000004b48604 sp=0x000000003461ebc0
Event: 32.460 Thread 0x00000000218e3800 DEOPT UNPACKING pc=0x00000000038958c3 sp=0x000000003461eb88 mode 2


Dynamic libraries:
0x00007ff7f1f10000 - 0x00007ff7f1f7a000 	C:\eGovFrameDev-3.10.0-64bit\eclipse\eclipse.exe
0x00007ffa90c40000 - 0x00007ffa90ea7000 	C:\WINDOWS\SYSTEM32\ntdll.dll
0x00007ffa8f560000 - 0x00007ffa8f629000 	C:\WINDOWS\System32\KERNEL32.DLL
0x00007ffa8e5c0000 - 0x00007ffa8e9b7000 	C:\WINDOWS\System32\KERNELBASE.dll
0x00007ffa90850000 - 0x00007ffa90a16000 	C:\WINDOWS\System32\USER32.dll
0x00007ffa8dd20000 - 0x00007ffa8dd47000 	C:\WINDOWS\System32\win32u.dll
0x00007ffa8f000000 - 0x00007ffa8f02b000 	C:\WINDOWS\System32\GDI32.dll
0x00007ffa8dbf0000 - 0x00007ffa8dd1c000 	C:\WINDOWS\System32\gdi32full.dll
0x00007ffa8d670000 - 0x00007ffa8d713000 	C:\WINDOWS\System32\msvcp_win.dll
0x00007ffa8daa0000 - 0x00007ffa8dbeb000 	C:\WINDOWS\System32\ucrtbase.dll
0x00007ffa73b70000 - 0x00007ffa73e02000 	C:\WINDOWS\WinSxS\amd64_microsoft.windows.common-controls_6595b64144ccf1df_6.0.26100.8457_none_3e0b2faee331e92d\COMCTL32.dll
0x00007ffa8ff40000 - 0x00007ffa8ffe9000 	C:\WINDOWS\System32\msvcrt.dll
0x00007ffa8e9c0000 - 0x00007ffa8e9f2000 	C:\WINDOWS\System32\IMM32.DLL
0x00007ffa58fa0000 - 0x00007ffa58fc9000 	C:\eGovFrameDev-3.10.0-64bit\eclipse\plugins\org.eclipse.equinox.launcher.win32.win32.x86_64_1.1.1200.v20200508-1552\eclipse_11000.dll
0x00007ffa8ef40000 - 0x00007ffa8eff6000 	C:\WINDOWS\System32\ADVAPI32.dll
0x00007ffa8fe90000 - 0x00007ffa8ff37000 	C:\WINDOWS\System32\sechost.dll
0x00007ffa900b0000 - 0x00007ffa901c8000 	C:\WINDOWS\System32\RPCRT4.dll
0x00007ffa798c0000 - 0x00007ffa798cb000 	C:\WINDOWS\SYSTEM32\VERSION.dll
0x00007ffa88540000 - 0x00007ffa885ea000 	C:\WINDOWS\system32\uxtheme.dll
0x00007ffa8f030000 - 0x00007ffa8f3b3000 	C:\WINDOWS\System32\combase.dll
0x00007ffa90570000 - 0x00007ffa906cc000 	C:\WINDOWS\System32\MSCTF.dll
0x00007ffa58b10000 - 0x00007ffa58bac000 	C:\WINDOWS\system32\IMGSF50Filter_x64.dll
0x00007ffa901f0000 - 0x00007ffa90387000 	C:\WINDOWS\System32\ole32.dll
0x00007ffa8eaa0000 - 0x00007ffa8eaa8000 	C:\WINDOWS\System32\PSAPI.DLL
0x00007ffa90a20000 - 0x00007ffa90a86000 	C:\WINDOWS\System32\SHLWAPI.dll
0x00007ffa8dd50000 - 0x00007ffa8e5bc000 	C:\WINDOWS\System32\Windows.Storage.dll
0x00007ffa8f630000 - 0x00007ffa8fd9e000 	C:\WINDOWS\System32\SHELL32.dll
0x00007ffa589f0000 - 0x00007ffa58aff000 	C:\WINDOWS\SYSTEM32\Opengl32.dll
0x00007ffa5e120000 - 0x00007ffa5e14d000 	C:\WINDOWS\SYSTEM32\GLU32.dll
0x00007ffa887f0000 - 0x00007ffa88835000 	C:\WINDOWS\SYSTEM32\dxcore.dll
0x00007ffa8c400000 - 0x00007ffa8c41b000 	C:\WINDOWS\SYSTEM32\kernel.appcore.dll
0x00007ffa8d870000 - 0x00007ffa8d918000 	C:\WINDOWS\System32\bcryptPrimitives.dll
0x00007ffa8fdb0000 - 0x00007ffa8fe89000 	C:\WINDOWS\System32\OLEAUT32.dll
0x00007ffa7aac0000 - 0x00007ffa7ac06000 	C:\WINDOWS\SYSTEM32\textinputframework.dll
0x00007ffa87fc0000 - 0x00007ffa880e7000 	C:\WINDOWS\SYSTEM32\CoreMessaging.dll
0x00007ffa85330000 - 0x00007ffa85612000 	C:\WINDOWS\SYSTEM32\CoreUIComponents.dll
0x00007ffa851b0000 - 0x00007ffa8531a000 	C:\WINDOWS\SYSTEM32\wintypes.dll
0x00007ffa8cc70000 - 0x00007ffa8cc7c000 	C:\WINDOWS\SYSTEM32\CRYPTBASE.DLL
0x00007ff9ae0f0000 - 0x00007ff9ae9a1000 	C:\Program Files\Java\jre-1.8\bin\server\jvm.dll
0x00007ffa82bf0000 - 0x00007ffa82c26000 	C:\WINDOWS\SYSTEM32\WINMM.dll
0x00007ffa6e060000 - 0x00007ffa6e07e000 	C:\WINDOWS\SYSTEM32\VCRUNTIME140.dll
0x00007ffa5b650000 - 0x00007ffa5b65a000 	C:\WINDOWS\SYSTEM32\WSOCK32.dll
0x00007ffa8f470000 - 0x00007ffa8f4f0000 	C:\WINDOWS\System32\WS2_32.dll
0x00007ffa5e600000 - 0x00007ffa5e610000 	C:\Program Files\Java\jre-1.8\bin\verify.dll
0x00007ffa55e50000 - 0x00007ffa55e7b000 	C:\Program Files\Java\jre-1.8\bin\java.dll
0x00007ffa375a0000 - 0x00007ffa375d4000 	C:\Program Files\Java\jre-1.8\bin\instrument.dll
0x00007ffa55df0000 - 0x00007ffa55e08000 	C:\Program Files\Java\jre-1.8\bin\zip.dll
0x00007ffa90b00000 - 0x00007ffa90bf6000 	C:\WINDOWS\System32\SHCORE.dll
0x00007ffa8d590000 - 0x00007ffa8d5b9000 	C:\WINDOWS\System32\profapi.dll
0x00007ffa55dd0000 - 0x00007ffa55dec000 	C:\Program Files\Java\jre-1.8\bin\net.dll
0x00007ffa8c970000 - 0x00007ffa8c9dc000 	C:\WINDOWS\system32\mswsock.dll
0x00007ffa55db0000 - 0x00007ffa55dc3000 	C:\Program Files\Java\jre-1.8\bin\nio.dll
0x00007ffa8cc50000 - 0x00007ffa8cc6b000 	C:\WINDOWS\SYSTEM32\CRYPTSP.dll
0x00007ffa8c360000 - 0x00007ffa8c399000 	C:\WINDOWS\system32\rsaenh.dll
0x00007ffa8ca20000 - 0x00007ffa8ca53000 	C:\WINDOWS\SYSTEM32\USERENV.dll
0x00007ffa8d560000 - 0x00007ffa8d58a000 	C:\WINDOWS\SYSTEM32\bcrypt.dll
0x00007ffa8be80000 - 0x00007ffa8beb2000 	C:\WINDOWS\SYSTEM32\IPHLPAPI.DLL
0x00007ffa8ea90000 - 0x00007ffa8ea9a000 	C:\WINDOWS\System32\NSI.dll
0x00007ffa85020000 - 0x00007ffa8503d000 	C:\WINDOWS\SYSTEM32\dhcpcsvc6.DLL
0x00007ffa84ff0000 - 0x00007ffa85015000 	C:\WINDOWS\SYSTEM32\dhcpcsvc.DLL
0x00007ffa8bec0000 - 0x00007ffa8bff2000 	C:\WINDOWS\SYSTEM32\DNSAPI.dll
0x00007ffa37270000 - 0x00007ffa37328000 	C:\eGovFrameDev-3.10.0-64bit\eclipse\configuration\org.eclipse.osgi\743\0\.cp\swt-win32-4934r6.dll
0x00007ffa90750000 - 0x00007ffa90840000 	C:\WINDOWS\System32\COMDLG32.dll
0x00007ffa8d920000 - 0x00007ffa8da98000 	C:\WINDOWS\System32\CRYPT32.dll
0x00007ffa68ba0000 - 0x00007ffa68e35000 	C:\WINDOWS\SYSTEM32\WININET.dll
0x00007ffa5ba80000 - 0x00007ffa5bb32000 	C:\WINDOWS\SYSTEM32\WINSPOOL.DRV
0x00007ffa12760000 - 0x00007ffa12779000 	C:\WINDOWS\SYSTEM32\USP10.dll
0x00007ffa85e80000 - 0x00007ffa85f86000 	C:\WINDOWS\SYSTEM32\PROPSYS.dll
0x00007ffa6b770000 - 0x00007ffa6b94d000 	C:\WINDOWS\SYSTEM32\urlmon.dll
0x00007ffa79820000 - 0x00007ffa79828000 	C:\WINDOWS\SYSTEM32\MSIMG32.dll
0x00007ffa8d1b0000 - 0x00007ffa8d201000 	C:\WINDOWS\SYSTEM32\cfgmgr32.dll
0x00007ffa6b4a0000 - 0x00007ffa6b764000 	C:\WINDOWS\SYSTEM32\iertutil.dll
0x00007ffa6e820000 - 0x00007ffa6e849000 	C:\WINDOWS\SYSTEM32\srvcli.dll
0x00007ffa8bd20000 - 0x00007ffa8bd2d000 	C:\WINDOWS\SYSTEM32\netutils.dll
0x00007ffa8fff0000 - 0x00007ffa9009e000 	C:\WINDOWS\System32\clbcatq.dll
0x00007ffa43d90000 - 0x00007ffa43db6000 	C:\eGovFrameDev-3.10.0-64bit\eclipse\configuration\org.eclipse.osgi\743\0\.cp\swt-gdip-win32-4934r6.dll
0x00007ffa6f840000 - 0x00007ffa6fa18000 	C:\WINDOWS\WinSxS\amd64_microsoft.windows.gdiplus_6595b64144ccf1df_1.1.26100.8328_none_6ef30b123dc73046\gdiplus.dll
0x00007ffa86c00000 - 0x00007ffa86e2d000 	C:\WINDOWS\SYSTEM32\WindowsCodecs.dll
0x00007ffa3a130000 - 0x00007ffa3a1e3000 	C:\WINDOWS\SYSTEM32\TextShaping.dll
0x00007ffa66890000 - 0x00007ffa66906000 	C:\WINDOWS\SYSTEM32\oleacc.dll
0x00007ffa566a0000 - 0x00007ffa566e4000 	C:\WINDOWS\system32\mlang.dll
0x0000000180000000 - 0x0000000180012000 	C:\eGovFrameDev-3.10.0-64bit\eclipse\configuration\org.eclipse.osgi\121\0\.cp\os\win32\x86_64\localfile_1_0_0.dll
0x00007ffa767c0000 - 0x00007ffa767db000 	C:\eGovFrameDev-3.10.0-64bit\eclipse\configuration\org.eclipse.osgi\126\0\.cp\os\win32\x86_64\win32refresh.dll
0x00007ffa767a0000 - 0x00007ffa767b1000 	C:\eGovFrameDev-3.10.0-64bit\eclipse\configuration\org.eclipse.osgi\124\0\.cp\jWinHttp-1.0.0.dll
0x00007ffa81c90000 - 0x00007ffa81db9000 	C:\WINDOWS\SYSTEM32\WINHTTP.dll
0x00007ffa3f3f0000 - 0x00007ffa3f44a000 	C:\WINDOWS\system32\dataexchange.dll
0x00007ffa7c970000 - 0x00007ffa7cbbe000 	C:\WINDOWS\system32\twinapi.appcore.dll
0x00007ffa5f410000 - 0x00007ffa5f439000 	C:\WINDOWS\SYSTEM32\edputil.dll
0x00007ffa628e0000 - 0x00007ffa62a58000 	C:\Windows\System32\Windows.System.Launcher.dll
0x00007ffa7a9d0000 - 0x00007ffa7a9ed000 	C:\WINDOWS\SYSTEM32\windows.staterepositorycore.dll
0x00007ffa86e30000 - 0x00007ffa87097000 	C:\WINDOWS\SYSTEM32\DWrite.dll
0x00007ffa53cc0000 - 0x00007ffa53fa6000 	C:\WINDOWS\system32\explorerframe.dll
0x00007ffa8d4d0000 - 0x00007ffa8d52e000 	C:\WINDOWS\SYSTEM32\powrprof.dll
0x00007ffa8d4b0000 - 0x00007ffa8d4c4000 	C:\WINDOWS\SYSTEM32\UMPDC.dll
0x00007ffa643c0000 - 0x00007ffa643e5000 	C:\Program Files\Java\jre-1.8\bin\sunec.dll
0x00007ffa6afa0000 - 0x00007ffa6afb8000 	C:\WINDOWS\system32\napinsp.dll
0x00007ffa6af80000 - 0x00007ffa6af93000 	C:\WINDOWS\System32\winrnr.dll
0x00007ffa6af50000 - 0x00007ffa6af72000 	C:\WINDOWS\system32\nlansp_c.dll
0x00007ffa6af30000 - 0x00007ffa6af46000 	C:\WINDOWS\system32\wshbth.dll
0x00007ffa81f00000 - 0x00007ffa81f0b000 	C:\Windows\System32\rasadhlp.dll
0x00007ffa85650000 - 0x00007ffa856d6000 	C:\WINDOWS\System32\fwpuclnt.dll
0x00007ffa75c90000 - 0x00007ffa75c9e000 	C:\Program Files\Java\jre-1.8\bin\sunmscapi.dll
0x00007ffa8ce70000 - 0x00007ffa8cea0000 	C:\WINDOWS\SYSTEM32\ncrypt.dll
0x00007ffa6f460000 - 0x00007ffa6f46b000 	C:\WINDOWS\SYSTEM32\VCRUNTIME140_1.dll
0x00007ffa8ce20000 - 0x00007ffa8ce5f000 	C:\WINDOWS\SYSTEM32\NTASN1.dll
0x00007ffa8b580000 - 0x00007ffa8b7c2000 	C:\WINDOWS\SYSTEM32\dbghelp.dll

VM Arguments:
jvm_args: -Dfile.encoding=UTF-8 -Dosgi.requiredJavaVersion=1.8 -Dosgi.instance.area.default=@user.home/eclipse-workspace -XX:+UseG1GC -XX:+UseStringDeduplication -Dosgi.requiredJavaVersion=1.8 -Dosgi.dataAreaRequiresExplicitInit=true -Xms256m -Xmx2048m -javaagent:C:\eGovFrameDev-3.10.0-64bit\eclipse\lombok.jar 
java_command: <unknown>
java_class_path (initial): C:\eGovFrameDev-3.10.0-64bit\eclipse\\plugins/org.eclipse.equinox.launcher_1.5.700.v20200207-2156.jar;C:\eGovFrameDev-3.10.0-64bit\eclipse\lombok.jar
Launcher Type: generic

Environment Variables:
PATH=C:/Program Files/Java/jre-1.8/bin/server;C:/Program Files/Java/jre-1.8/bin;C:/Program Files/Java/jre-1.8/lib/amd64;C:\Program Files\Common Files\Oracle\Java\javapath;C:\Program Files (x86)\Common Files\Oracle\Java\java8path;C:\Program Files (x86)\Common Files\Oracle\Java\javapath;C:\WINDOWS\system32;C:\WINDOWS;C:\WINDOWS\System32\Wbem;C:\WINDOWS\System32\WindowsPowerShell\v1.0\;C:\WINDOWS\System32\OpenSSH\;C:\Program Files\Microsoft SQL Server\150\Tools\Binn\;C:\Program Files\dotnet\;C:\Program Files\nodejs\;C:\Program Files\Git\cmd;C:\Java\java-1.8.0-openjdk-1.8.0.332-1.b09.ojdkbuild.windows.x86_64\bin;C:\Program Files\Microsoft SQL Server\170\Tools\Binn\;C:\Program Files\Docker\Docker\resources\bin;C:\Program Files\Microsoft SQL Server\Client SDK\ODBC\170\Tools\Binn\;C:\Users\이근형\AppData\Local\Programs\Python\Python313\Scripts\;C:\Users\이근형\AppData\Local\Programs\Python\Python313\;C:\Users\이근형\AppData\Local\Microsoft\WindowsApps;C:\Users\이근형\AppData\Local\Programs\Microsoft VS Code\bin;C:\Program Files\Java\jdk-17\bin;C:\Program Files\JetBrains\IntelliJ IDEA Community Edition 2025.1.2\bin;;C:\Users\이근형\AppData\Roaming\npm;C:\msys64\ucrt64\bin;C:\Users\이근형\AppData\Local\GitHubDesktop\bin;C:\Users\이근형\.dotnet\tools;C:\eGovFrameDev-3.10.0-64bit\eclipse;
USERNAME=이근형
OS=Windows_NT
PROCESSOR_IDENTIFIER=Intel64 Family 6 Model 186 Stepping 2, GenuineIntel



---------------  S Y S T E M  ---------------

OS: Windows 11 , 64 bit Build 26100 (10.0.26100.8328)

CPU:total 16 (initial active 16) (8 cores per cpu, 2 threads per core) family 6 model 186 stepping 2, cmov, cx8, fxsr, mmx, sse, sse2, sse3, ssse3, sse4.1, sse4.2, popcnt, avx, avx2, aes, clmul, erms, 3dnowpref, lzcnt, ht, tsc, tscinvbit, bmi1, bmi2, adx

Memory: 4k page, physical 16452468k(1399220k free), swap 29035380k(9160k free)

vm_info: Java HotSpot(TM) 64-Bit Server VM (25.411-b09) for windows-amd64 JRE (1.8.0_411-b09), built on Mar 13 2024 07:26:13 by "java_re" with MS VC++ 17.1 (VS2022)

time: Thu Jun  4 13:45:35 2026
timezone: Intel64 Family 6 Model 186 Stepping 2, GenuineIntel
elapsed time: 32.685165 seconds (0d 0h 0m 32s)

